brand,model,year,variant,price_usd,battery_capacity_kwh,range_miles,charging_speed_kw,acceleration_0_60_mph,top_speed_mph,horsepower,torque_nm,drive_type,seating_capacity,body_type,cargo_volume_cubic_ft,weight_kg,safety_rating,autopilot_level,country_of_origin,market_segment,annual_sales_units,customer_rating,warranty_years,price_inr,price_per_kwh_inr,range_per_10k_inr,range_per_kwh,value_score,price_bucket
Volkswagen,ID. Buzz,2023,Performance,104880.8,118.7,400.0,234.5,3.04,195.0,1000.0,895.0,AWD,7,Truck,54.2,2015.0,4,2,Germany,Luxury,202182,4.0,4,8757546.8,73778.83,0.4567,3.3698,45.6749,₹75–100L
Toyota,bZ Compact SUV,2022,Premium,48217.41,58.8,219.0,148.1,5.77,159.0,381.0,360.0,FWD,5,SUV,69.0,1709.0,4,0,Japan,Mid-range,7146,3.56,3,4026153.74,68472.0,0.5439,3.7245,54.3943,₹25–50L
GM/Chevrolet,Bolt EV,2024,Premium,49651.12,58.2,225.0,104.9,6.84,148.0,588.0,516.0,AWD,5,Van,77.0,1533.0,4,1,US,Mid-range,16590,3.7,3,4145868.52,71234.85,0.5427,3.866,54.2709,₹25–50L
Kia,Sportage EV,2024,Long Range,38131.56,102.5,349.0,66.5,4.66,176.0,310.0,327.0,AWD,7,SUV,65.8,1935.0,4,2,South Korea,Mid-range,127201,3.81,3,3183985.26,31063.27,1.0961,3.4049,109.6111,₹25–50L
Tesla,Model 3,2022,Long Range,144079.87,93.9,314.0,298.5,5.64,165.0,1000.0,883.0,RWD,5,SUV,38.3,2229.0,4,2,US,Luxury,196401,3.83,4,12030669.14,128122.14,0.261,3.344,26.1,₹100–150L
Tesla,Model Y,2023,Performance,119590.27,78.3,251.0,334.6,2.84,200.0,947.0,858.0,AWD,5,Hatchback,35.5,1751.0,5,3,US,Luxury,411764,3.67,5,9985787.54,127532.41,0.2514,3.2056,25.1357,₹75–100L
Tesla,Model 3,2024,Premium,128427.66,68.6,222.0,201.9,6.68,149.0,992.0,899.0,RWD,5,Coupe,39.3,1500.0,5,2,US,Luxury,213937,3.54,6,10723709.61,156322.3,0.207,3.2362,20.7018,₹100–150L
Mercedes,EQS,2025,Performance,131074.23,82.7,292.0,202.5,2.99,200.0,764.0,737.0,RWD,7,SUV,61.2,2219.0,4,2,Germany,Luxury,48277,4.11,8,10944698.2,132342.18,0.2668,3.5308,26.6796,₹100–150L
Kia,Niro EV,2021,Premium,80530.57,54.6,184.0,67.5,7.57,137.0,976.0,864.0,AWD,7,Hatchback,36.7,1511.0,3,1,South Korea,Premium,90830,3.11,4,6724302.6,123155.73,0.2736,3.37,27.3634,₹50–75L
GM/Chevrolet,Blazer EV,2025,Base,56944.53,69.9,251.0,117.1,6.68,149.0,703.0,604.0,FWD,7,Van,67.6,1520.0,5,2,US,Mid-range,8761,3.46,5,4754868.26,68023.87,0.5279,3.5908,52.788,₹25–50L
Tesla,Model S,2026,Long Range,134165.81,103.2,347.0,324.4,4.56,187.0,993.0,949.0,AWD,5,Sedan,26.7,1720.0,4,2,US,Luxury,211478,3.78,4,11202845.14,108554.7,0.3097,3.3624,30.9743,₹100–150L
Fisker,Ronin,2025,Standard,88914.19,66.7,232.0,129.5,5.1,173.0,727.0,689.0,AWD,7,Truck,64.7,2536.0,3,2,US,Premium,2408,3.67,5,7424334.86,111309.37,0.3125,3.4783,31.2486,₹50–75L
Mercedes,EQG,2025,Performance,210811.92,93.2,320.0,166.5,2.84,200.0,1000.0,919.0,RWD,7,Hatchback,17.6,1562.0,5,2,Germany,Luxury,56039,3.59,7,17602795.32,188871.19,0.1818,3.4335,18.1789,₹150–200L
BYD,Seagull,2023,Base,16394.33,41.8,158.0,73.9,6.41,155.0,150.0,200.0,FWD,5,Coupe,26.9,1744.0,5,0,China,Budget,224997,3.58,5,1368926.56,32749.44,1.1542,3.7799,115.4189,<₹25L
Tesla,Model 3,2024,Premium,95912.83,49.8,167.0,241.7,7.45,138.0,716.0,627.0,FWD,7,Sedan,15.7,1556.0,4,3,US,Premium,124780,3.56,5,8008721.3,160817.7,0.2085,3.3534,20.8523,₹75–100L
Tesla,Model S,2024,Premium,134964.13,67.4,250.0,343.3,7.46,135.0,992.0,875.0,RWD,5,Van,76.0,1500.0,5,2,US,Luxury,235048,3.81,5,11269504.86,167203.34,0.2218,3.7092,22.1838,₹100–150L
BYD,Atto 3,2024,Standard,64427.02,70.5,265.0,51.0,6.91,138.0,711.0,662.0,RWD,7,Truck,72.2,2756.0,5,1,China,Mid-range,204232,3.52,4,5379656.17,76307.18,0.4926,3.7589,49.2597,₹50–75L
Hyundai,Kona Electric,2024,Premium,63139.95,81.0,275.0,96.7,7.45,141.0,743.0,649.0,RWD,5,Coupe,21.9,1750.0,4,1,South Korea,Mid-range,132242,3.43,5,5272185.82,65088.71,0.5216,3.3951,52.1605,₹50–75L
Volkswagen,ID.4,2024,Long Range,77030.0,88.0,332.0,118.8,4.75,183.0,826.0,707.0,AWD,7,Sedan,38.7,1634.0,4,0,Germany,Premium,238587,3.37,4,6432005.0,73090.97,0.5162,3.7727,51.6169,₹50–75L
BYD,Atto 3,2024,Premium,72336.67,77.9,295.0,60.5,5.5,178.0,800.0,732.0,AWD,5,Van,60.6,1500.0,3,1,China,Premium,168778,3.53,3,6040111.94,77536.74,0.4884,3.7869,48.8402,₹50–75L
Kia,Picanto EV,2025,Premium,106848.2,54.1,193.0,132.7,7.95,135.0,1000.0,855.0,AWD,5,Coupe,26.9,1500.0,4,1,South Korea,Luxury,85618,3.33,5,8921824.7,164913.58,0.2163,3.5675,21.6323,₹75–100L
Tesla,Cybertruck,2023,Base,70531.96,70.5,256.0,281.7,5.5,165.0,507.0,445.0,AWD,7,Truck,72.0,2290.0,5,2,US,Premium,209622,3.6,4,5889418.66,83537.85,0.4347,3.6312,43.4678,₹50–75L
BYD,Yuan Plus,2024,Performance,114839.62,76.6,293.0,185.3,3.42,200.0,1000.0,902.0,RWD,5,SUV,68.0,1978.0,5,0,China,Luxury,229532,3.41,4,9589108.27,125184.18,0.3056,3.8251,30.5555,₹75–100L
Volkswagen,ID.5,2024,Long Range,51142.17,101.7,359.0,99.2,5.15,161.0,493.0,434.0,RWD,5,Coupe,26.9,1500.0,4,0,Germany,Mid-range,203079,3.64,5,4270371.2,41989.88,0.8407,3.53,84.0676,₹25–50L
Volkswagen,ID. Aero,2026,Standard,59824.88,70.9,263.0,63.4,5.9,167.0,618.0,540.0,AWD,5,Sedan,34.8,1781.0,3,0,Germany,Mid-range,293709,3.28,5,4995377.48,70456.66,0.5265,3.7094,52.6487,₹25–50L
Ford,Mustang Mach-E,2025,Performance,96527.54,75.2,286.0,178.0,3.87,188.0,1000.0,924.0,FWD,7,Coupe,38.9,1500.0,3,1,US,Premium,67670,3.6,4,8060049.59,107181.51,0.3548,3.8032,35.4837,₹75–100L
Tesla,Model X,2023,Standard,67772.81,53.3,175.0,320.5,7.79,128.0,501.0,445.0,FWD,5,Sedan,28.7,1539.0,5,2,US,Premium,207968,3.36,6,5659029.64,106173.16,0.3092,3.2833,30.924,₹50–75L
Hyundai,Ioniq 6,2025,Performance,86045.75,96.3,314.0,180.3,3.08,200.0,1000.0,905.0,RWD,7,Hatchback,27.4,1500.0,5,0,South Korea,Premium,124864,3.57,4,7184820.12,74608.72,0.437,3.2606,43.7033,₹50–75L
Kia,EV9,2024,Standard,66876.75,66.7,236.0,96.7,6.02,164.0,754.0,647.0,RWD,5,SUV,66.8,1980.0,4,2,South Korea,Premium,117514,3.53,3,5584208.62,83721.27,0.4226,3.5382,42.262,₹50–75L
Tesla,Model Y,2025,Performance,135780.6,105.2,383.0,344.9,4.02,196.0,997.0,903.0,AWD,5,Truck,69.0,2015.0,5,2,US,Luxury,411097,4.12,5,11337680.1,107772.62,0.3378,3.6407,33.7812,₹100–150L
Kia,Niro EV,2024,Performance,105946.66,79.3,245.0,222.0,3.24,200.0,1000.0,919.0,RWD,7,Coupe,15.9,1701.0,4,1,South Korea,Luxury,147459,3.43,3,8846546.11,111557.96,0.2769,3.0895,27.6944,₹75–100L
Tesla,Model X,2025,Base,110771.86,52.9,177.0,216.7,6.55,151.0,826.0,728.0,AWD,5,SUV,35.7,1959.0,4,2,US,Luxury,179640,3.42,5,9249450.31,174847.83,0.1914,3.3459,19.1363,₹75–100L
Tesla,Cybertruck,2024,Performance,42827.24,89.9,311.0,240.1,2.94,200.0,263.0,241.0,AWD,5,Truck,55.5,2122.0,4,3,US,Mid-range,133489,3.82,5,3576074.54,39778.36,0.8697,3.4594,86.9669,₹25–50L
Toyota,bZ Compact SUV,2020,Long Range,70748.34,94.2,335.0,104.7,5.66,169.0,818.0,760.0,AWD,5,SUV,66.5,2056.0,5,0,Japan,Premium,2261,3.72,4,5907486.39,62712.17,0.5671,3.5563,56.7077,₹50–75L
Fisker,Ronin,2026,Base,50395.94,63.9,243.0,106.1,7.33,147.0,334.0,275.0,FWD,7,Sedan,34.5,1500.0,5,1,US,Mid-range,11950,3.48,4,4208060.99,65853.85,0.5775,3.8028,57.7463,₹25–50L
Ford,E-Transit,2025,Performance,69597.51,106.2,361.0,219.0,3.88,192.0,783.0,728.0,AWD,5,Sedan,38.9,1500.0,5,1,US,Premium,24574,3.79,3,5811392.08,54721.21,0.6212,3.3992,62.1194,₹50–75L
BYD,Leaf 50X,2025,Standard,31434.26,60.6,229.0,98.1,7.69,136.0,285.0,269.0,RWD,5,Hatchback,31.5,1643.0,4,0,China,Budget,242953,3.29,4,2624760.71,43312.88,0.8725,3.7789,87.246,₹25–50L
Tesla,Model X,2023,Base,109503.65,47.9,155.0,304.7,6.19,164.0,825.0,733.0,RWD,5,Van,72.8,1500.0,5,3,US,Luxury,174834,3.59,4,9143554.78,190888.41,0.1695,3.2359,16.9518,₹75–100L
BMW,i7,2025,Performance,156773.89,81.4,266.0,182.2,4.2,190.0,1000.0,908.0,AWD,5,Truck,76.8,2499.0,5,1,Germany,Luxury,58126,3.6,5,13090619.82,160818.43,0.2032,3.2678,20.3199,₹100–150L
Volkswagen,ID.3,2021,Long Range,52966.98,96.8,311.0,134.7,5.8,171.0,460.0,436.0,RWD,5,Coupe,20.6,1853.0,5,0,Germany,Mid-range,232633,3.55,5,4422742.83,45689.49,0.7032,3.2128,70.3184,₹25–50L
Tesla,Cybertruck,2024,Standard,121805.3,58.9,204.0,274.6,5.61,173.0,850.0,776.0,FWD,7,Truck,56.2,2502.0,4,3,US,Luxury,225373,3.75,5,10170742.55,172678.14,0.2006,3.4635,20.0575,₹100–150L
Hyundai,Ioniq 6,2025,Standard,69769.46,63.2,212.0,79.0,7.79,133.0,890.0,734.0,FWD,5,Hatchback,28.1,1500.0,4,0,South Korea,Premium,50147,3.21,4,5825749.91,92179.59,0.3639,3.3544,36.3902,₹50–75L
Tesla,Model X,2024,Long Range,117517.98,101.0,350.0,245.4,4.65,186.0,881.0,810.0,AWD,5,Truck,80.0,2225.0,5,2,US,Luxury,122440,3.96,5,9812751.33,97155.95,0.3567,3.4653,35.6679,₹75–100L
Audi,e-tron GT,2025,Standard,53762.11,52.1,156.0,112.8,6.45,154.0,207.0,200.0,FWD,5,Coupe,17.6,1899.0,4,2,Germany,Mid-range,69650,3.68,7,4489136.18,86163.84,0.3475,2.9942,34.7506,₹25–50L
BYD,Max,2024,Base,24029.61,45.6,153.0,53.1,5.16,177.0,211.0,200.0,FWD,5,Sedan,32.5,1669.0,5,0,China,Budget,157077,3.46,3,2006472.44,44001.59,0.7625,3.3553,76.2532,<₹25L
BMW,i3,2024,Long Range,120387.4,79.4,285.0,134.3,4.2,193.0,1000.0,988.0,RWD,5,Truck,62.9,2464.0,4,2,Germany,Luxury,62864,3.27,8,10052347.9,126603.88,0.2835,3.5894,28.3516,₹100–150L
BYD,Atto 3,2025,Base,26682.38,53.9,199.0,117.3,7.39,137.0,274.0,206.0,FWD,7,Truck,68.8,2367.0,4,0,China,Budget,158602,3.26,3,2227978.73,41335.41,0.8932,3.692,89.3186,<₹25L
Hyundai,Ioniq,2025,Base,45100.09,79.5,257.0,85.6,5.25,174.0,478.0,396.0,AWD,5,Hatchback,39.6,1705.0,4,1,South Korea,Mid-range,128526,3.61,4,3765857.51,47369.28,0.6824,3.2327,68.2447,₹25–50L
Kia,Sportage EV,2023,Standard,77484.79,81.2,284.0,147.7,5.31,169.0,923.0,832.0,FWD,5,SUV,55.4,2017.0,3,1,South Korea,Premium,101678,3.34,4,6469979.96,79679.56,0.439,3.4975,43.895,₹50–75L
Tesla,Model Y,2023,Standard,98108.77,46.5,150.0,338.8,5.21,174.0,760.0,665.0,FWD,5,SUV,44.4,2146.0,5,2,US,Premium,431290,3.33,4,8192082.3,176173.81,0.1831,3.2258,18.3104,₹75–100L
Fisker,Ronin,2020,Performance,143106.79,75.3,272.0,170.3,3.68,197.0,1000.0,935.0,AWD,5,Hatchback,38.4,1705.0,4,1,US,Luxury,18708,3.53,4,11949416.96,158690.8,0.2276,3.6122,22.7626,₹100–150L
Ford,F-150 Lightning,2026,Base,52266.72,73.4,268.0,58.4,7.42,137.0,514.0,472.0,FWD,2,Truck,50.3,2850.0,5,0,US,Mid-range,62843,3.72,3,4364271.12,59458.73,0.6141,3.6512,61.4077,₹25–50L
NIO,ET6,2025,Performance,60624.73,82.4,278.0,174.8,2.63,200.0,476.0,420.0,RWD,7,SUV,48.0,2138.0,4,0,China,Mid-range,8857,3.49,4,5062164.96,61434.04,0.5492,3.3738,54.9172,₹50–75L
Audi,e-tron GT,2025,Base,63332.23,84.4,310.0,92.7,5.62,162.0,284.0,288.0,RWD,7,Coupe,31.7,1565.0,5,1,Germany,Mid-range,62327,3.85,6,5288241.2,62656.89,0.5862,3.673,58.6206,₹50–75L
Kia,Sportage EV,2024,Long Range,95244.75,77.2,262.0,94.4,4.04,194.0,1000.0,842.0,AWD,5,SUV,67.4,2045.0,4,1,South Korea,Premium,76023,3.44,3,7952936.62,103017.31,0.3294,3.3938,32.9438,₹75–100L
Rivian,R3,2024,Base,66816.36,69.9,247.0,118.5,5.33,171.0,150.0,200.0,AWD,5,Sedan,23.9,1757.0,5,0,US,Premium,27456,3.39,6,5579166.06,79816.4,0.4427,3.5336,44.2718,₹50–75L
Tesla,Model X,2025,Base,73015.63,82.4,304.0,275.5,5.58,156.0,528.0,501.0,RWD,7,Truck,62.4,2036.0,5,2,US,Premium,173406,3.75,5,6096805.1,73990.35,0.4986,3.6893,49.8622,₹50–75L
Tesla,Cybertruck,2025,Performance,117415.98,78.1,263.0,215.8,2.94,200.0,927.0,847.0,AWD,5,Truck,61.7,2353.0,5,2,US,Luxury,183531,3.7,5,9804234.33,125534.37,0.2683,3.3675,26.8251,₹75–100L
Tesla,Model 3,2025,Standard,71316.86,73.9,249.0,282.0,6.73,144.0,502.0,509.0,RWD,5,SUV,52.9,2053.0,5,3,US,Premium,242716,3.7,5,5954957.81,80581.3,0.4181,3.3694,41.8139,₹50–75L
BYD,Leaf 50X,2025,Base,59005.52,58.4,200.0,121.5,7.64,137.0,667.0,633.0,RWD,5,Van,76.9,1500.0,5,0,China,Mid-range,127516,3.31,5,4926960.92,84365.77,0.4059,3.4247,40.593,₹25–50L
Volkswagen,ID. Aero,2024,Long Range,42431.05,88.6,306.0,104.2,5.94,166.0,337.0,286.0,AWD,5,Coupe,39.7,1590.0,3,1,Germany,Mid-range,260840,3.53,4,3542992.68,39988.63,0.8637,3.4537,86.3677,₹25–50L
BYD,Dolphin,2024,Performance,30671.06,87.5,303.0,233.1,4.18,190.0,345.0,269.0,AWD,5,Sedan,29.5,1815.0,5,0,China,Budget,201621,3.28,4,2561033.51,29268.95,1.1831,3.4629,118.3116,₹25–50L
Mercedes,EQC,2025,Performance,188302.14,78.5,277.0,225.0,4.32,185.0,1000.0,943.0,RWD,7,Coupe,28.5,1500.0,4,2,Germany,Luxury,43172,4.0,7,15723228.69,200295.91,0.1762,3.5287,17.6172,₹150–200L
Volkswagen,ID.4,2023,Long Range,94330.19,105.4,383.0,105.8,5.17,177.0,1000.0,868.0,FWD,7,Sedan,21.8,1500.0,5,1,Germany,Premium,232451,3.95,3,7876570.86,74730.27,0.4863,3.6338,48.6252,₹75–100L
BYD,Dolphin,2024,Premium,83518.44,77.1,267.0,148.3,7.36,146.0,954.0,884.0,AWD,5,Coupe,21.5,1652.0,3,1,China,Premium,148454,3.28,5,6973789.74,90451.23,0.3829,3.463,38.2862,₹50–75L
Kia,Niro EV,2024,Premium,68436.66,70.0,249.0,131.3,7.12,141.0,790.0,742.0,AWD,5,Coupe,23.0,1556.0,3,0,South Korea,Premium,81219,3.63,3,5714461.11,81635.16,0.4357,3.5571,43.5737,₹50–75L
Tesla,Model Y,2025,Performance,43196.41,111.9,408.0,293.7,4.23,197.0,338.0,357.0,RWD,7,Truck,70.3,2547.0,5,3,US,Mid-range,437912,4.03,5,3606900.24,32233.25,1.1312,3.6461,113.1165,₹25–50L
Ford,Explorer EV,2024,Long Range,66402.61,90.5,334.0,96.1,5.88,162.0,752.0,677.0,RWD,5,Van,67.5,1894.0,5,1,US,Premium,36517,3.69,3,5544617.94,61266.5,0.6024,3.6906,60.2386,₹50–75L
Tesla,Model X,2024,Performance,42932.18,99.0,356.0,209.1,3.87,192.0,227.0,200.0,RWD,7,Hatchback,27.2,1500.0,5,2,US,Mid-range,238196,4.0,5,3584837.03,36210.48,0.9931,3.596,99.3072,₹25–50L
Porsche,Macan Electric,2022,Long Range,101897.93,76.1,254.0,291.0,5.76,163.0,335.0,326.0,AWD,7,Truck,72.1,2679.0,5,0,Germany,Luxury,26972,3.68,7,8508477.15,111806.53,0.2985,3.3377,29.8526,₹75–100L
Ford,E-Transit,2025,Premium,45539.59,55.1,198.0,143.8,5.26,173.0,379.0,335.0,AWD,5,Hatchback,16.4,1785.0,5,0,US,Mid-range,26865,3.0,3,3802555.76,69011.9,0.5207,3.5935,52.0702,₹25–50L
Tesla,Model S,2024,Premium,66707.72,45.8,150.0,301.1,5.19,166.0,486.0,420.0,AWD,5,Van,69.7,1686.0,5,2,US,Premium,187104,3.23,5,5570094.62,121617.79,0.2693,3.2751,26.9295,₹50–75L
Tesla,Model S,2020,Performance,102900.51,74.1,231.0,323.4,2.61,200.0,708.0,567.0,RWD,5,Truck,79.8,2284.0,3,2,US,Luxury,184383,3.8,5,8592192.58,115954.02,0.2688,3.1174,26.8849,₹75–100L
Ford,Explorer EV,2024,Long Range,69723.4,91.5,331.0,118.7,5.32,180.0,792.0,705.0,AWD,7,Truck,72.9,2451.0,5,0,US,Premium,54063,3.64,4,5821903.9,63627.37,0.5685,3.6175,56.8543,₹50–75L
GM/Chevrolet,Bolt EUV,2025,Performance,102049.38,116.6,395.0,163.2,4.21,192.0,1000.0,893.0,AWD,5,Van,72.1,1834.0,4,1,US,Luxury,7957,4.16,5,8521123.23,73079.96,0.4636,3.3877,46.3554,₹75–100L
GM/Chevrolet,Equinox EV,2024,Long Range,78668.52,102.9,368.0,72.1,4.44,179.0,1000.0,916.0,AWD,5,SUV,65.5,2096.0,5,0,US,Premium,14020,3.97,4,6568821.42,63836.94,0.5602,3.5763,56.0222,₹50–75L
Ford,Mustang Mach-E,2024,Standard,79438.2,82.5,299.0,128.6,6.77,149.0,967.0,916.0,RWD,5,Van,80.0,1521.0,5,0,US,Premium,21827,3.81,3,6633089.7,80401.09,0.4508,3.6242,45.077,₹50–75L
Tesla,Model 3,2024,Performance,139025.28,93.4,320.0,293.9,3.06,200.0,995.0,917.0,AWD,5,Coupe,17.8,1500.0,4,2,US,Luxury,220216,4.07,5,11608610.88,124289.2,0.2757,3.4261,27.5657,₹100–150L
Volkswagen,ID.3,2025,Base,38889.44,65.0,231.0,142.7,6.1,160.0,313.0,257.0,FWD,5,Sedan,20.9,1571.0,5,1,Germany,Mid-range,293320,3.41,3,3247268.24,49957.97,0.7114,3.5538,71.1367,₹25–50L
Tesla,Model 3,2025,Performance,169366.43,117.4,416.0,241.6,3.06,200.0,1000.0,931.0,RWD,7,SUV,44.7,1923.0,5,2,US,Luxury,248754,4.09,5,14142096.9,120460.79,0.2942,3.5434,29.4157,₹100–150L
Mercedes,GLE EV,2023,Standard,144581.79,42.8,150.0,146.8,6.34,156.0,852.0,767.0,FWD,7,SUV,57.7,1857.0,4,1,Germany,Luxury,76491,3.42,7,12072579.46,282069.61,0.1242,3.5047,12.4249,₹100–150L
BMW,iX,2023,Premium,86081.93,72.3,247.0,125.7,5.89,166.0,612.0,541.0,AWD,7,Truck,60.3,2745.0,4,2,Germany,Premium,51887,3.42,6,7187841.15,99416.89,0.3436,3.4163,34.3636,₹50–75L
BYD,Max,2026,Performance,101561.3,101.6,329.0,185.5,2.59,200.0,1000.0,906.0,RWD,5,Truck,62.3,2633.0,3,0,China,Luxury,216998,3.69,3,8480368.55,83468.19,0.388,3.2382,38.7955,₹75–100L
Tesla,Cybertruck,2024,Long Range,158925.9,82.5,291.0,310.8,4.06,186.0,1000.0,962.0,AWD,5,Truck,67.0,2567.0,5,3,US,Luxury,138950,3.85,6,13270312.65,160852.27,0.2193,3.5273,21.9286,₹100–150L
BYD,Yuan Plus,2023,Standard,21523.03,42.4,150.0,72.7,6.84,157.0,207.0,200.0,FWD,7,Sedan,16.9,1621.0,4,0,China,Budget,183596,3.23,3,1797173.0,42386.16,0.8346,3.5377,83.4644,<₹25L
BYD,Leaf 50X,2024,Premium,100360.19,50.0,193.0,132.4,6.15,155.0,1000.0,888.0,RWD,5,Van,61.5,1876.0,5,0,China,Luxury,137465,3.1,4,8380075.86,167601.52,0.2303,3.86,23.0308,₹75–100L
GM/Chevrolet,Bolt EUV,2026,Base,63696.78,78.0,262.0,101.2,7.32,136.0,835.0,746.0,FWD,5,Truck,62.1,2581.0,5,0,US,Mid-range,8032,3.56,3,5318681.13,68188.22,0.4926,3.359,49.2603,₹50–75L
BMW,i3,2024,Standard,84405.92,52.5,173.0,105.6,5.09,169.0,612.0,505.0,RWD,5,Truck,57.9,2679.0,3,1,Germany,Premium,42777,3.19,6,7047894.32,134245.61,0.2455,3.2952,24.5463,₹50–75L
Audi,Q6 e-tron,2024,Standard,73910.79,41.9,150.0,94.4,7.68,142.0,431.0,377.0,FWD,5,SUV,53.0,2121.0,4,1,Germany,Premium,36319,3.0,5,6171550.96,147292.39,0.2431,3.58,24.3051,₹50–75L
Hyundai,Ioniq 5,2025,Performance,57904.84,80.5,286.0,194.1,2.76,200.0,704.0,589.0,AWD,7,Sedan,30.1,1792.0,4,2,South Korea,Mid-range,68118,3.73,4,4835054.14,60062.78,0.5915,3.5528,59.1514,₹25–50L
Tesla,Cybertruck,2024,Base,38394.15,47.7,189.0,334.7,5.25,169.0,227.0,200.0,AWD,7,Truck,68.1,2403.0,3,3,US,Mid-range,246203,3.51,4,3205911.52,67209.89,0.5895,3.9623,58.9536,₹25–50L
GM/Chevrolet,Bolt EUV,2026,Standard,71136.28,49.6,171.0,135.8,7.19,142.0,938.0,820.0,FWD,5,Hatchback,39.3,1500.0,5,0,US,Premium,27175,3.31,4,5939879.38,119755.63,0.2879,3.4476,28.7885,₹50–75L
GM/Chevrolet,Blazer EV,2024,Long Range,76560.48,82.9,300.0,143.0,4.19,184.0,1000.0,882.0,RWD,5,Van,75.0,1598.0,4,0,US,Premium,12139,3.5,4,6392800.08,77114.6,0.4693,3.6188,46.9278,₹50–75L
Kia,Niro EV,2023,Premium,92594.29,74.2,257.0,76.8,6.08,158.0,1000.0,874.0,AWD,5,Coupe,23.4,1506.0,5,0,South Korea,Premium,83731,3.6,4,7731623.22,104199.77,0.3324,3.4636,33.2401,₹75–100L
Ford,Mustang Mach-E,2023,Long Range,76072.0,105.6,363.0,104.6,4.21,189.0,891.0,791.0,FWD,5,Hatchback,21.8,1734.0,5,0,US,Premium,48060,4.04,4,6352012.0,60151.63,0.5715,3.4375,57.1472,₹50–75L
Hyundai,Ioniq,2024,Standard,44654.99,65.4,223.0,143.4,7.07,146.0,440.0,435.0,RWD,5,SUV,43.9,1844.0,4,1,South Korea,Mid-range,128091,3.0,4,3728691.66,57013.63,0.5981,3.4098,59.8065,₹25–50L
Hyundai,Ioniq 6,2025,Performance,45837.99,84.4,306.0,182.4,3.82,192.0,416.0,397.0,RWD,5,Sedan,36.2,1557.0,5,0,South Korea,Mid-range,96533,3.3,3,3827472.16,45349.2,0.7995,3.6256,79.9483,₹25–50L
Volkswagen,ID.4,2023,Performance,80921.96,108.9,399.0,199.3,3.77,198.0,878.0,828.0,RWD,5,Hatchback,29.1,1500.0,3,1,Germany,Premium,234095,3.86,5,6756983.66,62047.6,0.5905,3.6639,59.05,₹50–75L
Tesla,Model X,2023,Performance,184745.86,106.3,348.0,325.6,3.73,198.0,1000.0,915.0,RWD,5,Coupe,31.5,1782.0,3,3,US,Luxury,148529,4.29,5,15426279.31,145120.22,0.2256,3.2738,22.5589,₹150–200L
Tesla,Cybertruck,2024,Performance,177944.09,93.0,295.0,334.1,3.79,193.0,1000.0,868.0,RWD,5,Truck,59.7,2270.0,3,3,US,Luxury,234160,3.91,6,14858331.52,159767.01,0.1985,3.172,19.8542,₹100–150L
Tesla,Cybertruck,2024,Base,59967.87,70.0,238.0,220.7,5.24,159.0,393.0,348.0,AWD,7,Truck,63.9,2448.0,4,2,US,Mid-range,228933,3.44,5,5007317.15,71533.1,0.4753,3.4,47.5304,₹50–75L
BMW,iX,2024,Performance,84125.95,98.9,363.0,225.3,4.25,192.0,658.0,592.0,RWD,5,Hatchback,34.2,1588.0,5,1,Germany,Premium,33561,3.47,7,7024516.82,71026.46,0.5168,3.6704,51.6762,₹50–75L
BYD,Qin,2022,Standard,37515.42,52.5,194.0,133.2,7.93,137.0,360.0,323.0,AWD,5,Truck,51.2,2894.0,4,0,China,Mid-range,192045,3.31,5,3132537.57,59667.38,0.6193,3.6952,61.9306,₹25–50L
Hyundai,Kona Electric,2022,Long Range,84513.62,109.9,400.0,83.7,5.88,165.0,1000.0,907.0,RWD,7,Coupe,32.6,1784.0,4,1,South Korea,Premium,95418,3.69,4,7056887.27,64211.9,0.5668,3.6397,56.6822,₹50–75L
Audi,e-tron,2025,Premium,80343.06,66.3,231.0,56.2,6.02,161.0,459.0,414.0,RWD,7,Van,67.1,1500.0,5,1,Germany,Premium,43236,3.38,7,6708645.51,101186.21,0.3443,3.4842,34.4332,₹50–75L
BYD,Leaf 50X,2025,Base,75747.87,69.2,279.0,108.2,6.2,154.0,815.0,722.0,FWD,5,Sedan,30.5,1500.0,3,0,China,Premium,114789,3.65,3,6324947.14,91400.97,0.4411,4.0318,44.111,₹50–75L
Volkswagen,ID.3,2024,Performance,50097.49,98.3,341.0,179.6,2.79,200.0,436.0,358.0,FWD,5,Van,75.1,1780.0,3,0,Germany,Mid-range,263009,3.76,5,4183140.42,42554.84,0.8152,3.469,81.5177,₹25–50L
GM/Chevrolet,Bolt EUV,2024,Premium,43668.28,79.4,284.0,108.1,7.81,120.0,453.0,469.0,RWD,7,Truck,60.3,2572.0,4,1,US,Mid-range,1211,3.34,3,3646301.38,45923.19,0.7789,3.5768,77.8871,₹25–50L
BYD,Qin,2025,Long Range,61700.64,101.3,351.0,69.9,4.53,175.0,649.0,584.0,AWD,7,SUV,62.5,1726.0,5,1,China,Mid-range,190763,4.0,3,5152003.44,50858.87,0.6813,3.465,68.1288,₹50–75L
Tesla,Model 3,2025,Premium,152706.13,77.1,260.0,325.6,6.63,155.0,1000.0,857.0,AWD,5,SUV,42.1,1903.0,4,2,US,Luxury,172494,3.77,5,12750961.86,165382.13,0.2039,3.3722,20.3906,₹100–150L
BYD,Max,2023,Performance,26461.18,71.3,265.0,249.5,2.9,200.0,236.0,202.0,RWD,7,SUV,41.5,2379.0,3,2,China,Budget,226324,3.6,3,2209508.53,30988.9,1.1994,3.7167,119.9362,<₹25L
Tesla,Model 3,2026,Base,36489.36,45.5,150.0,253.7,7.97,131.0,247.0,226.0,AWD,5,Van,65.7,1500.0,3,2,US,Mid-range,214895,3.58,5,3046861.56,66963.99,0.4923,3.2967,49.231,₹25–50L
Rivian,R3,2021,Base,60978.95,84.5,304.0,61.5,6.47,153.0,150.0,200.0,FWD,5,Hatchback,16.8,1500.0,5,2,US,Mid-range,7599,3.41,6,5091742.32,60257.31,0.597,3.5976,59.7045,₹50–75L
Ford,F-150 Lightning,2025,Base,57536.04,73.3,254.0,69.5,7.43,139.0,619.0,529.0,FWD,4,Truck,74.1,2341.0,4,1,US,Mid-range,44164,3.54,4,4804259.34,65542.42,0.5287,3.4652,52.8698,₹25–50L
BMW,i3,2025,Performance,162822.68,70.6,255.0,193.4,2.76,200.0,1000.0,867.0,AWD,7,Truck,62.6,2729.0,5,1,Germany,Luxury,48304,3.22,7,13595693.78,192573.57,0.1876,3.6119,18.7559,₹100–150L
Mercedes,EQG,2023,Long Range,163924.89,83.9,285.0,119.9,4.66,180.0,1000.0,946.0,AWD,5,Coupe,27.2,1540.0,4,1,Germany,Luxury,50822,3.77,6,13687728.32,163143.36,0.2082,3.3969,20.8216,₹100–150L
Ford,F-150 Lightning,2024,Long Range,54997.37,100.7,353.0,144.1,4.35,183.0,523.0,469.0,FWD,2,Truck,60.8,2427.0,5,0,US,Mid-range,49671,3.66,3,4592280.4,45603.58,0.7687,3.5055,76.8681,₹25–50L
Tesla,Model Y,2026,Standard,96644.91,76.4,244.0,238.4,5.98,164.0,684.0,604.0,RWD,5,Sedan,28.9,1500.0,5,2,US,Premium,408778,4.03,4,8069849.98,105626.31,0.3024,3.1937,30.236,₹75–100L
Audi,e-tron,2025,Standard,72972.25,58.0,223.0,129.9,7.8,139.0,409.0,398.0,FWD,7,SUV,63.6,1928.0,5,1,Germany,Premium,23427,3.35,5,6093182.88,105054.88,0.366,3.8448,36.5983,₹50–75L
Kia,Niro EV,2023,Premium,38796.18,49.4,150.0,141.2,5.12,168.0,376.0,343.0,RWD,7,Coupe,38.4,1751.0,5,1,South Korea,Mid-range,146563,3.09,4,3239481.03,65576.54,0.463,3.0364,46.3037,₹25–50L
Ford,Mustang Mach-E,2023,Base,59885.41,65.9,231.0,81.2,6.28,148.0,667.0,623.0,AWD,5,Truck,65.7,2597.0,4,1,US,Mid-range,28589,3.5,4,5000431.74,75879.09,0.462,3.5053,46.196,₹50–75L
Audi,Q6 e-tron,2024,Long Range,130606.12,106.6,385.0,58.2,5.2,169.0,1000.0,873.0,RWD,7,SUV,61.8,2080.0,5,2,Germany,Luxury,39897,3.7,7,10905611.02,102304.04,0.353,3.6116,35.3029,₹100–150L
BYD,Atto 3,2024,Long Range,47823.41,77.2,258.0,118.3,4.47,182.0,535.0,460.0,RWD,7,Coupe,33.5,1500.0,5,0,China,Mid-range,108045,3.61,4,3993254.74,51726.1,0.6461,3.342,64.609,₹25–50L
Tesla,Model S,2023,Performance,65004.86,111.0,405.0,260.3,3.66,200.0,448.0,345.0,RWD,7,Truck,71.3,2744.0,4,3,US,Premium,208805,4.34,4,5427905.81,48900.05,0.7461,3.6486,74.6144,₹50–75L
BYD,Qin,2024,Standard,21712.4,83.3,307.0,77.1,5.75,171.0,190.0,200.0,RWD,5,Van,78.2,1628.0,4,0,China,Budget,169389,3.37,3,1812985.4,21764.53,1.6933,3.6855,169.334,<₹25L
Volkswagen,ID. Aero,2024,Long Range,54335.65,77.6,286.0,91.5,4.84,186.0,485.0,454.0,RWD,7,Sedan,18.4,1630.0,5,0,Germany,Mid-range,284565,3.65,3,4537026.78,58466.84,0.6304,3.6856,63.0369,₹25–50L
Ford,Explorer EV,2024,Base,53737.95,61.5,226.0,78.1,7.47,152.0,555.0,526.0,RWD,7,Sedan,32.6,1500.0,3,1,US,Mid-range,62660,3.28,3,4487118.82,72961.28,0.5037,3.6748,50.3664,₹25–50L
Mercedes,GLE EV,2026,Standard,68994.81,48.5,168.0,130.2,6.02,157.0,287.0,240.0,FWD,7,Van,60.2,1568.0,5,1,Germany,Premium,79213,3.77,7,5761066.64,118784.88,0.2916,3.4639,29.1613,₹50–75L
Tesla,Model Y,2024,Base,105607.38,44.4,150.0,201.0,6.21,163.0,784.0,689.0,FWD,7,Van,79.8,1500.0,4,2,US,Luxury,422392,3.52,5,8818216.23,198608.47,0.1701,3.3784,17.0102,₹75–100L
Hyundai,i30,2025,Performance,97964.98,106.9,392.0,183.9,3.92,192.0,1000.0,914.0,RWD,7,Truck,59.8,2842.0,4,0,South Korea,Premium,98285,3.82,3,8180075.83,76520.82,0.4792,3.667,47.9213,₹75–100L
Volkswagen,ID. Buzz,2025,Standard,60229.21,40.6,150.0,137.8,7.86,145.0,580.0,569.0,FWD,7,SUV,45.9,2260.0,5,1,Germany,Mid-range,215577,3.2,4,5029139.04,123870.42,0.2983,3.6946,29.8262,₹50–75L
BYD,Leaf 50X,2025,Premium,41881.7,82.8,280.0,147.0,7.2,138.0,459.0,427.0,AWD,7,SUV,61.7,2237.0,4,1,China,Mid-range,128802,3.46,3,3497121.95,42235.77,0.8007,3.3816,80.0658,₹25–50L
Tesla,Model 3,2024,Long Range,138760.96,99.4,376.0,338.9,5.24,175.0,1000.0,928.0,FWD,5,Sedan,19.9,1500.0,5,2,US,Luxury,204411,3.95,5,11586540.16,116564.79,0.3245,3.7827,32.4514,₹100–150L
BYD,Atto 3,2025,Long Range,90653.56,81.3,304.0,52.5,5.38,164.0,1000.0,895.0,FWD,5,Van,64.0,1500.0,5,0,China,Premium,227338,3.64,4,7569572.26,93106.67,0.4016,3.7392,40.1608,₹75–100L
NIO,EL8,2022,Base,53544.18,45.0,186.0,121.5,5.72,172.0,279.0,237.0,AWD,7,SUV,40.8,1956.0,4,1,China,Mid-range,10495,3.38,5,4470939.03,99354.2,0.416,4.1333,41.602,₹25–50L
BYD,Dolphin,2025,Long Range,27390.16,86.0,278.0,137.3,4.17,187.0,321.0,285.0,AWD,7,Coupe,19.8,1616.0,4,0,China,Budget,146828,3.67,4,2287078.36,26593.93,1.2155,3.2326,121.5525,<₹25L
Hyundai,Ioniq 5,2025,Long Range,94028.85,102.7,334.0,104.5,4.08,194.0,1000.0,949.0,AWD,5,SUV,55.4,2407.0,4,1,South Korea,Premium,71912,3.59,3,7851408.98,76449.94,0.4254,3.2522,42.5401,₹75–100L
GM/Chevrolet,Bolt EV,2025,Premium,59620.99,44.8,150.0,111.3,7.42,142.0,825.0,763.0,RWD,7,Coupe,20.1,1744.0,5,0,US,Mid-range,21979,3.27,4,4978352.66,111123.94,0.3013,3.3482,30.1304,₹25–50L
Volkswagen,ID. Buzz,2025,Performance,78713.93,85.5,300.0,199.7,2.86,200.0,812.0,761.0,AWD,5,Truck,60.2,2608.0,4,0,Germany,Premium,216549,3.66,4,6572613.15,76872.67,0.4564,3.5088,45.6439,₹50–75L
Fisker,Ocean,2022,Long Range,59484.88,82.4,287.0,106.0,5.72,163.0,389.0,407.0,RWD,7,Hatchback,19.8,1611.0,5,0,US,Mid-range,23860,3.43,5,4966987.48,60278.97,0.5778,3.483,57.7815,₹25–50L
Toyota,bZ4X,2025,Performance,62345.64,105.4,377.0,208.3,2.75,200.0,708.0,618.0,AWD,5,Truck,68.7,2450.0,5,0,Japan,Mid-range,15819,4.18,3,5205860.94,49391.47,0.7242,3.5769,72.4184,₹50–75L
BYD,Dolphin,2023,Performance,33904.31,91.8,310.0,177.7,3.62,200.0,356.0,315.0,RWD,5,Sedan,33.1,1623.0,4,2,China,Budget,106140,3.65,3,2831009.88,30838.89,1.095,3.3769,109.5016,₹25–50L
Hyundai,Kona Electric,2025,Long Range,40497.64,109.0,417.0,73.7,4.97,177.0,340.0,302.0,AWD,7,SUV,41.8,2284.0,3,1,South Korea,Mid-range,61921,3.92,3,3381552.94,31023.42,1.2332,3.8257,123.3161,₹25–50L
BYD,Dolphin,2024,Premium,89340.39,64.6,223.0,111.7,7.58,132.0,1000.0,861.0,AWD,7,Van,67.3,1633.0,5,2,China,Premium,229760,3.35,4,7459922.56,115478.68,0.2989,3.452,29.8931,₹50–75L
BYD,Seagull,2023,Long Range,77902.26,85.2,288.0,67.0,4.19,183.0,837.0,747.0,AWD,5,SUV,54.1,1861.0,5,1,China,Premium,177211,3.38,3,6504838.71,76347.87,0.4427,3.3803,44.2747,₹50–75L
Tesla,Model S,2025,Standard,67489.81,67.1,239.0,339.9,6.73,146.0,480.0,402.0,RWD,5,Coupe,28.4,1692.0,4,2,US,Premium,226745,3.61,5,5635399.14,83985.08,0.4241,3.5618,42.4105,₹50–75L
Kia,Sportage EV,2025,Performance,99993.15,93.7,336.0,154.0,3.15,196.0,1000.0,897.0,RWD,5,SUV,39.6,2114.0,4,1,South Korea,Premium,52100,3.59,3,8349428.02,89108.09,0.4024,3.5859,40.2423,₹75–100L
Hyundai,Ioniq,2024,Base,29445.04,64.2,222.0,133.0,5.4,173.0,180.0,200.0,FWD,7,Hatchback,30.7,1684.0,5,2,South Korea,Budget,53245,3.2,3,2458660.84,38296.9,0.9029,3.4579,90.2931,<₹25L
Tesla,Cybertruck,2024,Long Range,57586.87,108.4,364.0,235.9,5.26,163.0,428.0,397.0,RWD,5,Truck,69.6,2629.0,4,2,US,Mid-range,136381,3.84,4,4808503.65,44358.89,0.757,3.3579,75.6992,₹25–50L
BYD,Dolphin,2023,Standard,50127.13,47.6,150.0,55.7,6.75,140.0,584.0,556.0,FWD,7,Sedan,29.6,1618.0,4,1,China,Mid-range,176192,3.19,4,4185615.36,87933.1,0.3584,3.1513,35.837,₹25–50L
Audi,Q6 e-tron,2024,Standard,112837.91,61.0,222.0,121.7,6.33,144.0,864.0,787.0,FWD,7,Sedan,17.1,1591.0,3,1,Germany,Luxury,45029,3.56,8,9421965.48,154458.45,0.2356,3.6393,23.562,₹75–100L
BYD,Max,2023,Premium,29372.26,77.0,257.0,100.3,7.52,129.0,322.0,336.0,AWD,5,Hatchback,34.5,1500.0,4,0,China,Budget,240988,3.46,4,2452583.71,31851.74,1.0479,3.3377,104.7875,<₹25L
Tesla,Model Y,2024,Base,40219.61,80.1,308.0,347.6,5.15,171.0,274.0,232.0,AWD,5,Coupe,17.0,1547.0,5,2,US,Mid-range,429025,3.73,5,3358337.44,41926.81,0.9171,3.8452,91.712,₹25–50L
Hyundai,i30,2025,Base,51159.74,75.6,278.0,128.5,6.46,153.0,573.0,520.0,AWD,5,Van,79.0,1683.0,5,1,South Korea,Mid-range,89226,3.67,4,4271838.29,56505.8,0.6508,3.6772,65.0774,₹25–50L
Porsche,Taycan,2024,Premium,142936.98,54.2,186.0,345.0,7.83,130.0,677.0,554.0,RWD,5,SUV,67.8,2128.0,5,2,Germany,Luxury,23751,3.87,5,11935237.83,220207.34,0.1558,3.4317,15.5841,₹100–150L
BYD,Qin,2024,Performance,99381.36,80.7,289.0,159.7,2.61,200.0,1000.0,891.0,AWD,5,Truck,68.3,2757.0,4,0,China,Premium,152043,3.48,4,8298343.56,102829.54,0.3483,3.5812,34.8262,₹75–100L
BMW,i3,2024,Premium,109123.19,75.8,284.0,68.8,7.25,136.0,922.0,817.0,AWD,5,Van,68.9,1611.0,5,1,Germany,Luxury,54152,3.63,8,9111786.36,120208.26,0.3117,3.7467,31.1684,₹75–100L
Ford,F-150 Lightning,2026,Standard,51712.72,44.2,150.0,136.7,5.73,160.0,475.0,390.0,RWD,4,Truck,59.7,2391.0,4,0,US,Mid-range,26384,3.09,5,4318012.12,97692.58,0.3474,3.3937,34.7382,₹25–50L
BYD,Seagull,2024,Base,19470.99,82.7,291.0,127.9,6.57,159.0,204.0,201.0,FWD,5,Truck,68.2,2552.0,3,1,China,Budget,210937,3.48,3,1625827.66,19659.34,1.7899,3.5187,178.9858,<₹25L
GM/Chevrolet,Blazer EV,2025,Standard,46970.49,53.9,191.0,61.9,5.21,174.0,476.0,426.0,AWD,7,SUV,45.1,1866.0,4,1,US,Mid-range,6914,3.21,4,3922035.92,72765.04,0.487,3.5436,48.6992,₹25–50L
Volkswagen,ID. Buzz,2025,Long Range,93619.57,83.5,289.0,76.7,5.01,172.0,1000.0,912.0,RWD,5,Sedan,19.6,1697.0,5,1,Germany,Premium,222583,3.38,3,7817234.1,93619.57,0.3697,3.4611,36.9696,₹75–100L
BMW,iX,2025,Long Range,124852.49,85.3,324.0,119.3,5.97,158.0,1000.0,865.0,FWD,7,Sedan,24.9,1872.0,3,1,Germany,Luxury,51096,3.39,7,10425182.92,122217.85,0.3108,3.7984,31.0786,₹100–150L
BMW,i5,2025,Standard,97046.62,60.0,209.0,79.6,7.79,131.0,788.0,683.0,AWD,5,Hatchback,18.3,1510.0,5,2,Germany,Premium,66065,3.41,5,8103392.77,135056.55,0.2579,3.4833,25.7917,₹75–100L
Hyundai,Ioniq,2021,Premium,81529.22,52.0,173.0,132.4,5.26,175.0,1000.0,933.0,AWD,5,Truck,70.7,2400.0,4,0,South Korea,Premium,137712,3.33,4,6807689.87,130917.11,0.2541,3.3269,25.4124,₹50–75L
Tesla,Model 3,2023,Premium,123494.48,79.1,283.0,211.3,5.34,175.0,888.0,781.0,AWD,7,SUV,68.9,2083.0,5,3,US,Luxury,228731,3.4,4,10311789.08,130363.96,0.2744,3.5777,27.4443,₹100–150L
Mercedes,GLE EV,2024,Premium,194076.68,41.1,160.0,133.6,7.92,136.0,1000.0,932.0,RWD,5,Hatchback,39.6,1581.0,3,1,Germany,Luxury,69583,3.65,7,16205402.78,394292.04,0.0987,3.8929,9.8733,₹150–200L
BYD,Qin,2021,Standard,47541.74,75.3,274.0,83.8,7.74,133.0,520.0,490.0,FWD,5,SUV,46.0,2063.0,3,1,China,Mid-range,230454,3.4,5,3969735.29,52718.93,0.6902,3.6388,69.0222,₹25–50L
Tesla,Model S,2022,Long Range,133033.76,83.6,310.0,331.6,4.49,181.0,932.0,846.0,AWD,7,Coupe,34.0,1500.0,5,2,US,Luxury,213496,3.81,5,11108318.96,132874.63,0.2791,3.7081,27.907,₹100–150L
Tesla,Model X,2023,Premium,41055.46,66.5,234.0,322.9,5.98,157.0,305.0,223.0,AWD,5,Truck,57.8,2601.0,5,3,US,Mid-range,203412,3.84,4,3428130.91,51550.84,0.6826,3.5188,68.2588,₹25–50L
Kia,EV6,2022,Base,59652.7,67.9,238.0,84.3,5.99,156.0,588.0,557.0,RWD,5,SUV,64.2,1917.0,5,0,South Korea,Mid-range,145797,3.55,3,4981000.45,73357.89,0.4778,3.5052,47.7816,₹25–50L
BMW,i4,2023,Long Range,76874.69,96.7,338.0,51.5,5.84,159.0,528.0,453.0,AWD,7,Sedan,23.8,1596.0,5,2,Germany,Premium,29925,3.89,5,6419036.62,66380.94,0.5266,3.4953,52.6559,₹50–75L
Tesla,Model Y,2024,Standard,31623.12,77.5,246.0,331.8,5.59,165.0,161.0,200.0,FWD,7,Hatchback,28.0,1500.0,5,2,US,Budget,457458,3.75,5,2640530.52,34071.36,0.9316,3.1742,93.1631,₹25–50L
Hyundai,Kona Electric,2025,Long Range,43168.2,97.5,334.0,115.6,5.07,179.0,444.0,434.0,FWD,5,Van,63.4,1663.0,4,0,South Korea,Mid-range,84174,3.27,3,3604544.7,36969.69,0.9266,3.4256,92.6608,₹25–50L
BYD,Leaf 50X,2024,Base,77144.36,70.9,259.0,60.7,7.34,137.0,850.0,788.0,FWD,5,Hatchback,22.8,1656.0,4,0,China,Premium,140199,3.58,5,6441554.06,90854.08,0.4021,3.653,40.2077,₹50–75L
BMW,i5,2023,Base,58951.66,72.4,252.0,112.7,5.44,167.0,253.0,248.0,FWD,5,Van,63.5,1615.0,5,1,Germany,Mid-range,20422,3.39,8,4922463.61,67989.83,0.5119,3.4807,51.1939,₹25–50L
Tesla,Cybertruck,2023,Base,113861.27,81.2,306.0,220.4,7.93,131.0,809.0,719.0,AWD,7,Truck,61.3,2449.0,5,2,US,Luxury,162424,3.82,4,9507416.04,117086.4,0.3219,3.7685,32.1854,₹75–100L
GM/Chevrolet,Blazer EV,2022,Base,24572.41,46.5,182.0,128.7,5.73,168.0,150.0,200.0,AWD,7,Truck,60.8,2500.0,4,1,US,Budget,9346,3.53,3,2051796.24,44124.65,0.887,3.914,88.7028,<₹25L
Volkswagen,ID.4,2025,Premium,67323.21,57.6,187.0,141.0,5.46,172.0,684.0,618.0,RWD,5,Van,64.2,1500.0,5,0,Germany,Premium,295974,3.47,5,5621488.04,97595.28,0.3327,3.2465,33.2652,₹50–75L
NIO,ET6,2025,Long Range,108463.22,80.0,263.0,101.8,4.01,200.0,1000.0,882.0,FWD,7,SUV,41.2,1856.0,3,1,China,Luxury,18130,3.2,4,9056678.87,113208.49,0.2904,3.2875,29.0393,₹75–100L
Tesla,Model X,2025,Base,71274.6,49.2,150.0,349.3,6.44,160.0,586.0,509.0,RWD,7,Van,60.0,1837.0,5,2,US,Premium,132658,3.6,4,5951429.1,120964.01,0.252,3.0488,25.204,₹50–75L
BYD,Leaf 50X,2024,Standard,55111.29,68.4,223.0,87.6,5.3,171.0,566.0,572.0,RWD,5,Hatchback,25.2,1630.0,4,1,China,Mid-range,112631,3.46,5,4601792.72,67277.67,0.4846,3.2602,48.4594,₹25–50L
Tesla,Model 3,2025,Standard,132101.43,47.9,150.0,307.6,7.33,144.0,997.0,944.0,RWD,5,SUV,35.9,1751.0,5,3,US,Luxury,220080,3.43,6,11030469.4,230281.2,0.136,3.1315,13.5987,₹100–150L
Rivian,R3,2023,Performance,104608.91,116.3,395.0,220.2,3.1,200.0,1000.0,932.0,RWD,7,Sedan,15.8,1647.0,5,1,US,Luxury,4453,3.72,4,8734843.98,75106.14,0.4522,3.3964,45.2212,₹75–100L
Audi,e-tron GT,2026,Performance,126813.57,114.9,393.0,230.5,4.2,190.0,1000.0,899.0,AWD,5,Sedan,21.8,1634.0,5,1,Germany,Luxury,35466,3.84,7,10588933.1,92157.82,0.3711,3.4204,37.1142,₹100–150L
BYD,Atto 3,2026,Premium,102365.27,40.6,150.0,99.9,5.22,182.0,1000.0,960.0,RWD,5,Sedan,35.5,1770.0,4,1,China,Luxury,112568,3.22,4,8547500.04,210529.56,0.1755,3.6946,17.549,₹75–100L
BMW,i5,2025,Premium,71335.77,45.4,168.0,70.7,7.21,143.0,436.0,426.0,RWD,7,Hatchback,25.4,1688.0,4,2,Germany,Premium,26069,3.19,7,5956536.8,131201.25,0.282,3.7004,28.2043,₹50–75L
Ford,E-Transit,2026,Performance,52666.03,83.7,310.0,230.2,3.27,197.0,496.0,444.0,AWD,5,SUV,59.5,1927.0,5,1,US,Mid-range,76169,3.67,4,4397613.5,52540.19,0.7049,3.7037,70.4928,₹25–50L
Kia,EV9,2024,Premium,65472.17,78.2,224.0,99.0,7.54,133.0,716.0,680.0,AWD,5,SUV,55.0,2132.0,4,0,South Korea,Premium,60682,3.3,3,5466926.2,69909.54,0.4097,2.8645,40.9737,₹50–75L
Hyundai,i30,2022,Standard,35583.1,60.1,220.0,137.7,5.87,157.0,272.0,230.0,FWD,5,Sedan,19.6,1500.0,5,0,South Korea,Mid-range,116403,3.38,3,2971188.85,49437.42,0.7404,3.6606,74.0444,₹25–50L
BYD,Dolphin,2025,Base,62107.84,82.5,291.0,96.3,7.45,142.0,648.0,600.0,RWD,5,Truck,77.2,2468.0,4,0,China,Mid-range,129397,3.55,5,5186004.64,62860.66,0.5611,3.5273,56.1126,₹50–75L
Tesla,Model S,2024,Performance,119857.21,83.5,307.0,348.4,3.03,200.0,861.0,780.0,AWD,5,Truck,74.1,2510.0,4,2,US,Luxury,142701,4.14,5,10008077.04,119857.21,0.3068,3.6766,30.6752,₹100–150L
Audi,e-tron GT,2025,Long Range,70111.18,75.6,262.0,143.3,5.27,166.0,375.0,380.0,FWD,5,Coupe,18.0,1548.0,3,1,Germany,Premium,79614,3.53,5,5854283.53,77437.61,0.4475,3.4656,44.7536,₹50–75L
Audi,Q6 e-tron,2025,Premium,138510.75,62.7,204.0,124.6,7.99,133.0,1000.0,963.0,RWD,5,Coupe,37.2,1588.0,4,1,Germany,Luxury,58972,3.24,6,11565647.62,184460.09,0.1764,3.2536,17.6384,₹100–150L
BMW,iX,2023,Base,90267.93,63.0,260.0,67.1,5.59,172.0,713.0,591.0,AWD,5,Hatchback,24.7,1500.0,4,1,Germany,Premium,26056,3.46,5,7537372.15,119640.83,0.3449,4.127,34.4948,₹75–100L
BYD,Max,2020,Base,67729.77,44.2,157.0,50.1,7.68,137.0,692.0,628.0,RWD,7,Truck,60.1,2386.0,4,0,China,Premium,160145,3.2,4,5655435.8,127951.04,0.2776,3.552,27.7609,₹50–75L
BYD,Yuan Plus,2022,Standard,27939.32,56.5,182.0,129.8,7.12,141.0,254.0,200.0,AWD,7,SUV,68.5,1964.0,5,0,China,Budget,100593,3.2,4,2332933.22,41290.85,0.7801,3.2212,78.0134,<₹25L
GM/Chevrolet,Bolt EUV,2026,Long Range,70455.09,97.8,367.0,125.7,5.21,173.0,972.0,860.0,RWD,5,Truck,76.8,2305.0,4,0,US,Premium,1598,3.6,5,5883000.02,60153.37,0.6238,3.7526,62.3831,₹50–75L
Audi,e-tron GT,2025,Base,104530.78,61.3,194.0,96.2,7.71,135.0,795.0,707.0,RWD,7,SUV,50.8,2104.0,5,2,Germany,Luxury,52472,3.51,8,8728320.13,142386.95,0.2223,3.1648,22.2265,₹75–100L
Audi,Q6 e-tron,2025,Long Range,97248.51,90.6,304.0,80.3,5.49,168.0,720.0,612.0,RWD,5,Van,75.7,1500.0,5,1,Germany,Premium,46587,3.19,6,8120250.58,89627.49,0.3744,3.3554,37.4373,₹75–100L
Ford,Explorer EV,2024,Performance,105603.42,114.4,427.0,181.6,3.18,200.0,1000.0,860.0,AWD,5,Van,72.4,2052.0,4,0,US,Luxury,31600,4.03,5,8817885.57,77079.42,0.4842,3.7325,48.4243,₹75–100L
BMW,iX,2025,Standard,55554.9,41.7,151.0,100.9,5.73,173.0,203.0,200.0,AWD,5,Van,73.3,1646.0,5,2,Germany,Mid-range,69514,3.1,8,4638834.15,111243.03,0.3255,3.6211,32.5513,₹25–50L
Tesla,Cybertruck,2026,Base,50614.31,85.0,304.0,267.0,6.34,152.0,315.0,263.0,RWD,7,Truck,66.2,2227.0,5,2,US,Mid-range,175527,4.02,4,4226294.88,49721.12,0.7193,3.5765,71.9306,₹25–50L
Tesla,Model Y,2025,Base,42292.45,67.3,240.0,307.7,6.74,159.0,313.0,323.0,RWD,7,Truck,79.8,2648.0,4,2,US,Mid-range,472726,3.66,5,3531419.58,52472.8,0.6796,3.5661,67.9613,₹25–50L
Audi,Q4 e-tron,2026,Long Range,94110.46,90.4,323.0,138.2,4.41,188.0,644.0,602.0,FWD,5,Sedan,33.7,1508.0,4,1,Germany,Premium,38660,3.57,8,7858223.41,86927.25,0.411,3.573,41.1034,₹75–100L
Kia,EV9,2025,Standard,77483.58,46.2,176.0,60.3,7.19,133.0,950.0,840.0,FWD,5,SUV,60.7,1989.0,3,1,South Korea,Premium,116585,3.02,4,6469878.93,140040.67,0.272,3.8095,27.203,₹50–75L
Tesla,Model Y,2022,Long Range,112382.86,81.9,270.0,243.2,5.21,182.0,816.0,719.0,FWD,5,Coupe,25.1,1583.0,4,2,US,Luxury,494879,3.77,4,9383968.81,114578.37,0.2877,3.2967,28.7725,₹75–100L
Tesla,Model X,2025,Premium,112066.22,43.2,167.0,297.1,7.91,134.0,825.0,749.0,FWD,5,Van,75.0,1720.0,4,2,US,Luxury,245565,3.75,4,9357529.37,216609.48,0.1785,3.8657,17.8466,₹75–100L
BMW,i7,2024,Long Range,93724.2,100.0,326.0,91.1,4.44,188.0,725.0,651.0,AWD,7,Van,72.2,1614.0,4,1,Germany,Premium,36760,3.63,6,7825970.7,78259.71,0.4166,3.26,41.6562,₹75–100L
Tesla,Cybertruck,2021,Base,98646.08,76.0,242.0,326.8,7.18,143.0,690.0,602.0,RWD,5,Truck,52.0,2415.0,5,2,US,Premium,235244,3.9,6,8236947.68,108380.89,0.2938,3.1842,29.3798,₹75–100L
Tesla,Cybertruck,2023,Base,46210.19,70.1,244.0,291.0,5.57,171.0,310.0,227.0,AWD,5,Truck,65.1,2463.0,4,2,US,Mid-range,187848,3.58,4,3858550.86,55043.52,0.6324,3.4807,63.2362,₹25–50L
Kia,EV6,2021,Long Range,66633.95,75.1,272.0,109.4,5.22,170.0,795.0,688.0,AWD,7,Coupe,29.0,1500.0,5,0,South Korea,Premium,57850,3.25,5,5563934.82,74087.01,0.4889,3.6218,48.8863,₹50–75L
GM/Chevrolet,Silverado EV,2026,Performance,65284.93,116.3,439.0,241.3,4.25,186.0,776.0,701.0,AWD,7,Coupe,19.8,1566.0,4,0,US,Premium,25704,4.19,4,5451291.66,46872.67,0.8053,3.7747,80.5314,₹50–75L
BMW,i3,2023,Premium,137951.81,60.1,220.0,71.2,6.56,152.0,1000.0,895.0,RWD,7,Hatchback,22.7,1654.0,4,1,Germany,Luxury,26110,3.46,7,11518976.14,191663.5,0.191,3.6606,19.0989,₹100–150L
BYD,Seagull,2024,Standard,32276.7,53.8,220.0,127.9,7.3,142.0,314.0,266.0,RWD,5,Hatchback,18.5,1646.0,5,0,China,Budget,236029,3.7,4,2695104.45,50094.88,0.8163,4.0892,81.6295,₹25–50L
GM/Chevrolet,Bolt EV,2024,Standard,61070.92,75.7,280.0,76.8,6.23,156.0,808.0,740.0,AWD,7,Hatchback,25.2,1883.0,5,0,US,Mid-range,2434,3.31,4,5099421.82,67363.56,0.5491,3.6988,54.9082,₹50–75L
BYD,Seagull,2025,Base,67469.58,57.5,191.0,57.3,7.8,138.0,780.0,688.0,AWD,7,Hatchback,21.2,1654.0,4,1,China,Premium,179136,3.46,4,5633709.93,97977.56,0.339,3.3217,33.9031,₹50–75L
BYD,Seagull,2025,Long Range,48990.53,99.3,357.0,57.3,5.58,156.0,540.0,454.0,RWD,5,SUV,58.2,2202.0,4,1,China,Mid-range,211809,3.67,4,4090709.26,41195.46,0.8727,3.5952,87.2709,₹25–50L
GM/Chevrolet,Bolt EV,2024,Base,56305.37,52.0,170.0,83.9,6.49,149.0,652.0,577.0,AWD,5,Van,61.8,1500.0,4,1,US,Mid-range,2728,3.2,5,4701498.4,90413.43,0.3616,3.2692,36.1587,₹25–50L
BMW,i5,2021,Standard,94181.96,40.8,160.0,97.4,5.01,176.0,738.0,659.0,AWD,7,Coupe,38.6,1626.0,5,1,Germany,Premium,79673,3.08,7,7864193.66,192749.84,0.2035,3.9216,20.3454,₹75–100L
Mercedes,GLE EV,2025,Long Range,122338.76,85.1,270.0,58.6,4.0,193.0,741.0,661.0,FWD,7,Hatchback,16.6,1843.0,3,2,Germany,Luxury,52641,4.06,7,10215286.46,120038.62,0.2643,3.1727,26.431,₹100–150L
BMW,i3,2023,Standard,67705.12,63.0,239.0,65.7,5.05,176.0,410.0,318.0,AWD,5,Coupe,27.6,1770.0,5,2,Germany,Premium,68305,3.3,8,5653377.52,89736.15,0.4228,3.7937,42.2756,₹50–75L
Kia,EV6,2024,Standard,44920.54,57.9,198.0,78.6,7.88,122.0,391.0,344.0,FWD,5,Truck,68.8,2615.0,5,1,South Korea,Mid-range,145791,3.0,5,3750865.09,64781.78,0.5279,3.4197,52.7878,₹25–50L
Tesla,Cybertruck,2024,Premium,47891.48,42.5,164.0,276.3,5.16,175.0,346.0,313.0,FWD,7,Truck,74.0,2335.0,3,2,US,Mid-range,118665,3.65,6,3998938.58,94092.67,0.4101,3.8588,41.0109,₹25–50L
Volkswagen,ID.5,2022,Premium,62108.39,82.1,268.0,60.6,7.01,137.0,637.0,524.0,FWD,7,SUV,38.0,1760.0,5,0,Germany,Mid-range,222675,3.19,5,5186050.57,63167.49,0.5168,3.2643,51.6771,₹50–75L
BYD,Seagull,2025,Long Range,24414.35,86.4,281.0,141.0,5.27,175.0,170.0,200.0,FWD,5,Sedan,38.9,1500.0,5,0,China,Budget,228388,3.55,4,2038598.22,23594.89,1.3784,3.2523,137.8398,<₹25L
BYD,Qin,2023,Standard,36044.93,74.5,251.0,96.5,7.83,127.0,336.0,291.0,FWD,5,Truck,64.3,2600.0,4,0,China,Mid-range,117310,3.57,5,3009751.66,40399.35,0.834,3.3691,83.3956,₹25–50L
Fisker,Ronin,2024,Premium,67456.63,41.7,150.0,55.2,5.69,169.0,509.0,469.0,AWD,5,Coupe,16.5,1631.0,4,1,US,Premium,20333,3.29,4,5632628.6,135075.03,0.2663,3.5971,26.6306,₹50–75L
Volkswagen,ID. Buzz,2025,Long Range,52579.97,94.8,325.0,90.3,5.3,171.0,508.0,499.0,FWD,5,Hatchback,19.0,1588.0,3,1,Germany,Mid-range,238272,3.57,4,4390427.5,46312.53,0.7402,3.4283,74.0247,₹25–50L
Audi,Q4 e-tron,2025,Base,81941.39,40.2,150.0,138.2,5.44,166.0,495.0,468.0,RWD,5,Coupe,35.5,1693.0,5,2,Germany,Premium,77358,3.0,7,6842106.06,170201.64,0.2192,3.7313,21.9231,₹50–75L
BMW,i4,2026,Performance,133852.24,84.9,318.0,197.1,2.9,200.0,1000.0,904.0,AWD,5,Truck,55.0,2197.0,4,2,Germany,Luxury,50521,3.46,7,11176662.04,131645.02,0.2845,3.7456,28.4521,₹100–150L
Ford,Mustang Mach-E,2025,Standard,56042.09,79.5,293.0,130.2,6.05,157.0,541.0,501.0,RWD,5,SUV,66.9,2215.0,3,0,US,Mid-range,69874,3.35,4,4679514.51,58861.82,0.6261,3.6855,62.6133,₹25–50L
Hyundai,Ioniq 5,2024,Long Range,83570.15,78.5,258.0,51.5,4.33,189.0,1000.0,924.0,AWD,5,Coupe,17.0,1794.0,5,1,South Korea,Premium,145959,3.37,4,6978107.52,88893.09,0.3697,3.2866,36.9728,₹50–75L
Kia,Picanto EV,2022,Performance,111175.38,89.2,319.0,178.4,3.67,190.0,1000.0,964.0,RWD,5,Hatchback,18.8,1538.0,5,1,South Korea,Luxury,51798,3.75,5,9283144.23,104071.12,0.3436,3.5762,34.3634,₹75–100L
Hyundai,Ioniq 5,2025,Base,61128.92,46.1,180.0,80.3,6.4,153.0,706.0,583.0,RWD,5,Van,78.0,1903.0,5,0,South Korea,Mid-range,110095,3.32,3,5104264.82,110721.58,0.3526,3.9046,35.2646,₹50–75L
Tesla,Model Y,2023,Standard,44516.36,56.4,227.0,211.2,6.51,147.0,308.0,239.0,FWD,5,Sedan,15.2,1513.0,4,2,US,Mid-range,403294,3.48,5,3717116.06,65906.31,0.6107,4.0248,61.0688,₹25–50L
GM/Chevrolet,Equinox EV,2025,Standard,32070.17,44.1,158.0,62.7,6.07,161.0,279.0,261.0,AWD,5,SUV,66.1,2020.0,4,0,US,Budget,1331,3.29,3,2677859.19,60722.43,0.59,3.5828,59.0024,₹25–50L
BYD,Yuan Plus,2024,Premium,107358.88,58.4,205.0,140.8,7.41,132.0,1000.0,888.0,FWD,7,Coupe,27.3,1661.0,3,1,China,Luxury,110469,3.56,4,8964466.48,153501.14,0.2287,3.5103,22.8681,₹75–100L
Tesla,Model Y,2026,Standard,78088.26,70.2,245.0,310.8,7.6,130.0,599.0,573.0,AWD,7,Sedan,26.8,1514.0,5,2,US,Premium,489120,3.77,5,6520369.71,92882.76,0.3757,3.49,37.5746,₹50–75L
BMW,i5,2025,Performance,132666.58,82.0,299.0,208.4,3.52,194.0,1000.0,873.0,AWD,7,Van,68.2,1817.0,5,1,Germany,Luxury,71584,3.74,6,11077659.43,135093.41,0.2699,3.6463,26.9913,₹100–150L
Tesla,Model X,2023,Premium,100324.34,79.9,300.0,214.5,6.43,150.0,724.0,607.0,AWD,5,Coupe,22.9,1500.0,4,2,US,Luxury,121739,3.62,4,8377082.39,104844.59,0.3581,3.7547,35.812,₹75–100L
NIO,EL6,2022,Standard,69452.42,47.9,170.0,63.1,7.3,147.0,514.0,452.0,FWD,5,Sedan,22.3,1500.0,5,0,China,Premium,28334,3.19,5,5799277.07,121070.5,0.2931,3.5491,29.314,₹50–75L
Toyota,bZ4X,2023,Base,53579.07,65.5,233.0,141.2,7.84,133.0,505.0,443.0,FWD,7,Coupe,36.5,1576.0,4,0,Japan,Mid-range,16544,3.42,4,4473852.34,68303.09,0.5208,3.5573,52.0804,₹25–50L
Rivian,R3,2023,Standard,81874.34,83.6,317.0,132.5,5.17,177.0,866.0,733.0,AWD,5,Sedan,37.9,1668.0,4,1,US,Premium,1989,3.61,4,6836507.39,81776.4,0.4637,3.7919,46.3687,₹50–75L
Volkswagen,ID. Aero,2024,Long Range,59514.0,103.6,337.0,124.5,4.16,183.0,577.0,501.0,FWD,7,SUV,68.7,1974.0,4,2,Germany,Mid-range,230145,3.7,3,4969419.0,47967.36,0.6781,3.2529,67.8148,₹25–50L
Tesla,Model 3,2026,Base,80808.44,42.4,154.0,231.2,6.51,147.0,522.0,481.0,RWD,7,Coupe,39.0,1500.0,5,2,US,Premium,234368,3.52,5,6747504.74,159139.26,0.2282,3.6321,22.8233,₹50–75L
Rivian,R2,2024,Standard,84156.92,68.4,226.0,117.0,5.22,165.0,931.0,808.0,FWD,5,Coupe,39.2,1500.0,4,0,US,Premium,29685,3.44,4,7027102.82,102735.42,0.3216,3.3041,32.1612,₹50–75L
Volkswagen,ID.5,2024,Base,39960.53,63.9,252.0,56.8,5.58,165.0,316.0,259.0,AWD,5,Sedan,19.7,1793.0,4,0,Germany,Mid-range,212818,3.48,3,3336704.26,52217.59,0.7552,3.9437,75.5236,₹25–50L
Fisker,Ronin,2024,Long Range,115878.52,94.5,334.0,67.6,5.43,166.0,983.0,908.0,AWD,7,Truck,75.5,2039.0,4,1,US,Luxury,6077,3.64,5,9675856.42,102390.02,0.3452,3.5344,34.5189,₹75–100L
Toyota,bZ Compact SUV,2024,Long Range,64461.76,85.4,288.0,86.3,4.5,180.0,774.0,731.0,FWD,7,SUV,64.4,2334.0,4,2,Japan,Mid-range,1214,3.76,4,5382556.96,63027.6,0.5351,3.3724,53.5062,₹50–75L
Mercedes,EQG,2023,Performance,181026.58,110.6,370.0,212.6,2.8,200.0,1000.0,801.0,FWD,5,Truck,79.1,2572.0,4,1,Germany,Luxury,35248,3.91,8,15115719.43,136670.16,0.2448,3.3454,24.4778,₹150–200L
BYD,Yuan Plus,2025,Long Range,48600.01,81.4,288.0,69.6,5.38,167.0,474.0,373.0,FWD,5,Sedan,33.4,1500.0,4,0,China,Mid-range,222634,3.67,5,4058100.84,49853.82,0.7097,3.5381,70.9692,₹25–50L
Volkswagen,ID.3,2023,Premium,40146.71,41.6,150.0,95.1,7.26,142.0,312.0,299.0,AWD,7,Coupe,37.3,1894.0,4,0,Germany,Mid-range,229072,3.13,5,3352250.28,80582.94,0.4475,3.6058,44.7461,₹25–50L
Mercedes,GLE EV,2023,Long Range,182443.72,104.6,359.0,140.1,5.11,174.0,1000.0,903.0,RWD,7,Sedan,35.4,1500.0,4,2,Germany,Luxury,20765,4.1,8,15234050.62,145641.02,0.2357,3.4321,23.5656,₹150–200L
BYD,Atto 3,2022,Performance,38276.48,92.0,283.0,217.9,3.34,199.0,395.0,370.0,RWD,5,Van,73.9,1520.0,4,1,China,Mid-range,175542,3.44,5,3196086.08,34740.07,0.8855,3.0761,88.5458,₹25–50L
Tesla,Cybertruck,2025,Performance,116077.71,118.6,428.0,233.8,3.86,189.0,859.0,763.0,FWD,5,Truck,56.7,2613.0,5,2,US,Luxury,150657,4.24,5,9692488.78,81724.19,0.4416,3.6088,44.1579,₹75–100L
Kia,EV9,2025,Long Range,56772.77,100.2,356.0,143.1,5.58,167.0,564.0,536.0,RWD,5,SUV,44.5,2199.0,4,0,South Korea,Mid-range,99235,3.69,3,4740526.3,47310.64,0.751,3.5529,75.0971,₹25–50L
NIO,EL8,2025,Premium,87478.76,48.6,172.0,148.9,5.5,164.0,804.0,708.0,RWD,7,SUV,52.5,2018.0,4,1,China,Premium,16505,3.43,3,7304476.46,150297.87,0.2355,3.5391,23.5472,₹50–75L
GM/Chevrolet,Bolt EUV,2025,Long Range,68470.14,87.2,293.0,84.2,5.66,157.0,950.0,828.0,AWD,7,Van,74.1,1500.0,4,2,US,Premium,14899,3.33,4,5717256.69,65564.87,0.5125,3.3601,51.2484,₹50–75L
Kia,EV9,2025,Premium,89987.27,70.4,245.0,88.3,5.67,174.0,1000.0,935.0,AWD,7,SUV,36.7,2020.0,4,0,South Korea,Premium,123485,3.47,4,7513937.04,106732.06,0.3261,3.4801,32.6061,₹75–100L
Tesla,Model S,2023,Premium,76607.64,81.1,288.0,315.7,7.64,137.0,556.0,538.0,AWD,7,Van,69.5,1617.0,3,3,US,Premium,244244,3.81,4,6396737.94,78874.7,0.4502,3.5512,45.0229,₹50–75L
Kia,Picanto EV,2022,Long Range,76439.21,93.0,337.0,94.0,5.8,164.0,893.0,853.0,FWD,5,Truck,75.1,2689.0,5,0,South Korea,Premium,85577,3.72,3,6382674.04,68630.9,0.528,3.6237,52.7992,₹50–75L
Volvo,XC90 Recharge,2025,Performance,106316.66,104.3,367.0,231.2,4.12,193.0,1000.0,898.0,RWD,5,Van,60.8,1794.0,5,0,Sweden,Luxury,8684,3.86,4,8877441.11,85114.49,0.4134,3.5187,41.3407,₹75–100L
Tesla,Model Y,2025,Premium,83799.48,74.6,276.0,279.2,6.55,153.0,644.0,594.0,RWD,5,Truck,55.2,2793.0,5,2,US,Premium,427228,4.15,4,6997256.58,93797.01,0.3944,3.6997,39.444,₹50–75L
Hyundai,Ioniq,2024,Base,50276.57,73.2,241.0,96.2,7.53,138.0,521.0,483.0,RWD,5,Van,72.9,1533.0,3,1,South Korea,Mid-range,126203,3.42,4,4198093.6,57351.01,0.5741,3.2923,57.407,₹25–50L
Audi,e-tron GT,2022,Premium,98374.44,50.7,166.0,145.4,5.67,164.0,699.0,652.0,RWD,5,Truck,55.3,2533.0,5,1,Germany,Premium,45293,3.1,7,8214265.74,162017.08,0.2021,3.2742,20.2087,₹75–100L
GM/Chevrolet,Equinox EV,2025,Performance,101369.89,89.3,325.0,206.4,3.53,195.0,1000.0,948.0,AWD,7,SUV,39.7,1831.0,3,0,US,Luxury,27681,3.35,3,8464385.82,94785.96,0.384,3.6394,38.3962,₹75–100L
GM/Chevrolet,Blazer EV,2025,Base,61000.06,63.4,250.0,146.1,6.81,151.0,774.0,697.0,AWD,5,Truck,71.4,2734.0,4,0,US,Mid-range,3536,3.69,4,5093505.01,80339.2,0.4908,3.9432,49.0821,₹50–75L
GM/Chevrolet,Silverado EV,2025,Premium,56307.41,55.0,193.0,101.8,6.37,155.0,631.0,564.0,RWD,5,Sedan,24.8,1699.0,4,0,US,Mid-range,25746,3.34,4,4701668.74,85484.89,0.4105,3.5091,41.0493,₹25–50L
Volkswagen,ID.4,2021,Premium,107417.79,54.2,201.0,75.7,5.06,176.0,1000.0,872.0,AWD,5,Hatchback,30.6,1514.0,5,2,Germany,Luxury,254098,3.37,4,8969385.46,165486.82,0.2241,3.7085,22.4096,₹75–100L
BYD,Leaf 50X,2024,Performance,118468.84,86.8,291.0,170.0,3.33,200.0,1000.0,892.0,AWD,5,Coupe,37.6,1584.0,4,0,China,Luxury,209498,3.76,3,9892148.14,113964.84,0.2942,3.3525,29.4173,₹75–100L
Ford,Explorer EV,2025,Long Range,92751.53,76.2,247.0,133.7,5.02,178.0,1000.0,868.0,FWD,7,Truck,55.9,2390.0,4,0,US,Premium,70352,3.3,3,7744752.76,101637.18,0.3189,3.2415,31.8926,₹75–100L
Ford,Mustang Mach-E,2024,Base,52120.46,64.5,208.0,114.7,5.13,181.0,502.0,432.0,FWD,7,Coupe,35.6,1529.0,4,0,US,Mid-range,29029,3.16,4,4352058.41,67473.77,0.4779,3.2248,47.7935,₹25–50L
Mercedes,EQC,2024,Long Range,169395.24,99.7,323.0,138.5,5.15,172.0,1000.0,874.0,RWD,5,Truck,59.3,2679.0,3,2,Germany,Luxury,60151,3.87,7,14144502.54,141870.64,0.2284,3.2397,22.8357,₹100–150L
Audi,e-tron GT,2021,Base,80311.97,74.6,241.0,114.4,5.32,157.0,510.0,457.0,AWD,5,Sedan,21.5,1509.0,5,2,Germany,Premium,55803,3.52,6,6706049.5,89893.42,0.3594,3.2306,35.9377,₹50–75L
Hyundai,Ioniq 5,2022,Premium,72159.44,56.2,163.0,114.1,7.7,132.0,890.0,768.0,AWD,7,Van,75.8,1500.0,4,0,South Korea,Premium,119329,3.43,4,6025313.24,107211.98,0.2705,2.9004,27.0525,₹50–75L
Hyundai,Ioniq 6,2025,Long Range,37714.46,105.8,359.0,96.8,5.2,170.0,313.0,268.0,RWD,7,Truck,57.8,2452.0,4,0,South Korea,Mid-range,77052,3.86,5,3149157.41,29765.19,1.14,3.3932,113.9987,₹25–50L
Ford,Mustang Mach-E,2023,Long Range,63827.68,85.8,270.0,133.9,4.6,180.0,665.0,610.0,FWD,7,Truck,59.4,2431.0,4,0,US,Mid-range,74506,3.43,3,5329611.28,62116.68,0.5066,3.1469,50.6604,₹50–75L
BMW,i7,2025,Premium,150512.16,44.6,150.0,132.1,5.28,170.0,1000.0,905.0,RWD,7,Hatchback,20.5,1765.0,4,2,Germany,Luxury,47379,3.31,8,12567765.36,281788.46,0.1194,3.3632,11.9353,₹100–150L
GM/Chevrolet,Bolt EUV,2023,Performance,74889.56,92.7,312.0,151.1,4.05,193.0,994.0,937.0,RWD,7,Coupe,17.5,1704.0,4,2,US,Premium,29402,3.57,3,6253278.26,67457.15,0.4989,3.3657,49.8938,₹50–75L
Ford,F-150 Lightning,2025,Long Range,66474.9,78.5,273.0,146.0,5.39,168.0,721.0,687.0,FWD,4,Truck,69.3,2671.0,4,0,US,Premium,43803,3.47,5,5550654.15,70708.97,0.4918,3.4777,49.1834,₹50–75L
Audi,Q6 e-tron,2020,Long Range,76665.86,103.7,353.0,63.0,5.43,165.0,449.0,388.0,AWD,5,Hatchback,29.6,1563.0,4,1,Germany,Premium,32828,3.4,5,6401599.31,61731.91,0.5514,3.4041,55.1425,₹50–75L
BYD,Dolphin,2025,Base,42876.18,78.3,263.0,87.3,5.69,161.0,415.0,379.0,FWD,7,SUV,41.7,2370.0,5,2,China,Mid-range,158327,3.29,3,3580161.03,45723.64,0.7346,3.3589,73.4604,₹25–50L
Volkswagen,ID. Buzz,2026,Standard,43538.73,62.3,231.0,100.0,5.92,165.0,299.0,249.0,RWD,5,Van,70.6,1732.0,4,1,Germany,Mid-range,228329,3.2,3,3635483.96,58354.48,0.6354,3.7079,63.5404,₹25–50L
Tesla,Cybertruck,2023,Base,104581.09,50.5,185.0,345.6,6.12,165.0,743.0,674.0,FWD,7,Truck,66.2,2370.0,5,2,US,Luxury,156090,3.54,6,8732521.02,172921.21,0.2119,3.6634,21.1852,₹75–100L
Kia,EV6,2022,Long Range,90771.15,86.2,305.0,132.4,4.21,179.0,1000.0,874.0,FWD,5,Truck,78.9,2457.0,4,0,South Korea,Premium,86318,3.46,3,7579391.02,87927.97,0.4024,3.5383,40.2407,₹75–100L
Tesla,Model S,2022,Premium,59089.35,76.7,268.0,244.8,6.91,153.0,380.0,319.0,RWD,5,Sedan,36.7,1500.0,5,2,US,Mid-range,130707,3.64,5,4933960.72,64328.04,0.5432,3.4941,54.3174,₹25–50L
Hyundai,Ioniq,2024,Performance,50087.55,104.8,362.0,185.1,4.02,188.0,578.0,543.0,FWD,7,Truck,62.2,2466.0,5,0,South Korea,Mid-range,62703,3.86,3,4182310.42,39907.54,0.8656,3.4542,86.555,₹25–50L
Kia,EV6,2025,Performance,117331.76,116.3,411.0,186.7,2.71,200.0,1000.0,905.0,RWD,5,Coupe,37.4,1704.0,4,0,South Korea,Luxury,108933,3.59,4,9797201.96,84240.77,0.4195,3.534,41.9508,₹75–100L
BYD,Max,2024,Base,36467.37,45.0,150.0,140.9,5.31,169.0,406.0,327.0,RWD,5,Coupe,24.0,1558.0,4,1,China,Mid-range,220450,3.22,4,3045025.4,67667.23,0.4926,3.3333,49.2607,₹25–50L
Kia,EV6,2025,Base,74609.83,44.7,153.0,82.8,5.63,165.0,763.0,677.0,RWD,5,Truck,50.4,2255.0,5,1,South Korea,Premium,84247,3.42,3,6229920.8,139371.83,0.2456,3.4228,24.5589,₹50–75L
Tesla,Cybertruck,2025,Base,87113.04,47.4,150.0,233.9,5.08,176.0,649.0,602.0,RWD,5,Truck,77.1,2639.0,4,2,US,Premium,217680,3.55,4,7273938.84,153458.63,0.2062,3.1646,20.6216,₹50–75L
Tesla,Cybertruck,2025,Performance,166572.78,117.8,398.0,203.0,3.46,200.0,1000.0,903.0,AWD,5,Truck,72.9,2600.0,5,2,US,Luxury,229037,4.35,6,13908827.13,118071.54,0.2861,3.3786,28.6149,₹100–150L
Mercedes,GLE EV,2024,Base,116775.93,78.6,259.0,119.6,5.62,166.0,633.0,567.0,RWD,5,Hatchback,29.0,1558.0,4,1,Germany,Luxury,43904,3.6,6,9750790.15,124055.85,0.2656,3.2952,26.5619,₹75–100L
Volkswagen,ID.3,2024,Premium,98791.59,77.0,250.0,96.8,7.9,133.0,1000.0,918.0,AWD,5,Hatchback,25.9,1840.0,5,0,Germany,Premium,289215,3.46,4,8249097.76,107131.14,0.3031,3.2468,30.3063,₹75–100L
Tesla,Model S,2023,Base,56750.25,40.5,163.0,297.6,7.9,136.0,387.0,382.0,AWD,5,Van,72.2,1500.0,4,2,US,Mid-range,175034,3.89,4,4738645.88,117003.6,0.344,4.0247,34.398,₹25–50L
Hyundai,Kona Electric,2024,Premium,75053.58,43.0,154.0,117.1,7.11,150.0,943.0,794.0,RWD,7,Truck,72.4,2127.0,4,1,South Korea,Premium,86699,3.36,4,6266973.93,145743.58,0.2457,3.5814,24.5733,₹50–75L
Ford,E-Transit,2025,Standard,49970.16,77.5,267.0,56.6,5.0,181.0,406.0,375.0,RWD,7,Truck,54.0,2803.0,4,1,US,Mid-range,35218,3.57,3,4172508.36,53838.82,0.6399,3.4452,63.9903,₹25–50L
BYD,Max,2024,Standard,39727.71,45.3,154.0,108.8,5.19,170.0,400.0,312.0,AWD,7,Van,74.9,1609.0,4,1,China,Mid-range,139199,3.11,5,3317263.78,73228.78,0.4642,3.3996,46.4238,₹25–50L
BMW,i4,2025,Base,85729.44,59.9,191.0,145.7,5.99,168.0,651.0,567.0,RWD,5,Truck,68.3,2688.0,5,2,Germany,Premium,29338,3.48,6,7158408.24,119505.98,0.2668,3.1886,26.6819,₹50–75L
Tesla,Cybertruck,2023,Base,62213.09,54.2,191.0,341.2,7.6,136.0,404.0,327.0,FWD,5,Truck,50.7,2531.0,5,3,US,Mid-range,199768,3.77,5,5194793.01,95844.89,0.3677,3.524,36.7676,₹50–75L
Tesla,Cybertruck,2022,Performance,170128.32,84.4,303.0,306.9,3.88,186.0,1000.0,875.0,RWD,7,Truck,63.7,2467.0,4,2,US,Luxury,163960,4.09,5,14205714.72,168314.16,0.2133,3.59,21.3294,₹100–150L
Hyundai,Ioniq 5,2024,Premium,80948.92,68.6,262.0,104.1,5.97,162.0,1000.0,898.0,FWD,7,Van,77.2,1500.0,5,1,South Korea,Premium,134570,3.64,3,6759234.82,98531.12,0.3876,3.8192,38.7618,₹50–75L
Kia,Picanto EV,2022,Base,43745.72,58.3,197.0,109.4,7.32,141.0,381.0,354.0,RWD,7,Hatchback,27.1,1724.0,5,0,South Korea,Mid-range,77441,3.34,4,3652767.62,62654.68,0.5393,3.3791,53.9317,₹25–50L
BMW,i3,2023,Long Range,134039.99,84.4,313.0,79.4,4.43,177.0,1000.0,874.0,AWD,5,Sedan,26.8,1652.0,5,2,Germany,Luxury,70841,3.71,5,11192339.16,132610.65,0.2797,3.7085,27.9656,₹100–150L
GM/Chevrolet,Blazer EV,2025,Premium,80896.01,64.4,194.0,102.1,6.97,148.0,1000.0,881.0,RWD,5,Hatchback,27.2,1500.0,4,0,US,Premium,11404,3.35,4,6754816.84,104888.46,0.2872,3.0124,28.7202,₹50–75L
Lucid,Air,2026,Standard,199365.9,57.8,235.0,215.3,7.53,138.0,953.0,859.0,FWD,7,Coupe,23.6,1531.0,4,0,US,Luxury,26890,3.19,5,16647052.65,288011.29,0.1412,4.0657,14.1166,₹150–200L
Hyundai,i30,2023,Long Range,65970.0,108.1,394.0,85.8,4.76,179.0,835.0,684.0,FWD,5,Coupe,38.2,1500.0,5,1,South Korea,Premium,146072,4.09,4,5508495.0,50957.4,0.7153,3.6448,71.5259,₹50–75L
BYD,Qin,2024,Premium,67622.89,80.4,289.0,98.5,7.92,131.0,740.0,667.0,AWD,5,Hatchback,28.6,1988.0,4,0,China,Premium,235660,3.57,5,5646511.32,70230.24,0.5118,3.5945,51.182,₹50–75L
Ford,E-Transit,2023,Base,42208.33,66.3,224.0,72.3,5.56,165.0,401.0,336.0,AWD,5,SUV,35.2,1892.0,5,0,US,Mid-range,47569,3.37,4,3524395.56,53158.3,0.6356,3.3786,63.557,₹25–50L
BYD,Leaf 50X,2024,Base,56388.91,73.7,242.0,113.8,6.52,156.0,632.0,585.0,RWD,7,Sedan,15.8,1666.0,5,1,China,Mid-range,205113,3.4,4,4708473.99,63887.03,0.514,3.2836,51.3967,₹25–50L
Volkswagen,ID. Buzz,2025,Long Range,66045.15,82.5,269.0,67.6,5.49,163.0,665.0,550.0,FWD,7,Hatchback,26.2,1571.0,4,0,Germany,Premium,228215,3.37,3,5514770.02,66845.7,0.4878,3.2606,48.7781,₹50–75L
Tesla,Cybertruck,2024,Base,37365.06,44.7,150.0,237.7,5.52,169.0,223.0,200.0,AWD,5,Truck,50.6,2555.0,5,2,US,Mid-range,220616,3.81,5,3119982.51,69798.27,0.4808,3.3557,48.0772,₹25–50L
Tesla,Cybertruck,2023,Base,38622.29,51.5,186.0,261.7,7.84,124.0,276.0,226.0,FWD,5,Truck,75.7,2714.0,5,2,US,Mid-range,174372,3.4,5,3224961.22,62620.61,0.5768,3.6117,57.6751,₹25–50L
Toyota,bZ4X,2022,Standard,69982.49,42.6,156.0,93.7,6.21,153.0,850.0,731.0,AWD,5,Truck,64.8,2317.0,5,1,Japan,Premium,8818,3.15,3,5843537.92,137172.25,0.267,3.662,26.6962,₹50–75L
Mercedes,EQE,2021,Performance,165233.4,100.3,329.0,158.6,4.02,194.0,1000.0,842.0,AWD,7,Van,62.5,1751.0,4,1,Germany,Luxury,35726,3.78,6,13796988.9,137557.22,0.2385,3.2802,23.8458,₹100–150L
GM/Chevrolet,Blazer EV,2025,Standard,70614.1,41.9,187.0,142.0,5.15,173.0,995.0,902.0,AWD,7,Hatchback,33.3,1629.0,4,0,US,Premium,27643,3.38,4,5896277.35,140722.61,0.3171,4.463,31.7149,₹50–75L
Volkswagen,ID.4,2025,Performance,80549.5,119.7,447.0,160.5,3.41,192.0,904.0,799.0,RWD,7,Truck,70.9,2812.0,5,0,Germany,Premium,291709,3.7,3,6725883.25,56189.5,0.6646,3.7343,66.4597,₹50–75L
Tesla,Model Y,2020,Long Range,96390.76,80.4,287.0,340.0,5.88,160.0,697.0,653.0,FWD,5,Van,74.0,1505.0,4,3,US,Premium,498047,3.82,5,8048628.46,100107.32,0.3566,3.5697,35.6582,₹75–100L
Tesla,Model X,2023,Base,27433.3,82.4,258.0,223.7,6.02,161.0,168.0,200.0,FWD,7,Coupe,30.7,1644.0,5,3,US,Budget,230869,3.79,4,2290680.55,27799.52,1.1263,3.1311,112.6303,<₹25L
BYD,Leaf 50X,2024,Base,76472.57,67.2,227.0,136.2,7.52,139.0,849.0,830.0,RWD,5,Van,63.3,1500.0,4,1,China,Premium,191416,3.33,4,6385459.6,95021.72,0.3555,3.378,35.5495,₹50–75L
Kia,Picanto EV,2025,Base,41416.02,60.8,228.0,142.9,5.91,160.0,367.0,344.0,RWD,5,Hatchback,22.0,1500.0,5,1,South Korea,Mid-range,137512,3.35,3,3458237.67,56878.91,0.6593,3.75,65.9295,₹25–50L
GM/Chevrolet,Silverado EV,2023,Standard,64132.24,51.9,150.0,51.2,6.67,155.0,870.0,835.0,RWD,5,Truck,66.5,2693.0,4,0,US,Mid-range,5462,3.44,4,5355042.04,103180.0,0.2801,2.8902,28.011,₹50–75L
BMW,i3,2025,Performance,97630.54,108.0,374.0,211.2,3.25,200.0,810.0,745.0,RWD,5,Truck,57.6,2381.0,4,1,Germany,Premium,50895,3.63,5,8152150.09,75482.87,0.4588,3.463,45.8775,₹75–100L
BYD,Seagull,2024,Performance,117281.9,115.7,431.0,193.6,3.76,195.0,1000.0,869.0,FWD,5,Sedan,22.2,1500.0,3,0,China,Luxury,111137,3.92,3,9793038.65,84641.65,0.4401,3.7252,44.0109,₹75–100L
Toyota,bZ4X,2025,Long Range,77617.51,84.5,295.0,80.6,5.04,180.0,1000.0,840.0,AWD,7,Coupe,16.0,1500.0,5,0,Japan,Premium,15856,3.46,4,6481062.08,76698.96,0.4552,3.4911,45.5172,₹50–75L
GM/Chevrolet,Bolt EV,2025,Performance,53614.17,77.3,266.0,153.0,3.29,192.0,663.0,599.0,FWD,7,Truck,51.2,2645.0,5,2,US,Mid-range,7236,3.24,3,4476783.2,57914.4,0.5942,3.4411,59.4177,₹25–50L
Kia,Niro EV,2026,Premium,98299.99,73.4,245.0,132.5,5.83,165.0,1000.0,918.0,RWD,5,Coupe,25.6,1500.0,5,1,South Korea,Premium,126328,3.5,4,8208049.16,111826.28,0.2985,3.3379,29.8487,₹75–100L
Kia,EV9,2025,Premium,62151.7,74.0,246.0,89.9,7.94,129.0,692.0,582.0,AWD,5,SUV,52.1,2022.0,5,0,South Korea,Mid-range,58624,3.74,5,5189666.95,70130.63,0.474,3.3243,47.4019,₹50–75L
Volkswagen,ID. Buzz,2025,Performance,57462.19,76.2,259.0,243.1,4.1,183.0,541.0,402.0,AWD,7,Hatchback,28.5,1500.0,4,1,Germany,Mid-range,298599,3.42,5,4798092.86,62967.1,0.5398,3.399,53.9798,₹25–50L
BYD,Dolphin,2023,Premium,65383.31,69.6,240.0,146.2,6.25,161.0,763.0,709.0,RWD,5,Coupe,32.2,1500.0,5,1,China,Premium,171261,3.56,4,5459506.38,78441.18,0.4396,3.4483,43.96,₹50–75L
Volkswagen,ID.3,2025,Performance,88158.61,99.8,333.0,200.8,2.63,200.0,1000.0,916.0,AWD,7,Hatchback,27.4,1591.0,5,1,Germany,Premium,265949,3.68,4,7361243.94,73759.96,0.4524,3.3367,45.2369,₹50–75L
GM/Chevrolet,Bolt EV,2022,Long Range,49443.87,82.7,262.0,103.5,4.7,179.0,556.0,481.0,FWD,5,Van,61.5,1500.0,4,1,US,Mid-range,17112,3.4,3,4128563.14,49922.17,0.6346,3.1681,63.4603,₹25–50L
Tesla,Model 3,2023,Base,33304.79,70.4,262.0,309.3,5.0,180.0,235.0,266.0,RWD,5,Van,77.5,1500.0,4,3,US,Budget,239021,3.85,5,2780949.96,39502.13,0.9421,3.7216,94.2124,₹25–50L
Tesla,Cybertruck,2025,Base,29689.54,58.1,216.0,327.0,5.38,170.0,191.0,200.0,FWD,5,Truck,77.0,2468.0,5,2,US,Budget,210522,3.78,5,2479076.59,42669.13,0.8713,3.7177,87.1292,<₹25L
Tesla,Model S,2025,Long Range,129183.24,87.9,337.0,250.2,5.39,169.0,976.0,910.0,FWD,7,Hatchback,19.7,1638.0,5,2,US,Luxury,207546,3.74,6,10786800.54,122716.73,0.3124,3.8339,31.2419,₹100–150L
Tesla,Cybertruck,2025,Long Range,132226.95,87.5,319.0,265.2,4.66,176.0,983.0,865.0,RWD,5,Truck,78.7,2287.0,5,3,US,Luxury,133735,3.85,4,11040950.32,126182.29,0.2889,3.6457,28.8924,₹100–150L
Mercedes,EQE,2026,Base,59152.02,43.6,162.0,122.2,5.26,170.0,157.0,200.0,FWD,7,SUV,56.9,2444.0,4,2,Germany,Mid-range,57795,3.37,5,4939193.67,113284.26,0.328,3.7156,32.7989,₹25–50L
GM/Chevrolet,Equinox EV,2026,Performance,42539.36,109.6,371.0,156.4,2.86,200.0,438.0,442.0,RWD,5,SUV,44.4,2235.0,5,2,US,Mid-range,18263,3.65,4,3552036.56,32409.09,1.0445,3.385,104.4471,₹25–50L
Hyundai,Ioniq 5,2026,Premium,86930.64,49.4,177.0,92.9,5.55,171.0,1000.0,867.0,RWD,7,Sedan,26.0,1500.0,4,1,South Korea,Premium,147601,3.5,4,7258708.44,146937.42,0.2438,3.583,24.3845,₹50–75L
Tesla,Model S,2025,Premium,162032.44,61.2,193.0,290.6,7.64,132.0,1000.0,851.0,AWD,5,Sedan,22.4,1618.0,5,2,US,Luxury,210253,3.9,4,13529708.74,221073.67,0.1426,3.1536,14.2649,₹100–150L
Hyundai,Kona Electric,2025,Premium,51036.86,52.8,234.0,130.6,7.37,142.0,584.0,538.0,AWD,5,Coupe,34.4,2027.0,5,2,South Korea,Mid-range,55671,3.38,3,4261577.81,80711.7,0.5491,4.4318,54.9092,₹25–50L
Hyundai,Kona Electric,2024,Base,52223.31,42.1,150.0,116.5,6.02,161.0,566.0,488.0,RWD,5,Van,65.7,1635.0,4,1,South Korea,Mid-range,89573,3.43,3,4360646.38,103578.3,0.344,3.5629,34.3986,₹25–50L
Tesla,Model S,2025,Base,54018.19,40.6,150.0,208.1,6.79,145.0,379.0,325.0,AWD,5,Coupe,37.4,1787.0,4,3,US,Mid-range,101221,3.6,4,4510518.86,111096.52,0.3326,3.6946,33.2556,₹25–50L
Volkswagen,ID.5,2025,Base,78662.15,41.4,150.0,77.3,7.77,134.0,898.0,772.0,RWD,5,Van,74.5,1500.0,4,0,Germany,Premium,237990,3.28,4,6568289.52,158654.34,0.2284,3.6232,22.837,₹50–75L
Volkswagen,ID. Buzz,2026,Standard,39803.56,46.8,168.0,78.3,6.31,156.0,274.0,241.0,FWD,7,Truck,69.9,2758.0,3,1,Germany,Mid-range,248701,3.08,5,3323597.26,71017.04,0.5055,3.5897,50.5476,₹25–50L
Kia,EV9,2025,Premium,103512.45,63.0,213.0,119.0,7.65,124.0,1000.0,919.0,AWD,5,SUV,45.2,2221.0,5,1,South Korea,Luxury,50563,3.44,3,8643289.57,137195.07,0.2464,3.381,24.6434,₹75–100L
BMW,i5,2024,Performance,76696.39,87.4,313.0,196.4,3.49,192.0,523.0,468.0,AWD,5,SUV,68.3,2006.0,5,1,Germany,Premium,21525,3.69,5,6404148.56,73274.01,0.4887,3.5812,48.8746,₹50–75L
Tesla,Model S,2023,Long Range,98608.05,77.7,286.0,228.4,4.94,183.0,718.0,700.0,FWD,5,Hatchback,39.2,1521.0,4,2,US,Premium,246839,3.98,4,8233772.18,105968.75,0.3473,3.6808,34.735,₹75–100L
Volkswagen,ID.4,2026,Standard,86543.35,56.3,193.0,94.1,6.9,152.0,935.0,853.0,FWD,5,Hatchback,19.0,1583.0,4,0,Germany,Premium,282690,3.24,3,7226369.72,128354.7,0.2671,3.4281,26.7077,₹50–75L
BMW,i4,2026,Standard,72989.13,82.0,298.0,77.5,6.52,146.0,467.0,428.0,RWD,5,Hatchback,28.4,1500.0,5,2,Germany,Premium,49770,3.42,8,6094592.36,74324.3,0.489,3.6341,48.8958,₹50–75L
Hyundai,Ioniq 6,2025,Standard,39399.56,70.9,268.0,65.8,5.76,159.0,293.0,234.0,AWD,5,SUV,63.1,1935.0,4,1,South Korea,Mid-range,101021,3.33,3,3289863.26,46401.46,0.8146,3.78,81.4624,₹25–50L
Mercedes,EQS,2024,Premium,99625.48,81.2,306.0,72.8,6.47,153.0,534.0,467.0,AWD,5,SUV,65.1,1569.0,4,2,Germany,Premium,71016,3.79,7,8318727.58,102447.38,0.3678,3.7685,36.7845,₹75–100L
BMW,i7,2025,Performance,113646.11,73.6,279.0,188.6,3.16,199.0,1000.0,908.0,AWD,5,Truck,75.3,2275.0,5,1,Germany,Luxury,68048,3.7,8,9489450.18,128932.75,0.294,3.7908,29.4011,₹75–100L
Tesla,Model Y,2024,Standard,110939.31,48.7,160.0,276.2,5.49,169.0,840.0,747.0,RWD,5,Coupe,22.2,1526.0,4,2,US,Luxury,456268,3.43,6,9263432.38,190214.22,0.1727,3.2854,17.2722,₹75–100L
Tesla,Model X,2026,Long Range,142726.14,94.6,318.0,205.9,4.61,176.0,1000.0,871.0,RWD,5,Coupe,32.1,1500.0,4,2,US,Luxury,176985,4.23,5,11917632.69,125979.2,0.2668,3.3615,26.6832,₹100–150L
BMW,i3,2024,Premium,69442.01,54.1,193.0,95.1,5.86,169.0,383.0,299.0,RWD,7,Van,73.2,1764.0,4,2,Germany,Premium,51378,3.2,5,5798407.84,107179.44,0.3328,3.5675,33.285,₹50–75L
Tesla,Model 3,2025,Base,42979.12,62.8,229.0,275.3,7.9,133.0,252.0,227.0,AWD,7,SUV,51.8,1730.0,4,2,US,Mid-range,207769,3.71,5,3588756.52,57145.8,0.6381,3.6465,63.8104,₹25–50L
Kia,Picanto EV,2024,Premium,56096.47,47.3,176.0,107.5,5.39,159.0,531.0,469.0,RWD,5,Coupe,33.7,1841.0,3,0,South Korea,Mid-range,113782,3.4,3,4684055.24,99028.65,0.3757,3.7209,37.5743,₹25–50L
NIO,EL8,2024,Base,82536.87,69.7,264.0,114.2,7.79,127.0,730.0,687.0,FWD,7,Truck,56.6,2319.0,5,0,China,Premium,17477,3.38,5,6891828.64,98878.46,0.3831,3.7877,38.3062,₹50–75L
Kia,EV9,2026,Base,62907.99,56.0,184.0,97.7,7.47,142.0,663.0,579.0,FWD,5,SUV,53.0,1838.0,5,0,South Korea,Mid-range,93165,3.26,3,5252817.16,93800.31,0.3503,3.2857,35.0288,₹50–75L
Volkswagen,ID.5,2025,Performance,97402.81,71.7,258.0,153.8,3.48,200.0,1000.0,912.0,RWD,5,Truck,77.9,2374.0,4,1,Germany,Premium,255988,3.58,4,8133134.64,113432.84,0.3172,3.5983,31.7221,₹75–100L
BMW,i7,2025,Standard,85706.08,45.1,150.0,127.7,7.87,135.0,650.0,634.0,FWD,5,Hatchback,31.2,1703.0,4,2,Germany,Premium,78799,3.26,8,7156457.68,158679.77,0.2096,3.3259,20.9601,₹50–75L
Hyundai,Ioniq 6,2024,Base,54234.95,58.4,217.0,131.1,7.58,132.0,577.0,530.0,FWD,7,Truck,50.2,2843.0,5,2,South Korea,Mid-range,136935,3.41,4,4528618.32,77544.83,0.4792,3.7158,47.9175,₹25–50L
Kia,Picanto EV,2023,Premium,95598.48,63.5,202.0,141.1,5.52,166.0,1000.0,845.0,AWD,5,SUV,44.2,1516.0,5,1,South Korea,Premium,107457,3.32,5,7982473.08,125708.24,0.2531,3.1811,25.3054,₹75–100L
NIO,EC6,2023,Long Range,98011.85,106.2,364.0,79.6,5.43,171.0,953.0,885.0,AWD,7,Sedan,20.5,1662.0,4,0,China,Premium,12631,3.86,5,8183989.48,77062.05,0.4448,3.4275,44.4771,₹75–100L
Volkswagen,ID.3,2025,Performance,58313.43,71.5,260.0,159.7,3.71,193.0,583.0,522.0,AWD,5,Truck,77.2,2583.0,3,1,Germany,Mid-range,263694,3.21,3,4869171.4,68100.3,0.534,3.6364,53.3972,₹25–50L
Toyota,bZ Compact SUV,2024,Base,62799.62,80.2,271.0,97.3,7.03,143.0,717.0,661.0,RWD,5,SUV,35.4,1773.0,4,0,Japan,Mid-range,8458,3.67,4,5243768.27,65383.64,0.5168,3.3791,51.6804,₹50–75L
Audi,e-tron,2025,Standard,91038.75,55.9,192.0,81.8,7.17,149.0,636.0,591.0,RWD,7,Truck,64.5,2402.0,5,2,Germany,Premium,26577,3.76,7,7601735.62,135988.11,0.2526,3.4347,25.2574,₹75–100L
Tesla,Cybertruck,2024,Standard,130803.06,83.1,289.0,227.9,6.46,150.0,914.0,861.0,FWD,5,Truck,77.3,2533.0,4,2,US,Luxury,105012,4.03,6,10922055.51,131432.68,0.2646,3.4777,26.4602,₹100–150L
Tesla,Model 3,2025,Base,69626.26,76.8,249.0,256.0,6.0,158.0,502.0,416.0,FWD,7,Sedan,38.5,1522.0,5,3,US,Premium,189686,3.74,5,5813792.71,75700.43,0.4283,3.2422,42.8292,₹50–75L
Tesla,Model Y,2024,Long Range,85409.4,94.6,338.0,290.6,5.5,167.0,614.0,573.0,AWD,5,Sedan,22.0,1500.0,4,2,US,Premium,497556,4.06,5,7131684.9,75387.79,0.4739,3.5729,47.3941,₹50–75L
Tesla,Model 3,2026,Long Range,153057.04,85.2,285.0,338.3,4.28,186.0,1000.0,855.0,RWD,7,Coupe,15.0,1574.0,5,2,US,Luxury,178740,4.06,5,12780262.84,150003.08,0.223,3.3451,22.3,₹100–150L
Tesla,Cybertruck,2023,Standard,121896.5,64.2,216.0,291.3,7.11,145.0,841.0,748.0,RWD,7,Truck,77.0,2332.0,5,2,US,Luxury,186743,3.62,4,10178357.75,158541.4,0.2122,3.3645,21.2215,₹100–150L
BMW,i7,2025,Base,66273.55,72.4,246.0,51.7,6.85,154.0,327.0,326.0,FWD,5,Truck,74.8,2768.0,5,1,Germany,Premium,30088,3.19,8,5533841.42,76434.27,0.4445,3.3978,44.4537,₹50–75L
Tesla,Model Y,2024,Base,43315.76,61.7,224.0,301.3,6.9,136.0,360.0,277.0,AWD,5,Sedan,17.4,1500.0,5,2,US,Mid-range,424937,3.73,6,3616865.96,58620.19,0.6193,3.6305,61.9321,₹25–50L
BYD,Atto 3,2022,Premium,36072.31,77.7,251.0,60.8,6.32,154.0,365.0,296.0,RWD,7,Van,71.3,1527.0,4,2,China,Mid-range,159638,3.48,4,3012037.88,38764.97,0.8333,3.2304,83.3323,₹25–50L
Mercedes,GLE EV,2025,Base,127213.62,61.6,214.0,99.5,6.47,146.0,697.0,636.0,FWD,5,Sedan,35.8,1918.0,4,1,Germany,Luxury,74928,3.82,5,10622337.27,172440.54,0.2015,3.474,20.1462,₹100–150L
Tesla,Model X,2024,Standard,79315.78,60.6,195.0,277.0,5.73,164.0,551.0,541.0,FWD,7,Truck,62.3,2173.0,5,2,US,Premium,122128,3.66,4,6622867.63,109288.24,0.2944,3.2178,29.4434,₹50–75L
Ford,Explorer EV,2023,Base,35481.88,41.0,173.0,58.6,6.38,155.0,202.0,205.0,RWD,5,Hatchback,36.3,1677.0,5,1,US,Mid-range,63701,3.25,4,2962736.98,72261.88,0.5839,4.2195,58.392,₹25–50L
BYD,Dolphin,2026,Standard,82657.26,83.9,294.0,66.6,7.12,153.0,891.0,772.0,AWD,7,Van,72.6,1904.0,5,0,China,Premium,156944,3.54,4,6901881.21,82263.18,0.426,3.5042,42.5971,₹50–75L
Tesla,Model S,2025,Long Range,137829.03,95.3,323.0,324.7,4.55,187.0,966.0,876.0,FWD,5,Van,70.2,1656.0,3,3,US,Luxury,239713,3.88,5,11508724.0,120763.11,0.2807,3.3893,28.0657,₹100–150L
GM/Chevrolet,Silverado EV,2025,Standard,70239.01,40.5,150.0,137.3,5.25,184.0,989.0,925.0,FWD,7,Van,61.8,1577.0,5,1,US,Premium,23483,3.13,4,5864957.34,144813.76,0.2558,3.7037,25.5756,₹50–75L
BMW,i4,2026,Standard,90499.68,42.2,167.0,108.5,7.99,132.0,739.0,656.0,FWD,7,Coupe,19.1,1618.0,3,2,Germany,Premium,72987,3.29,7,7556723.28,179069.27,0.221,3.9573,22.0995,₹75–100L
Audi,e-tron,2024,Long Range,130131.59,94.0,322.0,123.8,5.61,163.0,1000.0,858.0,AWD,7,Sedan,37.7,1642.0,4,2,Germany,Luxury,36875,3.63,8,10865987.76,115595.61,0.2963,3.4255,29.6338,₹100–150L
GM/Chevrolet,Bolt EV,2024,Long Range,56344.05,94.4,351.0,75.4,4.84,176.0,710.0,584.0,AWD,7,Coupe,17.2,1500.0,5,0,US,Mid-range,12802,3.81,4,4704728.18,49838.22,0.7461,3.7182,74.6058,₹25–50L
Ford,F-150 Lightning,2024,Standard,59797.58,46.4,171.0,93.5,6.46,154.0,628.0,589.0,FWD,4,Truck,56.0,2692.0,4,0,US,Mid-range,57357,3.14,4,4993097.93,107609.87,0.3425,3.6853,34.2473,₹25–50L
BYD,Leaf 50X,2023,Long Range,100157.25,105.4,362.0,110.2,5.21,177.0,1000.0,892.0,FWD,5,Truck,67.7,2399.0,4,1,China,Luxury,107443,3.79,5,8363130.38,79346.59,0.4329,3.4345,43.2852,₹75–100L
Tesla,Model Y,2023,Base,55299.28,40.9,150.0,246.4,6.71,151.0,380.0,293.0,RWD,5,Hatchback,16.3,1605.0,5,2,US,Mid-range,449181,3.75,4,4617489.88,112897.06,0.3249,3.6675,32.4852,₹25–50L
GM/Chevrolet,Blazer EV,2025,Long Range,44798.27,109.1,375.0,109.1,5.22,168.0,493.0,430.0,RWD,5,Hatchback,22.4,1636.0,4,0,US,Mid-range,19461,3.6,4,3740655.54,34286.49,1.0025,3.4372,100.2498,₹25–50L
Ford,E-Transit,2024,Performance,98104.32,80.3,266.0,224.7,4.19,181.0,1000.0,873.0,RWD,7,Van,69.4,1563.0,4,1,US,Premium,47356,3.62,4,8191710.72,102013.83,0.3247,3.3126,32.4718,₹75–100L
Volvo,XC90 Recharge,2025,Standard,55877.09,51.9,192.0,144.5,5.14,166.0,327.0,284.0,FWD,5,Van,65.0,1577.0,5,1,Sweden,Mid-range,15994,3.31,5,4665737.01,89898.59,0.4115,3.6994,41.1511,₹25–50L
Volkswagen,ID.3,2024,Base,32753.54,42.3,178.0,134.1,7.05,139.0,184.0,200.0,RWD,5,Truck,64.6,2243.0,5,1,Germany,Budget,224478,3.16,3,2734920.59,64655.33,0.6508,4.208,65.0842,₹25–50L
Volkswagen,ID.3,2022,Standard,73902.85,64.0,231.0,121.1,5.91,168.0,839.0,757.0,FWD,7,Van,60.7,1754.0,4,0,Germany,Premium,251288,3.32,4,6170887.98,96420.12,0.3743,3.6094,37.4338,₹50–75L
Ford,Explorer EV,2023,Base,52080.38,54.7,222.0,99.4,6.86,143.0,553.0,507.0,RWD,5,Van,79.8,1632.0,4,1,US,Mid-range,72053,3.42,3,4348711.73,79501.13,0.5105,4.0585,51.0496,₹25–50L
BYD,Dolphin,2025,Standard,22600.22,66.9,206.0,59.0,6.69,146.0,176.0,200.0,FWD,7,Hatchback,22.8,1771.0,5,0,China,Budget,131689,3.16,4,1887118.37,28208.05,1.0916,3.0792,109.1611,<₹25L
Rivian,R1S,2024,Long Range,99040.38,77.6,294.0,52.0,5.14,169.0,1000.0,900.0,FWD,5,Coupe,38.2,1864.0,5,0,US,Premium,10950,3.77,6,8269871.73,106570.51,0.3555,3.7887,35.5507,₹75–100L
Mercedes,EQC,2026,Performance,108052.79,111.2,390.0,197.2,3.61,196.0,517.0,476.0,AWD,7,Hatchback,36.9,2011.0,5,2,Germany,Luxury,49733,4.02,5,9022407.96,81136.76,0.4323,3.5072,43.2257,₹75–100L
Volkswagen,ID. Buzz,2023,Performance,50097.36,93.7,319.0,216.1,4.32,182.0,403.0,349.0,RWD,7,Van,77.4,1844.0,4,0,Germany,Mid-range,238954,3.69,4,4183129.56,44643.86,0.7626,3.4045,76.2587,₹25–50L
GM/Chevrolet,Blazer EV,2025,Standard,35979.3,56.1,209.0,140.3,7.89,124.0,347.0,326.0,FWD,5,SUV,55.3,1752.0,4,1,US,Mid-range,25503,3.61,4,3004271.55,53552.08,0.6957,3.7255,69.5676,₹25–50L
GM/Chevrolet,Equinox EV,2025,Performance,57051.32,98.6,344.0,244.5,2.93,200.0,722.0,656.0,RWD,7,SUV,54.9,2113.0,4,1,US,Mid-range,13660,3.69,4,4763785.22,48314.25,0.7221,3.4888,72.2115,₹25–50L
Tesla,Model Y,2025,Base,109970.08,60.0,194.0,200.5,5.74,165.0,780.0,711.0,RWD,5,Coupe,16.8,1709.0,4,3,US,Luxury,456748,3.5,6,9182501.68,153041.69,0.2113,3.2333,21.1271,₹75–100L
Audi,e-tron,2024,Long Range,92779.16,80.0,260.0,134.7,4.62,178.0,629.0,553.0,RWD,7,Hatchback,15.8,1511.0,4,1,Germany,Premium,22988,3.55,6,7747059.86,96838.25,0.3356,3.25,33.5611,₹75–100L
Hyundai,i30,2025,Standard,65007.57,44.2,150.0,125.0,5.41,174.0,772.0,707.0,FWD,7,Hatchback,15.3,1717.0,4,1,South Korea,Premium,138781,3.03,4,5428132.1,122808.42,0.2763,3.3937,27.6338,₹50–75L
Mercedes,EQS,2023,Long Range,123138.78,81.2,263.0,135.2,5.51,174.0,664.0,636.0,AWD,7,Truck,54.4,2004.0,5,1,Germany,Luxury,65127,3.77,5,10282088.13,126626.7,0.2558,3.2389,25.5785,₹100–150L
BYD,Atto 3,2020,Performance,102787.75,92.6,323.0,210.6,3.62,194.0,1000.0,913.0,RWD,5,Van,70.0,1500.0,4,1,China,Luxury,117639,3.79,5,8582777.12,92686.58,0.3763,3.4881,37.6335,₹75–100L
Audi,e-tron,2025,Base,79195.78,74.7,275.0,130.6,5.49,162.0,474.0,339.0,FWD,5,Sedan,32.7,1535.0,4,1,Germany,Premium,62967,3.57,6,6612847.63,88525.4,0.4159,3.6814,41.5857,₹50–75L
Volkswagen,ID.4,2024,Premium,93014.64,70.2,255.0,75.2,5.06,169.0,1000.0,941.0,AWD,5,Truck,78.3,2324.0,5,1,Germany,Premium,264436,3.26,4,7766722.44,110637.07,0.3283,3.6325,32.8324,₹75–100L
Tesla,Model S,2023,Premium,131294.36,66.0,236.0,230.3,6.29,159.0,939.0,845.0,RWD,5,SUV,52.7,2015.0,4,2,US,Luxury,154508,3.91,4,10963079.06,166107.26,0.2153,3.5758,21.5268,₹100–150L
Audi,e-tron,2025,Base,84380.71,80.0,275.0,135.5,6.41,165.0,531.0,499.0,AWD,7,SUV,58.6,2209.0,4,1,Germany,Premium,37226,3.53,5,7045789.28,88072.37,0.3903,3.4375,39.0304,₹50–75L
Tesla,Model X,2025,Standard,76635.5,45.2,150.0,322.5,5.59,175.0,561.0,470.0,RWD,5,SUV,56.8,1709.0,5,2,US,Premium,167458,3.59,5,6399064.25,141572.22,0.2344,3.3186,23.4409,₹50–75L
BYD,Leaf 50X,2026,Premium,60331.49,43.6,175.0,101.4,7.08,136.0,653.0,581.0,RWD,5,Coupe,19.4,1729.0,4,1,China,Mid-range,145412,3.34,4,5037679.42,115543.11,0.3474,4.0138,34.7382,₹50–75L
Toyota,bZ Compact SUV,2022,Base,59240.75,70.1,267.0,99.5,5.9,162.0,648.0,553.0,RWD,5,SUV,41.3,2240.0,4,0,Japan,Mid-range,18789,3.47,4,4946602.62,70564.94,0.5398,3.8088,53.9764,₹25–50L
Toyota,bZ Compact SUV,2024,Standard,62299.25,60.9,213.0,91.4,5.32,169.0,673.0,581.0,AWD,5,SUV,55.5,2079.0,3,1,Japan,Mid-range,25820,3.36,4,5201987.38,85418.51,0.4095,3.4975,40.9459,₹50–75L
Kia,Picanto EV,2025,Base,41302.85,54.4,210.0,55.8,7.79,128.0,370.0,314.0,AWD,5,Truck,78.4,2736.0,5,0,South Korea,Mid-range,124417,3.31,5,3448787.98,63396.84,0.6089,3.8603,60.891,₹25–50L
BMW,iX,2026,Standard,111475.63,44.2,150.0,88.9,6.23,159.0,959.0,885.0,RWD,5,Van,71.8,1551.0,4,1,Germany,Luxury,22266,3.33,5,9308215.1,210593.1,0.1611,3.3937,16.1148,₹75–100L
Volkswagen,ID.4,2023,Premium,44868.54,71.0,254.0,133.6,7.27,135.0,370.0,382.0,RWD,5,Sedan,18.4,1500.0,3,2,Germany,Mid-range,264149,3.6,5,3746523.09,52767.93,0.678,3.5775,67.7962,₹25–50L
BYD,Atto 3,2026,Long Range,67426.93,98.7,353.0,89.8,5.91,162.0,739.0,692.0,FWD,5,Sedan,26.6,1641.0,4,0,China,Premium,102350,3.66,4,5630148.65,57043.05,0.627,3.5765,62.6982,₹50–75L
BYD,Dolphin,2025,Performance,53327.95,101.5,344.0,246.8,4.27,186.0,555.0,489.0,RWD,5,Sedan,16.0,1500.0,4,0,China,Mid-range,120007,3.46,4,4452883.82,43870.78,0.7725,3.3892,77.2533,₹25–50L
BMW,i7,2022,Standard,69932.43,67.0,249.0,58.9,7.58,140.0,419.0,314.0,FWD,5,Hatchback,39.1,1591.0,5,1,Germany,Premium,52868,3.54,7,5839357.9,87154.6,0.4264,3.7164,42.6417,₹50–75L
GM/Chevrolet,Silverado EV,2025,Performance,50051.2,92.1,286.0,194.0,3.44,199.0,568.0,519.0,RWD,7,Sedan,33.4,1500.0,5,2,US,Mid-range,17861,3.54,3,4179275.2,45377.58,0.6843,3.1053,68.4329,₹25–50L
Ford,E-Transit,2026,Performance,48841.01,87.7,333.0,152.4,4.3,180.0,369.0,380.0,RWD,7,Hatchback,29.2,1844.0,4,1,US,Mid-range,32288,3.72,4,4078224.34,46501.99,0.8165,3.797,81.6532,₹25–50L
Ford,Explorer EV,2021,Long Range,77562.36,104.2,348.0,135.1,5.55,156.0,881.0,758.0,FWD,5,Hatchback,26.2,1721.0,4,1,US,Premium,27293,3.54,3,6476457.06,62154.1,0.5373,3.3397,53.7331,₹50–75L
Tesla,Cybertruck,2025,Base,69446.79,55.6,196.0,255.2,6.25,155.0,473.0,453.0,RWD,5,Truck,69.9,2266.0,4,3,US,Premium,214270,3.74,5,5798806.96,104295.09,0.338,3.5252,33.8001,₹50–75L
Hyundai,Ioniq 5,2023,Standard,68110.08,72.3,255.0,144.0,6.66,152.0,842.0,760.0,FWD,5,Truck,56.0,2701.0,4,0,South Korea,Premium,73761,3.77,4,5687191.68,78661.02,0.4484,3.527,44.8376,₹50–75L
Tesla,Model Y,2023,Base,92950.35,77.5,263.0,293.4,5.57,166.0,716.0,658.0,RWD,5,SUV,43.0,2272.0,5,3,US,Premium,491547,3.57,5,7761354.22,100146.51,0.3389,3.3935,33.8858,₹75–100L
Kia,EV9,2022,Performance,67330.57,77.1,284.0,154.4,4.17,194.0,742.0,621.0,RWD,5,SUV,50.4,1973.0,5,2,South Korea,Premium,91349,3.46,4,5622102.6,72919.62,0.5051,3.6835,50.5149,₹50–75L
Volkswagen,ID. Aero,2025,Premium,89383.1,57.7,217.0,133.5,6.68,143.0,1000.0,885.0,AWD,5,Truck,50.6,3000.0,4,1,Germany,Premium,222817,3.39,4,7463488.85,129349.89,0.2907,3.7608,29.0749,₹50–75L
Audi,Q4 e-tron,2024,Base,108294.87,84.2,297.0,86.6,7.49,142.0,803.0,720.0,RWD,5,Truck,63.1,2606.0,5,1,Germany,Luxury,75960,3.64,6,9042621.64,107394.56,0.3284,3.5273,32.8445,₹75–100L
BYD,Max,2025,Performance,92829.9,82.3,285.0,154.4,2.99,200.0,1000.0,876.0,RWD,7,SUV,36.9,1909.0,5,0,China,Premium,235698,3.58,4,7751296.65,94183.43,0.3677,3.4629,36.768,₹75–100L
Tesla,Cybertruck,2025,Premium,35991.9,60.6,218.0,232.1,6.3,151.0,240.0,200.0,AWD,5,Truck,51.5,2427.0,4,2,US,Mid-range,169730,3.71,6,3005323.65,49592.8,0.7254,3.5974,72.5379,₹25–50L
Tesla,Model 3,2025,Base,88596.07,45.9,179.0,329.1,5.04,178.0,662.0,638.0,AWD,7,Van,60.6,1570.0,5,3,US,Premium,124700,3.61,5,7397771.85,161171.5,0.242,3.8998,24.1965,₹50–75L
Ford,Explorer EV,2023,Standard,73469.82,58.2,186.0,88.3,7.61,134.0,859.0,769.0,RWD,5,Coupe,29.9,1500.0,5,0,US,Premium,59218,3.38,3,6134729.97,105407.73,0.3032,3.1959,30.3192,₹50–75L
Kia,Niro EV,2026,Standard,72349.57,59.3,198.0,74.4,7.19,149.0,842.0,756.0,FWD,7,SUV,55.2,1981.0,4,0,South Korea,Premium,69075,3.22,5,6041189.1,101875.03,0.3278,3.339,32.775,₹50–75L
Tesla,Model X,2023,Performance,93392.21,85.7,297.0,308.7,3.2,200.0,697.0,578.0,AWD,7,SUV,35.4,2085.0,5,3,US,Premium,138082,3.74,5,7798249.54,90994.74,0.3809,3.4656,38.0855,₹75–100L
Tesla,Model S,2023,Premium,109016.04,46.6,178.0,263.2,7.52,137.0,752.0,688.0,FWD,5,Hatchback,22.4,1577.0,5,2,US,Luxury,113179,3.59,5,9102839.34,195339.9,0.1955,3.8197,19.5543,₹75–100L
GM/Chevrolet,Bolt EV,2024,Standard,40534.34,52.0,170.0,94.6,7.08,148.0,407.0,344.0,FWD,7,Coupe,26.9,1673.0,5,0,US,Mid-range,24616,3.08,4,3384617.39,65088.8,0.5023,3.2692,50.2272,₹25–50L
Tesla,Model Y,2024,Premium,47765.25,45.3,171.0,305.8,6.25,167.0,306.0,318.0,RWD,5,Sedan,25.0,1500.0,5,3,US,Mid-range,423769,3.45,4,3988398.38,88044.11,0.4287,3.7748,42.8744,₹25–50L
Ford,Mustang Mach-E,2024,Performance,92734.95,71.6,257.0,171.2,4.22,183.0,1000.0,917.0,RWD,7,Van,71.5,1569.0,4,0,US,Premium,52532,3.34,5,7743368.32,108147.6,0.3319,3.5894,33.1897,₹75–100L
GM/Chevrolet,Bolt EUV,2024,Standard,53007.41,82.4,303.0,146.8,7.4,145.0,623.0,533.0,RWD,5,SUV,44.5,2061.0,4,1,US,Mid-range,25295,3.72,5,4426118.74,53715.03,0.6846,3.6772,68.4573,₹25–50L
Tesla,Model 3,2024,Long Range,74766.45,76.5,284.0,257.2,5.48,169.0,487.0,482.0,AWD,7,Sedan,25.1,1610.0,5,3,US,Premium,155185,4.14,5,6242998.58,81607.82,0.4549,3.7124,45.491,₹50–75L
Tesla,Model S,2025,Base,43016.55,44.3,159.0,252.5,5.67,163.0,327.0,254.0,FWD,7,SUV,50.8,1663.0,5,2,US,Mid-range,118264,3.47,6,3591881.92,81080.86,0.4427,3.5892,44.2665,₹25–50L
Porsche,Taycan,2023,Base,145262.78,70.6,265.0,329.1,7.46,148.0,626.0,548.0,RWD,5,Hatchback,17.8,1755.0,4,2,Germany,Luxury,24347,3.55,7,12129442.13,171805.13,0.2185,3.7535,21.8477,₹100–150L
Volkswagen,ID.4,2022,Performance,102466.68,77.6,281.0,218.0,4.12,189.0,1000.0,886.0,RWD,7,Truck,65.3,2347.0,5,1,Germany,Luxury,252835,3.37,5,8555967.78,110257.32,0.3284,3.6211,32.8426,₹75–100L
Volkswagen,ID.4,2025,Performance,66259.17,77.6,256.0,242.3,2.76,200.0,666.0,595.0,RWD,7,Sedan,23.8,1721.0,4,0,Germany,Premium,296982,3.45,3,5532640.7,71296.92,0.4627,3.299,46.2709,₹50–75L
Ford,Explorer EV,2026,Standard,69136.54,53.2,193.0,107.3,6.38,161.0,768.0,638.0,FWD,5,SUV,37.7,2080.0,3,2,US,Premium,61663,3.2,4,5772901.09,108513.18,0.3343,3.6278,33.4321,₹50–75L
Toyota,bZ Compact SUV,2024,Long Range,87515.62,75.8,273.0,117.8,4.57,170.0,1000.0,858.0,FWD,7,SUV,61.7,1886.0,4,0,Japan,Premium,24507,3.51,4,7307554.27,96405.73,0.3736,3.6016,37.3586,₹50–75L
Porsche,Taycan,2026,Long Range,220736.96,82.6,288.0,304.4,5.9,161.0,1000.0,915.0,RWD,5,SUV,42.7,2169.0,5,0,Germany,Luxury,5345,3.64,6,18431536.16,223142.08,0.1563,3.4867,15.6254,₹150–200L
GM/Chevrolet,Bolt EV,2025,Premium,93152.0,60.9,214.0,82.9,6.96,145.0,1000.0,850.0,RWD,7,Sedan,16.1,1500.0,5,1,US,Premium,20002,3.74,4,7778192.0,127720.72,0.2751,3.514,27.5128,₹75–100L
Volkswagen,ID. Aero,2026,Standard,36003.86,51.5,216.0,88.4,5.81,170.0,211.0,201.0,FWD,7,Hatchback,18.0,1597.0,5,1,Germany,Mid-range,241049,3.54,3,3006322.31,58375.19,0.7185,4.1942,71.8486,₹25–50L
Tesla,Model S,2022,Long Range,119080.01,82.3,284.0,267.4,5.42,159.0,912.0,859.0,RWD,5,Truck,73.1,2165.0,5,2,US,Luxury,124340,3.98,6,9943180.83,120816.29,0.2856,3.4508,28.5623,₹75–100L
Ford,E-Transit,2023,Base,51056.88,78.6,262.0,89.9,6.52,156.0,500.0,462.0,RWD,5,Coupe,16.9,1639.0,5,0,US,Mid-range,59730,3.53,4,4263249.48,54239.82,0.6146,3.3333,61.4555,₹25–50L
Kia,Niro EV,2020,Base,46532.99,75.9,260.0,71.9,5.92,156.0,419.0,386.0,RWD,7,Van,72.8,1762.0,4,0,South Korea,Mid-range,63258,3.48,4,3885504.66,51192.42,0.6692,3.4256,66.9154,₹25–50L
Volkswagen,ID.4,2024,Premium,114364.87,45.2,151.0,74.1,6.55,150.0,1000.0,911.0,RWD,5,Hatchback,31.4,1812.0,5,0,Germany,Luxury,233971,3.16,5,9549466.64,211271.39,0.1581,3.3407,15.8124,₹75–100L
Audi,e-tron GT,2025,Standard,109816.18,60.8,222.0,113.4,7.53,139.0,820.0,730.0,FWD,5,Sedan,39.6,1514.0,5,1,Germany,Luxury,73358,3.54,8,9169651.03,150816.63,0.2421,3.6513,24.2103,₹75–100L
Tesla,Model Y,2026,Standard,40006.71,63.9,241.0,313.7,7.73,131.0,266.0,234.0,FWD,7,Truck,64.2,2397.0,4,2,US,Mid-range,488644,3.74,4,3340560.28,52277.94,0.7214,3.7715,72.1436,₹25–50L
Hyundai,Ioniq 6,2025,Standard,63640.0,40.3,150.0,135.0,7.88,131.0,755.0,696.0,FWD,5,Truck,53.7,2077.0,4,0,South Korea,Mid-range,139571,3.2,4,5313940.0,131859.55,0.2823,3.7221,28.2276,₹50–75L
Tesla,Model Y,2025,Long Range,161112.44,98.8,371.0,313.4,5.56,163.0,1000.0,875.0,AWD,7,Coupe,33.0,1641.0,4,2,US,Luxury,404800,4.22,5,13452888.74,136162.84,0.2758,3.7551,27.5777,₹100–150L
Hyundai,Ioniq 6,2025,Premium,44861.53,84.1,305.0,50.4,5.06,172.0,389.0,344.0,RWD,5,Coupe,24.7,1680.0,4,0,South Korea,Mid-range,98434,3.53,3,3745937.76,44541.47,0.8142,3.6266,81.4215,₹25–50L
Tesla,Model S,2023,Premium,137659.6,56.7,186.0,223.5,7.05,142.0,1000.0,907.0,AWD,5,Coupe,27.8,1530.0,4,2,US,Luxury,167952,3.72,6,11494576.6,202726.22,0.1618,3.2804,16.1815,₹100–150L
Tesla,Model 3,2024,Base,32105.76,54.4,214.0,223.7,7.58,129.0,229.0,203.0,FWD,5,Coupe,18.8,1625.0,4,2,US,Budget,245170,3.53,5,2680830.96,49279.98,0.7983,3.9338,79.826,₹25–50L
Tesla,Model 3,2025,Performance,42441.37,104.2,372.0,260.9,2.56,200.0,260.0,237.0,FWD,7,Truck,57.3,2532.0,5,2,US,Mid-range,230471,4.32,5,3543854.4,34010.12,1.0497,3.5701,104.9705,₹25–50L
BMW,iX,2022,Base,61657.41,79.9,273.0,112.4,5.22,174.0,295.0,276.0,AWD,5,SUV,58.7,1890.0,5,2,Germany,Mid-range,21575,3.67,6,5148393.74,64435.47,0.5303,3.4168,53.0262,₹50–75L
GM/Chevrolet,Equinox EV,2023,Base,37448.46,74.1,275.0,104.4,5.71,165.0,350.0,350.0,AWD,7,SUV,47.5,1971.0,5,0,US,Mid-range,12182,3.71,5,3126946.41,42199.01,0.8795,3.7112,87.9452,₹25–50L
Kia,EV9,2023,Standard,55591.96,80.5,283.0,90.4,6.21,166.0,533.0,490.0,AWD,5,SUV,41.6,2004.0,4,1,South Korea,Mid-range,113695,3.55,5,4641928.66,57663.71,0.6097,3.5155,60.966,₹25–50L
Toyota,bZ4X,2024,Long Range,55686.21,91.7,324.0,116.2,4.88,179.0,560.0,505.0,FWD,5,Van,64.2,1570.0,5,1,Japan,Mid-range,18558,3.6,4,4649798.54,50706.64,0.6968,3.5333,69.6804,₹25–50L
Volkswagen,ID.4,2025,Long Range,47485.93,104.7,349.0,67.7,5.75,166.0,429.0,423.0,FWD,5,Sedan,17.8,1870.0,4,1,Germany,Mid-range,243761,3.63,5,3965075.16,37870.82,0.8802,3.3333,88.0185,₹25–50L
BYD,Dolphin,2025,Performance,53346.09,111.0,410.0,228.9,4.02,189.0,553.0,436.0,FWD,7,SUV,67.3,1923.0,5,0,China,Mid-range,141126,4.19,3,4454398.51,40129.72,0.9204,3.6937,92.0439,₹25–50L
Mercedes,EQC,2025,Long Range,162751.1,96.3,344.0,117.0,4.35,185.0,1000.0,889.0,AWD,5,Sedan,33.4,1500.0,5,1,Germany,Luxury,68195,4.28,6,13589716.85,141118.56,0.2531,3.5722,25.3133,₹100–150L
BYD,Dolphin,2020,Standard,70472.75,66.3,241.0,74.7,7.41,138.0,730.0,699.0,AWD,5,Van,67.2,1731.0,3,2,China,Premium,199656,3.4,4,5884474.62,88755.27,0.4096,3.635,40.9552,₹50–75L
Toyota,bZ4X,2024,Base,36014.2,52.5,186.0,91.3,5.22,177.0,200.0,212.0,FWD,5,Coupe,29.8,1500.0,4,1,Japan,Mid-range,5267,3.41,3,3007185.7,57279.73,0.6185,3.5429,61.8519,₹25–50L
Tesla,Model Y,2026,Base,41355.45,69.6,247.0,307.7,5.79,165.0,287.0,328.0,RWD,5,Van,69.8,1501.0,4,2,US,Mid-range,407336,3.8,4,3453180.08,49614.66,0.7153,3.5489,71.5283,₹25–50L
Fisker,Ronin,2024,Base,65556.39,55.1,194.0,77.1,6.84,143.0,472.0,380.0,RWD,7,Van,70.6,1500.0,5,1,US,Premium,2927,3.38,4,5473958.56,99345.89,0.3544,3.5209,35.4405,₹50–75L
Tesla,Model S,2026,Base,88832.48,49.6,157.0,285.7,7.87,138.0,597.0,558.0,FWD,7,Coupe,24.3,1583.0,5,2,US,Premium,238605,3.46,4,7417512.08,149546.61,0.2117,3.1653,21.1661,₹50–75L
Audi,Q4 e-tron,2026,Long Range,71435.35,106.0,377.0,144.5,5.29,176.0,416.0,348.0,FWD,7,Hatchback,34.1,1500.0,3,1,Germany,Premium,45647,3.96,6,5964851.72,56272.19,0.632,3.5566,63.2036,₹50–75L
Hyundai,i30,2025,Standard,41853.99,80.1,318.0,59.6,6.15,157.0,390.0,369.0,FWD,7,Hatchback,21.8,1688.0,4,1,South Korea,Mid-range,111448,3.65,4,3494808.16,43630.56,0.9099,3.97,90.9921,₹25–50L
Volvo,XC90 Recharge,2025,Premium,96813.71,40.6,150.0,140.7,7.68,123.0,899.0,801.0,FWD,7,Van,63.9,1615.0,5,2,Sweden,Premium,10606,3.2,3,8083944.78,199111.94,0.1856,3.6946,18.5553,₹75–100L
Tesla,Model Y,2025,Premium,129623.74,54.6,210.0,270.0,7.44,132.0,960.0,849.0,AWD,5,Truck,75.6,2337.0,5,2,US,Luxury,481115,3.49,5,10823582.29,198234.11,0.194,3.8462,19.4021,₹100–150L
Kia,EV9,2024,Standard,70066.61,55.2,186.0,110.9,5.46,169.0,783.0,737.0,AWD,7,SUV,36.8,1704.0,4,2,South Korea,Premium,125092,3.1,3,5850561.94,105988.44,0.3179,3.3696,31.7918,₹50–75L
Fisker,Ocean,2025,Premium,141027.0,54.1,190.0,99.0,6.37,168.0,1000.0,877.0,AWD,7,Sedan,32.1,1626.0,5,1,US,Luxury,11123,3.38,4,11775754.5,217666.44,0.1613,3.512,16.1348,₹100–150L
Hyundai,Ioniq 5,2020,Standard,50630.65,64.0,203.0,104.1,5.57,171.0,545.0,452.0,FWD,5,Hatchback,31.4,1560.0,5,0,South Korea,Mid-range,60112,3.39,3,4227659.28,66057.18,0.4802,3.1719,48.0171,₹25–50L
BMW,i4,2025,Premium,113836.67,71.5,253.0,76.5,6.71,152.0,1000.0,842.0,FWD,7,SUV,37.2,1950.0,4,1,Germany,Luxury,42535,3.47,8,9505361.94,132942.13,0.2662,3.5385,26.6166,₹75–100L
GM/Chevrolet,Silverado EV,2025,Standard,51177.18,46.9,150.0,107.7,7.48,140.0,597.0,521.0,FWD,7,Van,60.3,1514.0,4,0,US,Mid-range,14323,3.34,4,4273294.53,91115.02,0.351,3.1983,35.1017,₹25–50L
Volkswagen,ID.3,2026,Long Range,92636.43,109.7,373.0,74.5,4.44,188.0,1000.0,867.0,FWD,7,Truck,56.1,2583.0,5,0,Germany,Premium,243081,3.92,3,7735141.9,70511.78,0.4822,3.4002,48.2215,₹75–100L
BMW,i7,2024,Standard,64827.83,42.9,150.0,89.3,5.19,176.0,368.0,312.0,RWD,5,SUV,38.3,2130.0,4,2,Germany,Mid-range,69279,3.23,7,5413123.8,126180.04,0.2771,3.4965,27.7104,₹50–75L
Kia,Niro EV,2025,Performance,56005.31,102.7,361.0,216.5,4.41,184.0,592.0,524.0,AWD,7,Sedan,22.4,1649.0,5,0,South Korea,Mid-range,96451,3.9,5,4676443.38,45534.99,0.772,3.5151,77.1954,₹25–50L
Audi,Q6 e-tron,2020,Standard,102595.23,84.1,278.0,83.1,7.86,128.0,773.0,639.0,FWD,5,Coupe,31.5,1500.0,3,1,Germany,Luxury,45569,3.67,8,8566701.7,101863.28,0.3245,3.3056,32.4512,₹75–100L
Tesla,Model Y,2022,Premium,74321.01,61.2,226.0,217.2,7.98,118.0,555.0,457.0,FWD,7,Truck,67.6,2356.0,5,3,US,Premium,438573,3.82,5,6205804.34,101402.03,0.3642,3.6928,36.4175,₹50–75L
BYD,Qin,2023,Base,51321.91,45.9,150.0,53.5,6.62,156.0,523.0,464.0,RWD,7,Hatchback,36.0,1815.0,5,1,China,Mid-range,135053,3.36,4,4285379.49,93363.39,0.35,3.268,35.0027,₹25–50L
Toyota,bZ4X,2024,Standard,61582.84,62.3,215.0,127.5,7.4,130.0,668.0,665.0,FWD,5,Hatchback,35.5,1929.0,5,2,Japan,Mid-range,26767,3.22,3,5142167.14,82538.8,0.4181,3.451,41.8112,₹50–75L
Audi,Q6 e-tron,2022,Base,87894.85,84.4,315.0,107.6,7.62,136.0,609.0,589.0,FWD,7,Hatchback,22.7,1500.0,5,1,Germany,Premium,64291,3.45,6,7339219.98,86957.58,0.4292,3.7322,42.9201,₹50–75L
Volkswagen,ID.3,2025,Performance,88484.86,105.9,381.0,231.1,3.32,196.0,983.0,930.0,RWD,7,Coupe,16.3,1717.0,3,0,Germany,Premium,285530,3.65,4,7388485.81,69768.52,0.5157,3.5977,51.5667,₹50–75L
BMW,i3,2023,Premium,102426.61,53.1,197.0,50.8,6.62,146.0,829.0,771.0,RWD,7,Truck,63.4,2700.0,5,1,Germany,Luxury,26181,3.26,5,8552621.94,161066.33,0.2303,3.71,23.0339,₹75–100L
BYD,Max,2025,Premium,104281.84,69.7,233.0,138.3,5.5,170.0,1000.0,890.0,AWD,7,Van,70.4,1633.0,4,1,China,Luxury,164080,3.52,4,8707533.64,124928.75,0.2676,3.3429,26.7584,₹75–100L
Tesla,Model X,2026,Performance,167028.1,106.1,356.0,325.4,4.37,186.0,1000.0,866.0,AWD,7,SUV,42.1,2121.0,4,2,US,Luxury,191484,4.17,5,13946846.35,131450.01,0.2553,3.3553,25.5255,₹100–150L
Hyundai,Ioniq 6,2024,Premium,45546.32,45.1,160.0,121.2,5.18,171.0,424.0,385.0,RWD,7,Sedan,27.7,1514.0,4,0,South Korea,Mid-range,71807,3.28,4,3803117.72,84326.34,0.4207,3.5477,42.0707,₹25–50L
BYD,Max,2025,Standard,86288.72,81.9,311.0,145.1,5.25,174.0,1000.0,911.0,FWD,5,Van,61.8,1500.0,4,0,China,Premium,120560,3.71,3,7205108.12,87974.46,0.4316,3.7973,43.1638,₹50–75L
Kia,Picanto EV,2025,Base,58803.16,70.1,248.0,86.3,7.19,153.0,636.0,517.0,FWD,5,Truck,68.8,2466.0,4,1,South Korea,Mid-range,111130,3.52,3,4910063.86,70043.71,0.5051,3.5378,50.5085,₹25–50L
Tesla,Model S,2023,Standard,44024.89,81.6,284.0,302.0,7.69,143.0,283.0,237.0,FWD,7,Truck,70.9,2856.0,5,3,US,Mid-range,124369,3.76,5,3676078.32,45049.98,0.7726,3.4804,77.2562,₹25–50L
Fisker,Ocean,2024,Long Range,113331.61,84.6,274.0,74.4,4.86,170.0,1000.0,895.0,RWD,5,Truck,57.1,2457.0,5,0,US,Luxury,17978,3.23,3,9463189.44,111858.03,0.2895,3.2388,28.9543,₹75–100L
Porsche,Taycan,2024,Long Range,111922.96,102.7,358.0,276.9,4.29,188.0,371.0,339.0,FWD,7,Hatchback,23.0,1657.0,5,0,Germany,Luxury,28429,3.99,5,9345567.16,90998.71,0.3831,3.4859,38.3069,₹75–100L
GM/Chevrolet,Silverado EV,2024,Performance,74262.98,80.7,285.0,195.8,3.55,197.0,1000.0,892.0,RWD,7,Sedan,38.9,1589.0,5,0,US,Premium,24171,3.38,4,6200958.83,76839.64,0.4596,3.5316,45.9606,₹50–75L
Hyundai,Ioniq 5,2024,Long Range,41621.62,97.9,365.0,103.1,5.66,162.0,362.0,322.0,FWD,5,Hatchback,39.0,1900.0,5,1,South Korea,Mid-range,70525,3.62,4,3475405.27,35499.54,1.0502,3.7283,105.0237,₹25–50L
BYD,Qin,2025,Performance,122517.87,73.6,252.0,225.1,2.78,200.0,1000.0,873.0,AWD,7,Hatchback,25.6,1755.0,4,0,China,Luxury,150780,3.44,3,10230242.14,138997.86,0.2463,3.4239,24.6328,₹100–150L
Ford,F-150 Lightning,2021,Base,63458.62,66.8,253.0,128.6,7.67,136.0,700.0,632.0,RWD,4,Truck,72.9,2629.0,4,1,US,Mid-range,76517,3.4,4,5298794.77,79323.27,0.4775,3.7874,47.7467,₹50–75L
BMW,i5,2023,Premium,140938.73,59.3,195.0,101.9,6.9,137.0,1000.0,942.0,RWD,5,SUV,37.6,1843.0,5,1,Germany,Luxury,51811,3.11,8,11768383.96,198455.04,0.1657,3.2884,16.5698,₹100–150L
Tesla,Model 3,2025,Base,90298.51,49.3,183.0,228.4,6.81,157.0,631.0,512.0,AWD,5,Sedan,37.3,1528.0,3,2,US,Premium,163915,3.66,5,7539925.58,152939.67,0.2427,3.712,24.2708,₹75–100L
Audi,Q4 e-tron,2025,Base,79689.05,81.7,278.0,148.2,7.13,148.0,505.0,432.0,AWD,5,Van,68.9,1714.0,4,1,Germany,Premium,66705,3.5,7,6654035.68,81444.75,0.4178,3.4027,41.7792,₹50–75L
Mercedes,EQC,2026,Base,137679.27,71.2,244.0,54.3,7.92,136.0,848.0,725.0,FWD,7,Coupe,15.9,1767.0,5,1,Germany,Luxury,34790,3.64,7,11496219.04,161463.75,0.2122,3.427,21.2244,₹100–150L
Toyota,bZ4X,2025,Long Range,72608.92,97.1,334.0,75.5,5.77,156.0,912.0,799.0,AWD,5,Sedan,23.1,1731.0,4,1,Japan,Premium,13954,3.57,4,6062844.82,62439.18,0.5509,3.4398,55.0897,₹50–75L
GM/Chevrolet,Equinox EV,2025,Premium,91034.7,47.9,164.0,115.9,5.45,169.0,1000.0,923.0,AWD,5,SUV,48.0,1847.0,4,1,US,Premium,12825,3.46,3,7601397.45,158693.06,0.2157,3.4238,21.575,₹75–100L
Kia,Picanto EV,2023,Base,42171.81,67.1,252.0,141.5,7.02,155.0,399.0,351.0,AWD,5,Hatchback,21.8,1500.0,4,0,South Korea,Mid-range,135630,3.6,5,3521346.14,52479.08,0.7156,3.7556,71.5635,₹25–50L
Volkswagen,ID. Aero,2020,Long Range,40762.98,101.5,332.0,75.3,5.95,164.0,315.0,293.0,AWD,7,Coupe,16.4,1532.0,4,0,Germany,Mid-range,220087,3.39,4,3403708.83,33534.08,0.9754,3.2709,97.5407,₹25–50L
Rivian,R3,2025,Base,70880.73,80.9,285.0,59.1,6.31,148.0,218.0,273.0,FWD,5,Truck,78.0,2589.0,5,1,US,Premium,11173,3.44,4,5918540.96,73158.73,0.4815,3.5229,48.1538,₹50–75L
Mercedes,EQS,2024,Performance,114049.24,103.4,368.0,191.2,3.81,187.0,607.0,502.0,AWD,5,Van,70.2,1541.0,5,2,Germany,Luxury,68987,3.92,6,9523111.54,92099.72,0.3864,3.559,38.6428,₹75–100L
Tesla,Model 3,2024,Standard,36657.02,61.2,188.0,296.4,7.11,144.0,270.0,219.0,AWD,5,Coupe,28.4,1813.0,5,3,US,Mid-range,208877,3.91,5,3060861.17,50014.07,0.6142,3.0719,61.4206,₹25–50L
Tesla,Cybertruck,2025,Premium,124865.93,64.9,241.0,330.2,7.79,124.0,895.0,800.0,AWD,5,Truck,79.6,2145.0,4,2,US,Luxury,223231,3.65,4,10426305.15,160651.85,0.2311,3.7134,23.1146,₹100–150L
Volkswagen,ID. Buzz,2026,Base,46634.88,48.4,169.0,105.6,7.47,137.0,418.0,376.0,FWD,7,Van,77.1,1500.0,4,2,Germany,Mid-range,203221,3.33,4,3894012.48,80454.8,0.434,3.4917,43.4,₹25–50L
Ford,Explorer EV,2023,Standard,68553.62,71.3,243.0,137.1,5.02,173.0,722.0,627.0,FWD,5,SUV,44.5,1984.0,5,0,US,Premium,60519,3.36,5,5724227.27,80283.69,0.4245,3.4081,42.4511,₹50–75L
Porsche,Taycan,2023,Performance,254017.08,118.1,408.0,222.2,3.9,190.0,1000.0,936.0,AWD,5,Sedan,21.8,1500.0,5,0,Germany,Luxury,26159,4.2,8,21210426.18,179597.17,0.1924,3.4547,19.2358,>₹200L
Tesla,Model X,2021,Standard,27945.8,48.4,157.0,300.2,7.15,149.0,188.0,200.0,AWD,7,Hatchback,39.7,1891.0,5,2,US,Budget,162791,3.38,6,2333474.3,48212.28,0.6728,3.2438,67.2816,<₹25L
Kia,Niro EV,2024,Performance,51697.58,115.1,396.0,187.6,3.39,194.0,533.0,497.0,RWD,5,Truck,72.4,2631.0,5,1,South Korea,Mid-range,56242,3.84,4,4316747.93,37504.33,0.9174,3.4405,91.7357,₹25–50L
Volkswagen,ID.4,2024,Standard,36019.25,63.3,224.0,133.5,6.85,140.0,257.0,296.0,RWD,7,Hatchback,18.5,1771.0,4,0,Germany,Mid-range,209890,3.52,4,3007607.38,47513.54,0.7448,3.5387,74.4778,₹25–50L
Fisker,Ocean,2024,Premium,121374.95,70.8,262.0,142.8,6.04,153.0,1000.0,845.0,AWD,7,Van,69.2,1768.0,3,0,US,Luxury,26859,3.7,5,10134808.32,143147.01,0.2585,3.7006,25.8515,₹100–150L
Mercedes,EQG,2026,Premium,115211.58,57.3,174.0,69.8,6.09,161.0,622.0,619.0,RWD,7,Sedan,15.5,1500.0,4,1,Germany,Luxury,42340,3.43,6,9620166.93,167891.22,0.1809,3.0366,18.087,₹75–100L
Mercedes,EQG,2025,Standard,139106.45,61.4,208.0,51.8,6.86,150.0,922.0,787.0,RWD,7,Coupe,38.5,1656.0,5,1,Germany,Luxury,49644,3.35,6,11615388.58,189175.71,0.1791,3.3876,17.9073,₹100–150L
Hyundai,i30,2025,Standard,60050.99,47.8,165.0,73.1,7.67,133.0,663.0,681.0,AWD,5,Hatchback,24.1,1500.0,4,1,South Korea,Mid-range,138281,3.21,3,5014257.66,104900.79,0.3291,3.4519,32.9062,₹50–75L
Volkswagen,ID.4,2026,Standard,44501.34,41.7,150.0,146.0,7.64,135.0,378.0,326.0,FWD,7,Coupe,34.3,1547.0,5,1,Germany,Mid-range,220387,3.14,5,3715861.89,89109.4,0.4037,3.5971,40.3675,₹25–50L
BYD,Yuan Plus,2024,Base,40390.03,62.1,232.0,89.4,7.19,138.0,402.0,324.0,AWD,7,Coupe,35.4,1810.0,5,0,China,Mid-range,138054,3.39,4,3372567.5,54308.66,0.6879,3.7359,68.7903,₹25–50L
Tesla,Cybertruck,2024,Long Range,45682.18,109.7,377.0,312.9,5.32,165.0,335.0,376.0,RWD,5,Truck,63.3,2562.0,4,2,US,Mid-range,170687,3.94,4,3814462.03,34771.76,0.9883,3.4366,98.8344,₹25–50L
Mercedes,EQE,2025,Standard,103044.63,78.9,264.0,128.1,7.97,132.0,592.0,542.0,AWD,5,Van,63.3,1542.0,5,1,Germany,Luxury,75663,3.56,5,8604226.6,109052.3,0.3068,3.346,30.6826,₹75–100L
Ford,Mustang Mach-E,2026,Long Range,53193.55,98.0,364.0,83.3,5.19,173.0,541.0,487.0,RWD,7,Van,70.2,1783.0,4,2,US,Mid-range,23578,3.93,4,4441661.42,45323.08,0.8195,3.7143,81.9513,₹25–50L
Honda,e:Ny1,2026,Performance,51309.25,118.5,410.0,188.1,3.03,200.0,742.0,677.0,RWD,5,Sedan,36.5,1557.0,5,1,Japan,Mid-range,6885,3.78,5,4284322.38,36154.62,0.957,3.4599,95.6977,₹25–50L
Xiaomi,SU7,2024,Performance,102584.09,74.5,250.0,185.6,3.7,195.0,1000.0,937.0,AWD,5,Hatchback,38.5,1831.0,5,0,China,Luxury,19780,3.36,4,8565771.52,114976.8,0.2919,3.3557,29.1859,₹75–100L
Kia,Sportage EV,2024,Long Range,99048.18,89.0,324.0,92.3,5.55,168.0,1000.0,907.0,FWD,7,SUV,40.6,2057.0,5,0,South Korea,Premium,55742,3.56,4,8270523.03,92927.23,0.3918,3.6404,39.1753,₹75–100L
Ford,Mustang Mach-E,2023,Base,67976.38,49.0,179.0,107.9,5.74,166.0,778.0,690.0,AWD,7,SUV,39.7,2302.0,4,0,US,Premium,21067,3.27,3,5676027.73,115837.3,0.3154,3.6531,31.5361,₹50–75L
Toyota,bZ4X,2023,Standard,69285.92,67.1,201.0,99.7,5.12,168.0,831.0,745.0,AWD,7,Hatchback,36.2,1552.0,5,1,Japan,Premium,15625,3.58,4,5785374.32,86220.18,0.3474,2.9955,34.7428,₹50–75L
Mercedes,EQC,2024,Performance,167898.8,106.0,375.0,218.2,3.4,200.0,1000.0,941.0,RWD,5,Coupe,24.5,1729.0,4,1,Germany,Luxury,20936,4.04,6,14019549.8,132259.9,0.2675,3.5377,26.7484,₹100–150L
BYD,Qin,2025,Standard,36623.25,43.3,164.0,149.8,7.7,139.0,344.0,318.0,FWD,5,Truck,59.5,2509.0,5,0,China,Mid-range,185983,3.42,5,3058041.38,70624.51,0.5363,3.7875,53.6291,₹25–50L
Volkswagen,ID.5,2025,Base,30097.01,74.3,267.0,58.6,7.84,127.0,150.0,200.0,AWD,7,Coupe,36.6,1883.0,5,0,Germany,Budget,289031,3.27,5,2513100.34,33823.69,1.0624,3.5935,106.2433,₹25–50L
Tesla,Model S,2023,Performance,82511.11,85.6,289.0,232.0,4.31,180.0,553.0,487.0,FWD,5,Coupe,35.2,1518.0,4,2,US,Premium,243479,3.78,5,6889677.68,80486.89,0.4195,3.3762,41.9468,₹50–75L
Toyota,bZ Compact SUV,2022,Performance,56751.98,90.8,324.0,228.5,3.6,191.0,598.0,543.0,RWD,5,SUV,50.7,2143.0,5,1,Japan,Mid-range,9887,3.39,3,4738790.33,52189.32,0.6837,3.5683,68.3719,₹25–50L
Kia,EV6,2024,Base,30277.36,62.3,226.0,143.8,5.42,172.0,150.0,200.0,RWD,5,Van,75.2,1644.0,5,1,South Korea,Budget,130299,3.2,5,2528159.56,40580.41,0.8939,3.6276,89.3931,₹25–50L
BYD,Qin,2024,Performance,103480.37,104.9,347.0,176.2,2.95,200.0,1000.0,907.0,RWD,7,SUV,64.3,2052.0,4,0,China,Luxury,211837,3.58,5,8640610.9,82369.98,0.4016,3.3079,40.1592,₹75–100L
BMW,i7,2026,Base,48107.44,41.6,150.0,139.0,5.91,169.0,156.0,200.0,AWD,7,SUV,45.9,2060.0,4,1,Germany,Mid-range,49300,3.02,7,4016971.24,96561.81,0.3734,3.6058,37.3416,₹25–50L
Kia,Sportage EV,2023,Premium,102070.65,49.5,174.0,64.3,5.56,163.0,1000.0,940.0,FWD,7,SUV,50.1,1859.0,3,2,South Korea,Luxury,148039,3.37,4,8522899.28,172179.78,0.2042,3.5152,20.4156,₹75–100L
Volkswagen,ID.3,2025,Premium,94110.75,60.5,194.0,64.0,6.75,149.0,1000.0,888.0,AWD,7,Van,70.2,1687.0,5,1,Germany,Premium,225387,3.43,4,7858247.62,129888.39,0.2469,3.2066,24.6874,₹75–100L
Tesla,Cybertruck,2025,Standard,125305.65,42.0,158.0,277.7,6.96,136.0,868.0,786.0,AWD,7,Truck,57.9,2372.0,4,2,US,Luxury,199754,3.28,5,10463021.78,249119.57,0.151,3.7619,15.1008,₹100–150L
BMW,i7,2026,Performance,116974.41,71.9,251.0,175.3,3.87,190.0,1000.0,909.0,RWD,5,Truck,53.7,2650.0,5,2,Germany,Luxury,50944,3.38,6,9767363.24,135846.5,0.257,3.491,25.6978,₹75–100L
Hyundai,Ioniq 6,2024,Long Range,84751.75,83.1,305.0,97.4,5.49,169.0,1000.0,924.0,RWD,5,Van,61.0,1511.0,5,0,South Korea,Premium,53893,3.55,3,7076771.12,85159.7,0.431,3.6703,43.0988,₹50–75L
Ford,Explorer EV,2025,Standard,65329.39,49.5,157.0,137.3,6.01,165.0,671.0,629.0,RWD,7,Coupe,22.0,1592.0,4,2,US,Premium,24686,3.21,4,5455004.06,110202.1,0.2878,3.1717,28.7809,₹50–75L
Hyundai,Ioniq,2026,Long Range,78614.71,78.0,278.0,57.5,5.83,159.0,987.0,924.0,FWD,5,Truck,67.3,2653.0,5,2,South Korea,Premium,126223,3.68,4,6564328.28,84158.05,0.4235,3.5641,42.3501,₹50–75L
Mercedes,GLE EV,2026,Standard,135101.31,74.2,242.0,110.8,5.12,181.0,807.0,733.0,FWD,5,SUV,59.2,2160.0,4,2,Germany,Luxury,54508,3.82,5,11280959.38,152034.49,0.2145,3.2615,21.4521,₹100–150L
Kia,Niro EV,2023,Premium,96493.02,59.1,207.0,89.9,7.25,146.0,1000.0,965.0,RWD,7,Van,79.0,1729.0,5,2,South Korea,Premium,123691,3.45,4,8057167.17,136331.09,0.2569,3.5025,25.6914,₹75–100L
Kia,EV9,2023,Base,52108.05,65.9,230.0,119.1,6.72,152.0,531.0,442.0,FWD,5,SUV,53.0,1976.0,5,0,South Korea,Mid-range,98868,3.23,3,4351022.18,66024.62,0.5286,3.4901,52.8611,₹25–50L
Audi,e-tron,2023,Base,93510.78,53.0,195.0,63.5,5.08,161.0,659.0,562.0,AWD,5,Hatchback,16.9,1834.0,5,1,Germany,Premium,70832,3.16,6,7808150.13,147323.59,0.2497,3.6792,24.9739,₹75–100L
Volkswagen,ID.4,2024,Standard,78233.39,46.6,161.0,105.0,7.69,139.0,824.0,725.0,FWD,5,Coupe,19.5,1684.0,4,1,Germany,Premium,259295,3.2,3,6532488.06,140182.15,0.2465,3.4549,24.646,₹50–75L
Tesla,Model S,2025,Base,101976.23,83.7,284.0,268.2,7.24,139.0,754.0,680.0,FWD,5,Hatchback,27.1,1882.0,5,2,US,Luxury,160905,3.89,5,8515015.2,101732.56,0.3335,3.3931,33.3528,₹75–100L
Tesla,Model Y,2024,Standard,110000.94,53.4,163.0,322.5,5.33,172.0,809.0,763.0,AWD,5,Sedan,16.1,1577.0,4,2,US,Luxury,414109,3.55,4,9185078.49,172005.22,0.1775,3.0524,17.7462,₹75–100L
GM/Chevrolet,Equinox EV,2025,Performance,83117.35,106.5,362.0,215.7,3.06,200.0,1000.0,888.0,AWD,5,SUV,59.7,1801.0,3,1,US,Premium,17250,3.59,4,6940298.72,65167.12,0.5216,3.3991,52.1591,₹50–75L
BMW,i7,2025,Premium,107462.71,63.0,242.0,78.9,5.42,175.0,929.0,805.0,RWD,5,Sedan,34.2,1736.0,5,2,Germany,Luxury,59946,3.37,7,8973136.28,142430.73,0.2697,3.8413,26.9694,₹75–100L
GM/Chevrolet,Blazer EV,2022,Standard,55685.25,80.4,288.0,51.4,6.05,158.0,670.0,592.0,FWD,7,Sedan,39.9,1642.0,4,0,US,Mid-range,22694,3.58,4,4649718.38,57832.32,0.6194,3.5821,61.9392,₹25–50L
BYD,Max,2026,Performance,90766.48,91.0,318.0,231.3,2.7,200.0,1000.0,928.0,FWD,5,Sedan,29.3,1500.0,4,0,China,Premium,205278,3.53,3,7579001.08,83285.73,0.4196,3.4945,41.958,₹75–100L
Tesla,Model Y,2026,Base,111102.01,57.5,194.0,273.3,7.1,140.0,805.0,733.0,FWD,5,Sedan,30.0,1767.0,5,2,US,Luxury,457566,3.79,5,9277017.83,161339.44,0.2091,3.3739,20.9119,₹75–100L
Tesla,Cybertruck,2026,Base,121350.3,82.3,289.0,226.3,7.42,130.0,930.0,825.0,AWD,5,Truck,72.6,2759.0,5,3,US,Luxury,144677,3.86,6,10132750.05,123119.68,0.2852,3.5115,28.5214,₹100–150L
BYD,Qin,2025,Base,43868.55,77.3,290.0,123.0,5.63,165.0,450.0,423.0,FWD,5,Coupe,35.5,1761.0,5,1,China,Mid-range,211394,3.74,3,3663023.92,47387.11,0.7917,3.7516,79.1696,₹25–50L
Kia,EV9,2026,Long Range,37918.56,79.9,304.0,103.8,4.71,182.0,284.0,216.0,AWD,5,SUV,42.9,2341.0,5,0,South Korea,Mid-range,92798,3.66,3,3166199.76,39627.03,0.9601,3.8048,96.0142,₹25–50L
Volkswagen,ID.5,2023,Premium,87378.56,46.6,155.0,73.9,5.68,162.0,1000.0,866.0,AWD,7,Truck,70.7,2532.0,3,0,Germany,Premium,280958,3.26,5,7296109.76,156568.88,0.2124,3.3262,21.2442,₹50–75L
Volkswagen,ID. Aero,2025,Long Range,98049.57,79.3,271.0,109.3,5.08,178.0,1000.0,925.0,FWD,7,Truck,78.8,2544.0,4,0,Germany,Premium,232457,3.53,3,8187139.1,103242.61,0.331,3.4174,33.1007,₹75–100L
Audi,Q6 e-tron,2025,Base,91070.12,66.4,224.0,134.5,7.09,152.0,640.0,596.0,AWD,5,Sedan,21.5,1500.0,3,1,Germany,Premium,69627,3.71,7,7604355.02,114523.42,0.2946,3.3735,29.4568,₹75–100L
BYD,Dolphin,2026,Base,33590.41,74.1,252.0,145.1,7.81,140.0,320.0,319.0,AWD,7,Truck,59.1,2166.0,4,1,China,Budget,225478,3.58,5,2804799.24,37851.54,0.8985,3.4008,89.846,₹25–50L
Hyundai,Ioniq 5,2023,Long Range,51553.1,75.3,265.0,102.7,5.85,174.0,530.0,474.0,RWD,5,Coupe,25.8,1500.0,5,0,South Korea,Mid-range,110986,3.76,4,4304683.85,57167.12,0.6156,3.5193,61.5609,₹25–50L
Ford,Mustang Mach-E,2025,Base,31921.1,77.2,284.0,63.3,5.86,172.0,250.0,221.0,AWD,5,Coupe,16.0,1500.0,5,2,US,Budget,21264,3.57,5,2665411.85,34526.06,1.0655,3.6788,106.5501,₹25–50L
Volkswagen,ID.4,2024,Long Range,67460.11,97.9,324.0,92.4,4.29,180.0,681.0,643.0,FWD,7,Truck,78.7,2596.0,4,0,Germany,Premium,219503,3.66,3,5632919.18,57537.48,0.5752,3.3095,57.519,₹50–75L
BMW,i7,2025,Standard,56108.72,78.4,280.0,142.2,5.11,178.0,253.0,262.0,AWD,5,Hatchback,24.8,1729.0,5,1,Germany,Mid-range,32771,3.55,5,4685078.12,59758.65,0.5976,3.5714,59.7642,₹25–50L
Mercedes,EQS,2024,Performance,175695.73,119.3,421.0,160.5,2.98,200.0,1000.0,867.0,AWD,5,Truck,71.5,2775.0,4,1,Germany,Luxury,47072,4.14,7,14670593.46,122972.28,0.287,3.5289,28.6969,₹100–150L
Toyota,bZ Compact SUV,2020,Base,47569.79,41.5,160.0,86.2,7.8,133.0,419.0,383.0,RWD,5,SUV,43.1,1792.0,4,0,Japan,Mid-range,28709,3.17,4,3972077.46,95712.71,0.4028,3.8554,40.2812,₹25–50L
Tesla,Cybertruck,2024,Performance,68394.93,94.8,315.0,254.1,4.15,179.0,520.0,388.0,RWD,5,Truck,64.6,2391.0,5,2,US,Premium,230110,4.0,5,5710976.65,60242.37,0.5516,3.3228,55.1569,₹50–75L
Rivian,R1T,2025,Standard,78693.27,63.6,243.0,115.4,5.92,171.0,624.0,547.0,RWD,4,Truck,67.1,2866.0,4,0,US,Premium,14022,3.14,6,6570888.04,103315.85,0.3698,3.8208,36.9813,₹50–75L
Hyundai,Ioniq 6,2025,Standard,46340.48,70.6,240.0,88.7,7.3,133.0,473.0,446.0,FWD,5,Sedan,18.5,1585.0,3,0,South Korea,Mid-range,91894,3.21,4,3869430.08,54807.79,0.6202,3.3994,62.0246,₹25–50L
BYD,Seagull,2021,Standard,73231.02,46.1,166.0,143.1,7.63,141.0,844.0,798.0,AWD,5,Sedan,24.9,1547.0,4,1,China,Premium,227938,3.21,4,6114790.17,132641.87,0.2715,3.6009,27.1473,₹50–75L
Hyundai,Ioniq 6,2025,Standard,70402.19,49.9,170.0,108.8,7.04,148.0,866.0,746.0,FWD,5,Sedan,21.9,1500.0,5,1,South Korea,Premium,69074,3.3,4,5878582.86,117807.27,0.2892,3.4068,28.9185,₹50–75L
Polestar,3,2024,Premium,98223.61,58.4,219.0,103.2,7.31,147.0,701.0,672.0,RWD,5,Coupe,27.3,1500.0,4,2,Sweden,Premium,3904,3.65,4,8201671.44,140439.58,0.267,3.75,26.7019,₹75–100L
Hyundai,Ioniq,2024,Premium,39646.49,41.0,150.0,94.3,5.91,174.0,271.0,236.0,AWD,5,Hatchback,31.2,1595.0,5,0,South Korea,Mid-range,129173,3.0,3,3310481.92,80743.46,0.4531,3.6585,45.3106,₹25–50L
BYD,Yuan Plus,2023,Standard,70732.36,45.3,151.0,118.3,5.92,161.0,801.0,724.0,FWD,5,Hatchback,38.9,1764.0,4,1,China,Premium,198624,3.14,3,5906152.06,130378.63,0.2557,3.3333,25.5666,₹50–75L
BMW,i5,2023,Standard,106048.4,47.8,195.0,87.0,6.06,167.0,866.0,827.0,AWD,5,Hatchback,16.4,1511.0,5,1,Germany,Luxury,52016,3.3,5,8855041.4,185251.91,0.2202,4.0795,22.0214,₹75–100L
BYD,Seagull,2026,Standard,75687.78,57.9,223.0,77.4,7.1,136.0,911.0,866.0,AWD,7,Sedan,31.9,1545.0,3,2,China,Premium,230330,3.4,4,6319929.63,109152.5,0.3529,3.8515,35.2852,₹50–75L
Tesla,Model 3,2024,Premium,164903.76,51.1,184.0,261.5,6.48,159.0,1000.0,922.0,AWD,5,Coupe,30.2,1747.0,3,2,US,Luxury,238934,3.62,5,13769463.96,269461.13,0.1336,3.6008,13.3629,₹100–150L
Tesla,Cybertruck,2025,Premium,104330.24,50.1,185.0,261.5,7.04,145.0,792.0,738.0,RWD,7,Truck,79.1,2220.0,4,2,US,Luxury,241443,3.82,6,8711575.04,173883.73,0.2124,3.6926,21.2361,₹75–100L
Tesla,Model 3,2022,Premium,74667.63,60.5,201.0,228.2,6.62,159.0,552.0,490.0,AWD,5,Truck,78.2,2148.0,5,2,US,Premium,245609,3.71,4,6234747.1,103053.67,0.3224,3.3223,32.2387,₹50–75L
Tesla,Model S,2024,Standard,132957.6,57.4,197.0,313.0,5.66,168.0,1000.0,900.0,RWD,7,Sedan,24.8,1603.0,5,2,US,Luxury,220563,3.46,5,11101959.6,193413.93,0.1774,3.4321,17.7446,₹100–150L
Tesla,Model Y,2025,Performance,146521.88,91.7,343.0,226.2,3.18,200.0,1000.0,863.0,AWD,5,SUV,58.9,1942.0,4,2,US,Luxury,406719,4.12,5,12234576.98,133419.6,0.2804,3.7405,28.0353,₹100–150L
BMW,i7,2024,Long Range,126323.43,92.6,337.0,134.2,4.57,190.0,1000.0,906.0,FWD,7,Hatchback,38.1,1500.0,5,1,Germany,Luxury,51591,3.87,6,10548006.4,113909.36,0.3195,3.6393,31.9492,₹100–150L
Tesla,Model X,2025,Base,42945.26,77.0,266.0,309.9,6.79,148.0,248.0,200.0,AWD,7,SUV,66.1,1861.0,5,3,US,Mid-range,202664,3.79,5,3585929.21,46570.51,0.7418,3.4545,74.1788,₹25–50L
BYD,Dolphin,2024,Long Range,38014.51,86.6,325.0,141.9,4.79,169.0,383.0,328.0,AWD,7,SUV,45.2,1687.0,5,0,China,Mid-range,241420,3.72,3,3174211.58,36653.71,1.0239,3.7529,102.3876,₹25–50L
Audi,e-tron,2025,Standard,109441.61,51.1,161.0,100.9,7.02,151.0,876.0,844.0,AWD,5,Hatchback,21.6,1589.0,4,1,Germany,Luxury,27623,3.34,7,9138374.44,178833.16,0.1762,3.1507,17.618,₹75–100L
Hyundai,Ioniq 6,2026,Long Range,93179.93,102.1,351.0,126.1,4.97,181.0,1000.0,892.0,FWD,5,Sedan,16.2,1500.0,4,1,South Korea,Premium,64997,3.42,4,7780524.15,76204.94,0.4511,3.4378,45.1126,₹75–100L
BMW,i5,2025,Premium,79696.27,76.5,251.0,103.6,6.21,161.0,550.0,514.0,AWD,5,Truck,60.0,2846.0,5,1,Germany,Premium,32509,3.24,5,6654638.54,86988.74,0.3772,3.281,37.7181,₹50–75L
Tesla,Model Y,2025,Standard,85878.17,49.2,188.0,238.9,6.03,164.0,605.0,592.0,RWD,7,Sedan,29.6,2009.0,4,2,US,Premium,499717,3.42,5,7170827.2,145748.52,0.2622,3.8211,26.2173,₹50–75L
Tesla,Model Y,2021,Standard,49771.04,62.5,225.0,212.5,5.56,175.0,317.0,261.0,FWD,5,Coupe,34.2,1578.0,3,3,US,Mid-range,483023,3.69,5,4155881.84,66494.11,0.5414,3.6,54.1401,₹25–50L
Tesla,Model 3,2025,Premium,60544.17,81.6,287.0,247.1,5.81,158.0,384.0,366.0,RWD,5,Truck,51.2,2538.0,5,2,US,Mid-range,170776,3.98,6,5055438.2,61953.9,0.5677,3.5172,56.7705,₹50–75L
Tesla,Model S,2026,Long Range,125990.82,75.3,272.0,209.9,4.94,171.0,955.0,881.0,FWD,7,Hatchback,17.1,1589.0,5,2,US,Luxury,200607,3.97,4,10520233.47,139710.94,0.2585,3.6122,25.8549,₹100–150L
BYD,Seagull,2020,Long Range,48719.93,95.3,342.0,125.3,5.39,166.0,449.0,397.0,FWD,5,Coupe,30.4,1511.0,4,0,China,Mid-range,158941,3.72,4,4068114.16,42687.45,0.8407,3.5887,84.0684,₹25–50L
Tesla,Model X,2022,Performance,66277.97,97.7,340.0,285.5,3.71,189.0,445.0,394.0,RWD,5,Truck,59.1,2882.0,3,2,US,Premium,108652,4.11,4,5534210.5,56644.94,0.6144,3.48,61.436,₹50–75L
Tesla,Model Y,2025,Standard,122990.85,43.1,177.0,222.1,7.3,132.0,909.0,826.0,AWD,5,Hatchback,25.4,1500.0,4,2,US,Luxury,444103,3.49,5,10269735.98,238276.94,0.1724,4.1067,17.2351,₹100–150L
Tesla,Model 3,2025,Standard,77509.32,78.6,256.0,347.7,7.73,130.0,522.0,442.0,RWD,7,Hatchback,18.0,1500.0,3,2,US,Premium,156028,3.89,4,6472028.22,82341.33,0.3955,3.257,39.5548,₹50–75L
Hyundai,Ioniq 5,2025,Base,42592.08,73.4,215.0,90.7,6.29,154.0,432.0,362.0,FWD,5,Truck,54.8,2777.0,4,0,South Korea,Mid-range,124929,3.43,4,3556438.68,48452.84,0.6045,2.9292,60.4537,₹25–50L
BYD,Max,2026,Standard,42445.79,53.0,173.0,61.8,5.53,167.0,444.0,446.0,AWD,7,Coupe,34.2,1642.0,4,1,China,Mid-range,217748,3.05,5,3544223.46,66872.14,0.4881,3.2642,48.8118,₹25–50L
Volkswagen,ID. Aero,2023,Performance,44275.35,90.4,308.0,211.5,4.49,180.0,363.0,288.0,AWD,7,Hatchback,36.4,1606.0,5,2,Germany,Mid-range,209760,3.52,3,3696991.72,40895.93,0.8331,3.4071,83.311,₹25–50L
Hyundai,Ioniq 6,2025,Performance,107109.36,119.6,434.0,239.3,2.87,200.0,1000.0,906.0,AWD,5,SUV,68.7,2249.0,5,1,South Korea,Luxury,92278,3.9,3,8943631.56,74779.53,0.4853,3.6288,48.5261,₹75–100L
GM/Chevrolet,Bolt EV,2023,Base,38369.91,46.8,177.0,81.7,6.83,139.0,363.0,331.0,FWD,7,SUV,57.5,2174.0,5,0,US,Mid-range,19280,3.34,3,3203887.49,68459.13,0.5525,3.7821,55.2454,₹25–50L
Tesla,Model S,2023,Long Range,82872.71,88.9,322.0,293.4,4.31,182.0,559.0,488.0,AWD,7,Coupe,38.0,1852.0,5,2,US,Premium,233601,3.61,5,6919871.28,77838.82,0.4653,3.622,46.5327,₹50–75L
Ford,Mustang Mach-E,2024,Premium,96727.35,71.4,233.0,128.6,7.7,140.0,1000.0,862.0,AWD,7,Hatchback,20.7,1832.0,3,1,US,Premium,75873,3.24,5,8076733.72,113119.52,0.2885,3.2633,28.8483,₹75–100L
BMW,i7,2024,Base,84385.88,47.3,177.0,108.6,7.35,136.0,601.0,552.0,FWD,7,Sedan,23.5,1500.0,5,1,Germany,Premium,74771,3.09,6,7046220.98,148968.73,0.2512,3.7421,25.1198,₹50–75L
Tesla,Model Y,2025,Long Range,33796.25,90.1,295.0,250.6,4.06,183.0,215.0,200.0,RWD,5,SUV,43.0,2400.0,5,2,US,Budget,476519,3.86,5,2821986.88,31320.61,1.0454,3.2741,104.5363,₹25–50L
Audi,e-tron GT,2025,Base,67634.79,79.9,278.0,90.2,5.56,167.0,396.0,388.0,FWD,5,Sedan,24.9,1712.0,4,2,Germany,Premium,62437,3.52,8,5647504.96,70682.16,0.4923,3.4793,49.2253,₹50–75L
Rivian,R2,2025,Long Range,105675.37,104.0,386.0,102.2,4.64,173.0,1000.0,866.0,AWD,5,SUV,63.1,2353.0,5,0,US,Luxury,25421,3.88,4,8823893.4,84845.13,0.4374,3.7115,43.7449,₹75–100L
Tesla,Model X,2023,Standard,43959.45,63.9,211.0,207.5,6.67,148.0,283.0,251.0,FWD,5,SUV,62.7,1838.0,3,2,US,Mid-range,124556,3.97,4,3670614.08,57443.1,0.5748,3.302,57.4836,₹25–50L
BYD,Dolphin,2025,Base,19398.19,79.6,255.0,104.3,7.87,125.0,165.0,200.0,FWD,5,Van,71.9,1500.0,4,0,China,Budget,165718,3.4,4,1619748.86,20348.6,1.5743,3.2035,157.4318,<₹25L
Ford,Explorer EV,2026,Base,55828.42,47.5,163.0,69.0,5.68,167.0,570.0,527.0,RWD,5,Hatchback,22.3,1668.0,5,1,US,Mid-range,64449,3.39,5,4661673.07,98140.49,0.3497,3.4316,34.966,₹25–50L
GM/Chevrolet,Blazer EV,2025,Standard,55791.9,43.1,150.0,123.6,6.64,150.0,646.0,596.0,FWD,7,SUV,35.3,1903.0,5,2,US,Mid-range,16439,3.05,4,4658623.65,108088.72,0.322,3.4803,32.1984,₹25–50L
Tesla,Model 3,2025,Premium,151283.19,58.3,189.0,340.8,6.99,152.0,1000.0,918.0,AWD,5,Sedan,36.7,1557.0,5,2,US,Luxury,203592,3.49,5,12632146.36,216674.89,0.1496,3.2419,14.9618,₹100–150L
BYD,Qin,2024,Performance,54577.89,119.6,427.0,156.1,4.31,190.0,567.0,531.0,AWD,5,Hatchback,27.9,1638.0,5,0,China,Mid-range,139526,3.84,5,4557253.82,38104.13,0.937,3.5702,93.6968,₹25–50L
Volkswagen,ID. Buzz,2025,Standard,55247.47,53.5,199.0,114.4,5.73,170.0,459.0,410.0,AWD,5,Sedan,34.4,1500.0,5,1,Germany,Mid-range,220284,3.29,4,4613163.74,86227.36,0.4314,3.7196,43.1374,₹25–50L
Hyundai,Ioniq 6,2025,Base,37922.42,50.5,150.0,65.4,6.36,155.0,325.0,323.0,RWD,5,SUV,68.6,1992.0,3,0,South Korea,Mid-range,75225,3.06,5,3166522.07,62703.41,0.4737,2.9703,47.3706,₹25–50L
Kia,EV9,2023,Base,65534.18,84.3,248.0,57.6,5.04,176.0,708.0,642.0,FWD,5,SUV,56.5,1815.0,4,1,South Korea,Premium,115671,3.43,4,5472104.03,64912.27,0.4532,2.9419,45.3208,₹50–75L
Volkswagen,ID.3,2026,Standard,36867.62,42.0,175.0,63.1,6.92,148.0,259.0,233.0,RWD,7,Van,67.1,1542.0,5,1,Germany,Mid-range,299992,3.38,4,3078446.27,73296.34,0.5685,4.1667,56.8469,₹25–50L
Hyundai,Ioniq 6,2023,Standard,66319.66,72.9,225.0,110.9,7.63,134.0,766.0,617.0,RWD,7,Van,77.2,1709.0,4,0,South Korea,Premium,139935,3.2,3,5537691.61,75962.85,0.4063,3.0864,40.6306,₹50–75L
GM/Chevrolet,Blazer EV,2026,Standard,47749.35,64.3,253.0,114.0,5.82,170.0,522.0,467.0,RWD,7,Truck,71.9,2378.0,5,0,US,Mid-range,11602,3.26,4,3987070.72,62007.32,0.6346,3.9347,63.4551,₹25–50L
Tesla,Model S,2025,Standard,75212.51,79.3,260.0,293.3,6.39,154.0,528.0,494.0,FWD,7,Sedan,37.8,1513.0,5,3,US,Premium,148099,3.93,6,6280244.58,79196.02,0.414,3.2787,41.3997,₹50–75L
BYD,Atto 3,2025,Long Range,87159.36,101.7,351.0,140.4,4.35,183.0,986.0,946.0,AWD,5,Truck,68.2,2527.0,3,1,China,Premium,204628,3.58,3,7277806.56,71561.52,0.4823,3.4513,48.2288,₹50–75L
GM/Chevrolet,Bolt EUV,2021,Standard,44183.28,58.8,207.0,105.0,5.23,169.0,449.0,443.0,RWD,5,Van,64.7,1615.0,5,0,US,Mid-range,22786,3.51,4,3689303.88,62743.26,0.5611,3.5204,56.1081,₹25–50L
Audi,e-tron,2023,Standard,63313.85,56.2,189.0,110.0,6.71,138.0,298.0,281.0,AWD,5,Van,72.2,1632.0,4,1,Germany,Mid-range,25175,3.27,6,5286706.47,94069.51,0.3575,3.363,35.75,₹50–75L
Hyundai,Kona Electric,2024,Long Range,90974.8,80.4,296.0,119.4,4.7,179.0,1000.0,923.0,FWD,7,Van,72.6,1741.0,4,0,South Korea,Premium,59668,3.91,3,7596395.8,94482.53,0.3897,3.6816,38.9658,₹75–100L
Hyundai,Ioniq 5,2022,Performance,81725.25,71.7,234.0,189.2,3.79,197.0,1000.0,888.0,AWD,5,Sedan,37.0,1500.0,5,1,South Korea,Premium,72070,3.48,4,6824058.38,95175.15,0.3429,3.2636,34.2904,₹50–75L
Tesla,Model Y,2025,Long Range,64135.13,97.7,359.0,226.7,5.4,171.0,471.0,372.0,RWD,5,Hatchback,37.5,1742.0,4,3,US,Mid-range,427732,4.21,4,5355283.35,54813.55,0.6704,3.6745,67.0366,₹50–75L
Volkswagen,ID.4,2025,Performance,91483.89,74.2,246.0,206.1,3.02,199.0,1000.0,891.0,AWD,5,Coupe,37.3,1500.0,4,1,Germany,Premium,206750,3.64,3,7638904.82,102950.2,0.322,3.3154,32.2036,₹75–100L
Hyundai,i30,2024,Premium,40685.58,66.5,247.0,65.0,6.33,159.0,381.0,313.0,AWD,7,Hatchback,18.5,1548.0,5,0,South Korea,Mid-range,143645,3.36,4,3397245.93,51086.4,0.7271,3.7143,72.706,₹25–50L
BYD,Dolphin,2025,Base,52144.09,43.5,150.0,82.6,5.11,178.0,572.0,578.0,FWD,7,Hatchback,15.2,1600.0,4,0,China,Mid-range,212512,3.12,3,4354031.51,100092.68,0.3445,3.4483,34.4508,₹25–50L
BYD,Yuan Plus,2024,Base,73962.43,41.7,163.0,108.8,5.83,163.0,867.0,753.0,RWD,5,Sedan,18.4,1597.0,5,0,China,Premium,121424,3.25,3,6175862.9,148102.23,0.2639,3.9089,26.3931,₹50–75L
Volkswagen,ID.5,2023,Performance,62312.34,116.7,420.0,160.5,4.17,191.0,574.0,499.0,FWD,7,Sedan,30.5,1792.0,4,0,Germany,Mid-range,298301,3.59,3,5203080.39,44585.09,0.8072,3.599,80.7214,₹50–75L
Tesla,Model 3,2024,Long Range,73678.26,106.1,370.0,204.7,4.74,177.0,505.0,433.0,RWD,5,Coupe,29.7,1536.0,5,2,US,Premium,201869,3.99,5,6152134.71,57984.3,0.6014,3.4873,60.1417,₹50–75L
BYD,Leaf 50X,2021,Premium,32842.63,55.1,180.0,131.0,7.28,139.0,415.0,337.0,AWD,5,SUV,55.1,2155.0,4,1,China,Budget,173134,3.1,4,2742359.6,49770.59,0.6564,3.2668,65.6369,₹25–50L
BYD,Atto 3,2023,Performance,62874.95,71.7,262.0,179.3,3.15,200.0,691.0,603.0,RWD,5,Sedan,38.9,1665.0,4,0,China,Mid-range,207361,3.74,4,5250058.32,73222.57,0.499,3.6541,49.9042,₹50–75L
BYD,Atto 3,2022,Premium,107436.09,65.7,255.0,124.5,7.71,137.0,1000.0,899.0,RWD,5,SUV,37.8,1887.0,5,1,China,Luxury,201045,3.64,3,8970913.52,136543.58,0.2843,3.8813,28.4252,₹75–100L
Tesla,Model 3,2025,Premium,154568.94,68.0,235.0,285.7,5.02,170.0,1000.0,937.0,RWD,5,Coupe,21.2,1756.0,5,3,US,Luxury,245844,3.7,5,12906506.49,189801.57,0.1821,3.4559,18.2079,₹100–150L
Audi,e-tron,2024,Standard,62074.39,65.3,236.0,53.7,5.78,160.0,256.0,256.0,RWD,7,SUV,53.4,2242.0,5,2,Germany,Mid-range,41240,3.53,8,5183211.57,79375.37,0.4553,3.6141,45.5316,₹50–75L
Kia,EV6,2024,Performance,68316.17,76.4,262.0,155.3,3.88,189.0,785.0,658.0,RWD,7,Hatchback,23.8,1907.0,4,2,South Korea,Premium,86275,3.61,3,5704400.2,74664.92,0.4593,3.4293,45.9295,₹50–75L
BMW,iX,2023,Base,98461.71,53.0,185.0,121.0,6.84,142.0,800.0,752.0,FWD,7,Sedan,27.3,1509.0,5,2,Germany,Premium,22686,3.0,7,8221552.78,155123.64,0.225,3.4906,22.5018,₹75–100L
Ford,Mustang Mach-E,2023,Premium,61500.69,61.2,209.0,73.0,6.01,154.0,616.0,524.0,AWD,7,Sedan,15.4,1576.0,5,1,US,Mid-range,52208,3.39,4,5135307.62,83910.26,0.407,3.415,40.6986,₹50–75L
Hyundai,Ioniq 6,2024,Standard,60164.53,53.1,185.0,61.2,7.06,146.0,673.0,592.0,FWD,7,SUV,41.7,1827.0,5,1,South Korea,Mid-range,85467,3.29,5,5023738.26,94609.01,0.3683,3.484,36.8252,₹50–75L
Tesla,Model 3,2023,Standard,123171.93,71.8,246.0,208.4,6.3,150.0,907.0,860.0,FWD,5,Hatchback,24.7,1779.0,4,3,US,Luxury,165942,3.71,5,10284856.15,143243.12,0.2392,3.4262,23.9187,₹100–150L
Hyundai,i30,2024,Base,35093.17,77.1,295.0,136.0,7.96,134.0,249.0,207.0,FWD,5,Van,65.6,1663.0,4,2,South Korea,Mid-range,117101,3.46,4,2930279.7,38006.22,1.0067,3.8262,100.673,₹25–50L
Kia,Niro EV,2021,Premium,101333.39,70.5,249.0,104.0,5.45,170.0,1000.0,846.0,RWD,5,Van,71.2,1660.0,4,0,South Korea,Luxury,89918,3.29,4,8461338.06,120018.98,0.2943,3.5319,29.428,₹75–100L
GM/Chevrolet,Blazer EV,2022,Long Range,54305.64,86.4,289.0,121.7,5.96,162.0,669.0,612.0,FWD,5,Van,66.9,1708.0,5,2,US,Mid-range,18445,3.56,4,4534520.94,52482.88,0.6373,3.3449,63.7333,₹25–50L
Volkswagen,ID. Buzz,2025,Performance,58007.82,105.3,382.0,246.2,4.21,188.0,563.0,492.0,RWD,7,Van,67.8,1781.0,3,0,Germany,Mid-range,241176,3.98,3,4843652.97,45998.6,0.7887,3.6277,78.8661,₹25–50L
Tesla,Cybertruck,2024,Performance,188964.7,106.8,367.0,318.0,4.35,193.0,1000.0,912.0,RWD,7,Truck,67.4,2274.0,4,3,US,Luxury,239165,4.27,5,15778552.45,147739.26,0.2326,3.4363,23.2594,₹150–200L
BYD,Leaf 50X,2025,Standard,33650.32,63.9,231.0,79.2,7.37,134.0,332.0,340.0,AWD,7,Sedan,39.5,1698.0,4,1,China,Budget,210399,3.56,4,2809801.72,43971.86,0.8221,3.615,82.2122,₹25–50L
Volkswagen,ID. Buzz,2023,Base,31850.78,51.4,199.0,81.3,7.1,149.0,166.0,200.0,FWD,5,Sedan,30.7,1500.0,5,0,Germany,Budget,272903,3.24,3,2659540.13,51742.03,0.7482,3.8716,74.825,₹25–50L
BMW,iX,2026,Standard,111337.67,83.1,295.0,73.5,5.59,167.0,1000.0,922.0,RWD,7,Van,66.0,1641.0,4,1,Germany,Luxury,20689,3.65,7,9296695.44,111873.59,0.3173,3.5499,31.7317,₹75–100L
Kia,Sportage EV,2024,Standard,56593.19,56.2,197.0,62.4,5.24,170.0,590.0,549.0,RWD,5,SUV,55.4,2177.0,4,0,South Korea,Mid-range,135755,3.26,4,4725531.36,84084.19,0.4169,3.5053,41.6884,₹25–50L
Volkswagen,ID.3,2024,Base,71569.98,57.7,186.0,144.5,5.62,158.0,746.0,669.0,RWD,7,SUV,68.2,2030.0,5,1,Germany,Premium,287315,3.19,3,5976093.33,103571.81,0.3112,3.2236,31.124,₹50–75L
Porsche,Macan Electric,2023,Long Range,139594.69,75.6,252.0,292.5,4.35,179.0,611.0,473.0,FWD,7,Hatchback,25.3,1829.0,3,0,Germany,Luxury,9428,3.64,8,11656156.62,154181.97,0.2162,3.3333,21.6195,₹100–150L
Kia,Niro EV,2023,Standard,42128.98,66.6,226.0,79.4,6.82,145.0,371.0,263.0,FWD,7,Hatchback,33.2,1795.0,4,0,South Korea,Mid-range,121472,3.23,4,3517769.83,52819.37,0.6425,3.3934,64.2452,₹25–50L
BYD,Seagull,2023,Base,52361.13,60.0,186.0,121.5,7.42,142.0,534.0,449.0,FWD,7,Hatchback,32.1,1500.0,4,0,China,Mid-range,203886,3.06,3,4372154.35,72869.24,0.4254,3.1,42.542,₹25–50L
Tesla,Cybertruck,2022,Performance,161513.5,115.3,420.0,223.7,2.54,200.0,1000.0,924.0,RWD,5,Truck,75.1,2605.0,4,2,US,Luxury,172224,4.09,4,13486377.25,116967.71,0.3114,3.6427,31.1425,₹100–150L
Tesla,Model S,2025,Performance,99545.7,74.1,250.0,202.5,4.19,190.0,746.0,677.0,AWD,7,Hatchback,34.7,1588.0,4,2,US,Premium,244941,3.69,5,8312065.95,112173.63,0.3008,3.3738,30.0768,₹75–100L
BYD,Dolphin,2023,Premium,78664.3,82.8,301.0,145.4,6.95,137.0,845.0,776.0,AWD,5,Truck,74.0,2356.0,5,1,China,Premium,238674,3.59,4,6568469.05,79329.34,0.4582,3.6353,45.825,₹50–75L
Tesla,Model Y,2022,Base,75540.09,49.6,150.0,293.4,5.78,154.0,490.0,455.0,FWD,5,Coupe,23.0,1503.0,5,2,US,Premium,455317,3.27,6,6307597.52,127169.3,0.2378,3.0242,23.7808,₹50–75L
Tesla,Model S,2025,Performance,135540.84,85.8,296.0,299.2,3.77,188.0,1000.0,854.0,RWD,5,SUV,61.5,2369.0,5,3,US,Luxury,108193,3.98,5,11317660.14,131907.46,0.2615,3.4499,26.1538,₹100–150L
BYD,Seagull,2024,Base,24520.21,71.2,253.0,57.5,6.21,159.0,228.0,201.0,AWD,7,Hatchback,33.7,1739.0,5,1,China,Budget,191198,3.48,5,2047437.54,28756.15,1.2357,3.5534,123.5691,<₹25L
Tesla,Model Y,2026,Base,113350.86,73.5,268.0,207.2,6.51,155.0,835.0,807.0,FWD,7,Sedan,17.4,1500.0,5,2,US,Luxury,463970,3.62,6,9464796.81,128772.75,0.2832,3.6463,28.3155,₹75–100L
Audi,Q6 e-tron,2025,Base,80914.99,67.4,220.0,55.8,5.13,178.0,484.0,414.0,FWD,5,Sedan,30.0,1500.0,5,1,Germany,Premium,22856,3.44,7,6756401.66,100243.35,0.3256,3.2641,32.5617,₹50–75L
Tesla,Model X,2023,Performance,84447.94,72.5,255.0,322.2,3.35,200.0,602.0,569.0,FWD,5,Sedan,36.6,1535.0,4,2,US,Premium,103295,3.51,6,7051402.99,97260.73,0.3616,3.5172,36.163,₹50–75L
Hyundai,Ioniq,2024,Base,31858.49,76.6,274.0,140.3,5.5,171.0,286.0,243.0,FWD,7,Hatchback,24.0,1538.0,3,0,South Korea,Budget,89552,3.4,5,2660183.92,34728.25,1.03,3.577,103.0004,₹25–50L
Volkswagen,ID.5,2025,Standard,70801.47,60.4,204.0,126.5,7.51,137.0,785.0,727.0,FWD,7,SUV,66.5,1837.0,5,0,Germany,Premium,299914,3.54,4,5911922.74,97879.52,0.3451,3.3775,34.5065,₹50–75L
Polestar,4,2025,Standard,80679.27,41.3,155.0,112.6,5.25,170.0,456.0,427.0,AWD,5,Hatchback,33.2,1818.0,5,0,Sweden,Premium,7428,3.03,4,6736719.04,163116.68,0.2301,3.753,23.0082,₹50–75L
Tesla,Model S,2025,Base,29088.57,79.3,262.0,230.9,6.43,148.0,150.0,200.0,FWD,7,Van,79.5,1535.0,5,2,US,Budget,173989,4.17,6,2428895.6,30629.2,1.0787,3.3039,107.868,<₹25L
Volkswagen,ID.3,2026,Long Range,57231.82,83.1,283.0,81.4,4.75,170.0,586.0,546.0,RWD,7,Van,69.5,1604.0,4,1,Germany,Mid-range,290062,3.77,4,4778856.97,57507.3,0.5922,3.4055,59.2192,₹25–50L
Fisker,Ronin,2025,Premium,67039.1,75.0,271.0,92.9,7.99,127.0,473.0,448.0,AWD,7,Coupe,30.8,1735.0,5,1,US,Premium,2336,3.5,5,5597764.85,74636.86,0.4841,3.6133,48.4122,₹50–75L
Mercedes,EQG,2024,Base,72880.75,63.7,235.0,106.4,7.57,133.0,273.0,269.0,RWD,5,Truck,69.4,2466.0,4,1,Germany,Premium,46123,3.85,5,6085542.62,95534.42,0.3862,3.6892,38.6161,₹50–75L
Ford,E-Transit,2024,Premium,81884.76,79.5,280.0,54.3,7.91,134.0,950.0,893.0,AWD,5,Hatchback,22.8,1998.0,3,1,US,Premium,49332,3.58,4,6837377.46,86004.75,0.4095,3.522,40.9514,₹50–75L
BYD,Dolphin,2024,Base,27229.19,64.8,227.0,133.2,7.27,144.0,326.0,301.0,FWD,5,Hatchback,28.0,1522.0,5,0,China,Budget,118103,3.49,4,2273637.36,35087.0,0.9984,3.5031,99.84,<₹25L
Tesla,Cybertruck,2022,Performance,39719.77,75.3,297.0,204.3,3.65,200.0,277.0,273.0,AWD,5,Truck,70.2,2610.0,5,2,US,Mid-range,220959,4.0,5,3316600.8,44045.16,0.8955,3.9442,89.5495,₹25–50L
BMW,i4,2024,Long Range,83737.7,90.9,331.0,92.1,5.78,166.0,611.0,530.0,FWD,5,Sedan,22.8,1527.0,4,2,Germany,Premium,68789,3.44,6,6992097.95,76920.77,0.4734,3.6414,47.3392,₹50–75L
Rivian,R2,2025,Performance,104305.19,112.7,429.0,159.1,3.37,200.0,1000.0,875.0,FWD,7,Hatchback,29.3,1500.0,4,1,US,Luxury,26219,4.08,6,8709483.36,77280.24,0.4926,3.8066,49.2567,₹75–100L
Kia,EV6,2025,Performance,107335.21,101.2,372.0,208.4,3.71,187.0,1000.0,911.0,AWD,5,Truck,63.5,2775.0,5,0,South Korea,Luxury,56222,3.63,5,8962490.04,88562.15,0.4151,3.6759,41.5063,₹75–100L
Kia,Picanto EV,2026,Long Range,38689.25,93.0,330.0,69.7,5.24,173.0,322.0,295.0,FWD,7,SUV,67.4,1906.0,3,1,South Korea,Mid-range,112175,3.57,4,3230552.38,34737.12,1.0215,3.5484,102.1497,₹25–50L
BYD,Dolphin,2025,Standard,45068.52,56.6,195.0,112.5,5.42,162.0,472.0,438.0,RWD,5,Sedan,18.0,1566.0,5,0,China,Mid-range,196546,3.22,5,3763221.42,66488.01,0.5182,3.4452,51.8173,₹25–50L
Ford,E-Transit,2023,Standard,38404.42,49.1,193.0,124.0,6.99,148.0,300.0,298.0,FWD,5,Truck,79.1,3000.0,3,1,US,Mid-range,49683,3.43,4,3206769.07,65310.98,0.6019,3.9308,60.1852,₹25–50L
Tesla,Model S,2025,Standard,47711.51,47.2,173.0,321.6,5.99,154.0,308.0,261.0,FWD,5,Sedan,26.8,1500.0,4,2,US,Mid-range,180408,3.58,5,3983911.08,84404.9,0.4342,3.6653,43.4247,₹25–50L
BYD,Dolphin,2023,Long Range,77360.56,106.1,386.0,136.6,4.88,176.0,878.0,785.0,RWD,7,Truck,52.9,2502.0,5,1,China,Premium,154361,3.89,4,6459606.76,60882.25,0.5976,3.6381,59.756,₹50–75L
Volkswagen,ID. Buzz,2024,Base,65767.18,48.6,159.0,110.2,7.4,137.0,635.0,584.0,FWD,7,Van,66.8,1591.0,5,0,Germany,Premium,214102,3.4,5,5491559.53,112995.05,0.2895,3.2716,28.9535,₹50–75L
Hyundai,Ioniq 6,2025,Premium,72308.96,49.7,167.0,107.3,6.71,150.0,906.0,841.0,AWD,5,Van,64.1,1602.0,3,0,South Korea,Premium,143294,3.17,4,6037798.16,121484.87,0.2766,3.3602,27.6591,₹50–75L
BYD,Leaf 50X,2021,Performance,86937.42,114.7,426.0,245.8,4.0,200.0,961.0,894.0,FWD,7,Sedan,35.9,1500.0,5,1,China,Premium,145646,4.13,4,7259274.57,63289.23,0.5868,3.714,58.6835,₹50–75L
Tesla,Model 3,2026,Standard,127646.69,65.6,239.0,238.5,6.59,154.0,936.0,844.0,FWD,7,SUV,57.6,2416.0,4,2,US,Luxury,120535,3.74,4,10658498.62,162477.11,0.2242,3.6433,22.4234,₹100–150L
Kia,Sportage EV,2025,Long Range,37973.05,76.2,263.0,50.6,4.99,172.0,328.0,234.0,RWD,5,SUV,40.5,2061.0,4,2,South Korea,Mid-range,66783,3.42,4,3170749.68,41610.89,0.8295,3.4514,82.9457,₹25–50L
BYD,Atto 3,2023,Long Range,48954.46,94.7,326.0,56.1,4.75,184.0,512.0,464.0,AWD,5,Van,74.0,1616.0,5,1,China,Mid-range,200483,3.75,4,4087697.41,43164.7,0.7975,3.4424,79.7515,₹25–50L
Kia,EV9,2021,Long Range,60641.55,109.9,404.0,83.4,5.66,168.0,698.0,655.0,AWD,5,SUV,57.2,2142.0,5,2,South Korea,Mid-range,116742,3.9,5,5063569.42,46074.34,0.7979,3.6761,79.7856,₹50–75L
Tesla,Model S,2025,Long Range,89182.57,108.7,358.0,299.9,5.62,158.0,683.0,643.0,FWD,5,Truck,69.3,2123.0,4,2,US,Premium,161378,4.0,6,7446744.6,68507.31,0.4807,3.2935,48.0747,₹50–75L
Hyundai,Ioniq 5,2024,Premium,41142.11,53.2,176.0,90.5,5.85,160.0,367.0,339.0,AWD,5,Hatchback,17.5,1865.0,4,1,South Korea,Mid-range,133250,3.71,4,3435366.18,64574.55,0.5123,3.3083,51.2318,₹25–50L
Hyundai,Ioniq 5,2025,Long Range,49595.48,75.1,260.0,73.9,4.53,187.0,496.0,428.0,RWD,5,Coupe,18.4,1805.0,5,0,South Korea,Mid-range,108288,3.54,4,4141222.58,55142.78,0.6278,3.4621,62.7834,₹25–50L
Tesla,Model S,2025,Base,99045.61,69.9,238.0,316.4,7.86,125.0,716.0,620.0,FWD,5,SUV,60.9,2154.0,4,3,US,Premium,134937,3.58,5,8270308.44,118316.29,0.2878,3.4049,28.7776,₹75–100L
BYD,Leaf 50X,2024,Standard,68838.03,48.9,180.0,88.2,6.45,147.0,757.0,719.0,FWD,7,Coupe,19.4,1666.0,4,0,China,Premium,173863,3.01,5,5747975.5,117545.51,0.3132,3.681,31.3154,₹50–75L
Tesla,Model 3,2024,Long Range,54793.42,108.6,395.0,265.4,4.22,191.0,350.0,288.0,FWD,5,Hatchback,20.8,1657.0,4,3,US,Mid-range,136524,4.42,6,4575250.57,42129.38,0.8633,3.6372,86.3341,₹25–50L
Tesla,Cybertruck,2025,Premium,160711.64,76.8,290.0,265.0,6.64,153.0,1000.0,885.0,AWD,5,Truck,67.5,2776.0,5,2,US,Luxury,208796,3.95,5,13419421.94,174732.06,0.2161,3.776,21.6105,₹100–150L
Volvo,C40 Recharge,2026,Long Range,68234.87,75.5,251.0,127.0,5.73,165.0,493.0,456.0,FWD,5,SUV,41.7,2235.0,4,0,Sweden,Premium,22605,3.33,3,5697611.64,75465.05,0.4405,3.3245,44.0535,₹50–75L
BYD,Atto 3,2023,Base,53518.98,71.2,260.0,109.6,6.1,153.0,632.0,516.0,FWD,7,Hatchback,28.5,1500.0,4,2,China,Mid-range,222794,3.15,4,4468834.83,62764.53,0.5818,3.6517,58.1807,₹25–50L
Ford,E-Transit,2025,Standard,43156.03,81.3,293.0,146.7,7.18,139.0,341.0,288.0,FWD,5,Van,65.4,1526.0,4,2,US,Mid-range,34530,3.75,4,3603528.5,44323.84,0.8131,3.6039,81.3092,₹25–50L
BYD,Leaf 50X,2021,Base,44708.41,55.8,204.0,97.6,7.34,146.0,492.0,419.0,RWD,7,Hatchback,18.7,1500.0,4,0,China,Mid-range,132992,3.34,4,3733152.24,66902.37,0.5465,3.6559,54.6455,₹25–50L
BMW,i7,2022,Long Range,115394.15,98.5,343.0,61.0,4.94,167.0,1000.0,863.0,AWD,5,Sedan,18.5,1500.0,5,1,Germany,Luxury,58674,3.4,5,9635411.52,97821.44,0.356,3.4822,35.5979,₹75–100L
GM/Chevrolet,Bolt EUV,2025,Base,38010.06,62.7,226.0,57.0,7.27,137.0,303.0,283.0,RWD,7,Hatchback,27.0,1852.0,4,2,US,Mid-range,16274,3.18,4,3173840.01,50619.46,0.7121,3.6045,71.2071,₹25–50L
Kia,EV6,2024,Standard,70386.61,70.9,215.0,57.3,5.02,168.0,727.0,681.0,RWD,5,Sedan,38.7,1504.0,4,0,South Korea,Premium,72998,3.35,4,5877281.94,82895.37,0.3658,3.0324,36.5815,₹50–75L
Hyundai,Ioniq,2022,Long Range,67747.05,89.8,333.0,82.6,4.95,173.0,779.0,667.0,AWD,5,Coupe,29.8,1778.0,5,2,South Korea,Premium,100096,3.57,4,5656878.68,62994.19,0.5887,3.7082,58.8664,₹50–75L
Volkswagen,ID.4,2024,Performance,78109.65,110.5,383.0,158.6,2.78,200.0,886.0,783.0,FWD,7,Truck,78.0,2339.0,5,0,Germany,Premium,260956,3.68,4,6522155.78,59024.03,0.5872,3.4661,58.7229,₹50–75L
BYD,Max,2025,Base,23230.02,80.6,262.0,77.9,6.83,151.0,173.0,200.0,AWD,5,Van,71.2,1500.0,5,0,China,Budget,183226,3.75,4,1939706.67,24065.84,1.3507,3.2506,135.072,<₹25L
Rivian,R1S,2026,Standard,87078.44,72.1,262.0,114.3,6.22,150.0,1000.0,898.0,RWD,5,Coupe,28.0,1649.0,5,0,US,Premium,21561,3.72,5,7271049.74,100846.74,0.3603,3.6338,36.0333,₹50–75L
Mercedes,EQG,2023,Long Range,133058.62,89.4,309.0,123.4,5.84,158.0,777.0,661.0,AWD,7,Truck,65.8,2651.0,5,1,Germany,Luxury,29039,3.99,8,11110394.77,124277.35,0.2781,3.4564,27.8118,₹100–150L
Fisker,Ronin,2026,Base,89077.35,81.7,286.0,60.9,6.38,155.0,727.0,707.0,FWD,5,Coupe,33.3,1746.0,4,2,US,Premium,28442,3.61,5,7437958.72,91039.89,0.3845,3.5006,38.4514,₹50–75L
Tesla,Model 3,2025,Premium,106221.52,66.8,251.0,322.1,7.55,134.0,785.0,681.0,AWD,7,Sedan,24.8,1593.0,4,2,US,Luxury,106799,3.65,5,8869496.92,132776.9,0.283,3.7575,28.2992,₹75–100L
GM/Chevrolet,Bolt EV,2024,Standard,59253.96,56.6,223.0,145.1,5.33,160.0,753.0,666.0,RWD,7,Truck,64.0,2655.0,5,2,US,Mid-range,22516,3.7,4,4947705.66,87415.29,0.4507,3.9399,45.0714,₹25–50L
NIO,ET6,2025,Standard,70152.19,44.1,160.0,64.9,5.79,156.0,523.0,459.0,AWD,7,Truck,60.4,2579.0,5,0,China,Premium,21427,3.0,3,5857707.86,132827.84,0.2731,3.6281,27.3144,₹50–75L
Tesla,Model X,2022,Standard,45367.75,80.8,287.0,280.7,7.63,134.0,319.0,269.0,FWD,5,Sedan,32.8,1627.0,5,2,US,Mid-range,112809,3.72,5,3788207.12,46883.75,0.7576,3.552,75.7614,₹25–50L
Tesla,Cybertruck,2026,Base,101101.42,71.8,255.0,345.4,5.47,163.0,743.0,693.0,RWD,5,Truck,58.6,2449.0,3,2,US,Luxury,118722,3.89,5,8441968.57,117576.16,0.3021,3.5515,30.2062,₹75–100L
GM/Chevrolet,Silverado EV,2024,Performance,71690.64,77.9,282.0,184.2,2.81,200.0,1000.0,943.0,AWD,5,Sedan,36.0,1500.0,4,1,US,Premium,26479,3.38,3,5986168.44,76844.27,0.4711,3.62,47.1086,₹50–75L
Kia,EV6,2026,Base,65902.95,59.6,203.0,101.4,7.56,132.0,701.0,645.0,AWD,5,Sedan,19.5,1918.0,4,1,South Korea,Premium,95119,3.3,4,5502896.32,92330.48,0.3689,3.406,36.8897,₹50–75L
Mercedes,GLE EV,2024,Performance,178911.77,79.7,265.0,204.2,4.48,187.0,1000.0,924.0,AWD,5,Truck,71.7,2315.0,4,2,Germany,Luxury,68804,3.85,6,14939132.8,187442.07,0.1774,3.325,17.7386,₹100–150L
Tesla,Model Y,2025,Long Range,97027.38,108.3,372.0,265.9,5.23,170.0,708.0,592.0,RWD,5,Truck,60.6,2443.0,5,2,US,Premium,401761,4.12,4,8101786.23,74808.74,0.4592,3.4349,45.9158,₹75–100L
Ford,F-150 Lightning,2025,Long Range,53281.67,84.7,295.0,89.2,5.45,173.0,587.0,498.0,FWD,4,Truck,66.6,2590.0,4,0,US,Mid-range,59310,3.42,4,4449019.44,52526.79,0.6631,3.4829,66.3067,₹25–50L
Tesla,Model Y,2023,Standard,53432.36,79.6,289.0,218.5,6.41,146.0,397.0,369.0,AWD,7,Coupe,31.6,1500.0,5,2,US,Mid-range,490497,3.93,6,4461602.06,56050.28,0.6477,3.6307,64.7749,₹25–50L
Tesla,Model X,2025,Long Range,92231.53,76.0,264.0,230.5,5.11,177.0,643.0,559.0,FWD,5,Van,79.3,1571.0,4,2,US,Premium,226342,3.56,5,7701332.76,101333.33,0.3428,3.4737,34.2798,₹75–100L
Tesla,Model X,2024,Standard,125065.93,50.7,159.0,274.5,5.27,172.0,917.0,842.0,RWD,7,Hatchback,34.8,1620.0,4,2,US,Luxury,243623,3.24,6,10443005.15,205976.43,0.1523,3.1361,15.2255,₹100–150L
Ford,F-150 Lightning,2020,Long Range,67768.09,83.3,291.0,91.9,4.58,173.0,752.0,718.0,FWD,2,Truck,54.9,2624.0,5,0,US,Premium,25258,3.54,4,5658635.52,67930.8,0.5143,3.4934,51.4258,₹50–75L
BMW,i3,2026,Standard,62674.5,70.6,211.0,55.7,6.14,160.0,342.0,306.0,FWD,5,Coupe,18.0,1500.0,3,1,Germany,Mid-range,61611,3.24,6,5233320.75,74126.36,0.4032,2.9887,40.3186,₹50–75L
Hyundai,Kona Electric,2023,Long Range,40702.92,77.5,277.0,76.4,4.65,183.0,398.0,317.0,AWD,5,SUV,61.4,2484.0,4,1,South Korea,Mid-range,128695,3.64,4,3398693.82,43854.11,0.815,3.5742,81.5019,₹25–50L
Volkswagen,ID. Buzz,2026,Premium,50055.73,71.2,256.0,121.7,7.42,140.0,445.0,413.0,RWD,7,Hatchback,37.1,1500.0,5,0,Germany,Mid-range,296123,3.65,3,4179653.46,58703.0,0.6125,3.5955,61.2491,₹25–50L
Audi,e-tron GT,2023,Base,67690.27,64.3,232.0,90.1,6.29,158.0,335.0,307.0,RWD,5,Sedan,19.6,1806.0,4,1,Germany,Premium,63429,3.38,5,5652137.54,87902.61,0.4105,3.6081,41.0464,₹50–75L
Volkswagen,ID.3,2024,Long Range,37557.87,86.2,299.0,109.8,4.74,175.0,291.0,288.0,FWD,7,Coupe,33.1,1738.0,5,0,Germany,Mid-range,247190,3.68,4,3136082.14,36381.46,0.9534,3.4687,95.3419,₹25–50L
Ford,E-Transit,2024,Standard,48328.54,81.9,268.0,116.4,7.97,132.0,460.0,436.0,AWD,7,SUV,69.5,2108.0,4,0,US,Mid-range,34857,3.47,3,4035433.09,49272.69,0.6641,3.2723,66.4117,₹25–50L
Volkswagen,ID. Aero,2025,Long Range,102771.71,104.2,392.0,112.5,5.33,174.0,1000.0,854.0,FWD,5,Van,77.2,2045.0,4,1,Germany,Luxury,235887,3.78,5,8581437.78,82355.45,0.4568,3.762,45.68,₹75–100L
Volkswagen,ID. Aero,2025,Long Range,97037.17,79.8,284.0,132.3,5.42,167.0,1000.0,875.0,RWD,5,Coupe,32.1,1540.0,4,0,Germany,Premium,292071,3.47,4,8102603.7,101536.39,0.3505,3.5589,35.0505,₹75–100L
Hyundai,i30,2025,Long Range,81032.96,109.2,372.0,121.6,5.8,171.0,1000.0,882.0,RWD,7,Coupe,31.9,1543.0,5,2,South Korea,Premium,132543,3.49,4,6766252.16,61962.02,0.5498,3.4066,54.9787,₹50–75L
BYD,Atto 3,2024,Long Range,53347.12,78.9,277.0,62.8,4.71,182.0,623.0,633.0,AWD,7,Sedan,22.9,1500.0,5,1,China,Mid-range,234710,3.53,5,4454484.52,56457.34,0.6218,3.5108,62.1845,₹25–50L
GM/Chevrolet,Silverado EV,2022,Base,39747.92,47.2,152.0,54.7,6.56,152.0,376.0,332.0,FWD,7,Van,76.5,1622.0,5,0,US,Mid-range,29407,3.09,4,3318951.32,70316.77,0.458,3.2203,45.7976,₹25–50L
Hyundai,Ioniq,2025,Standard,59265.27,76.5,288.0,123.1,5.71,166.0,648.0,577.0,AWD,5,Van,77.9,1500.0,5,0,South Korea,Mid-range,55296,3.41,4,4948650.04,64688.24,0.582,3.7647,58.1977,₹25–50L
BYD,Dolphin,2025,Long Range,24263.38,90.6,313.0,69.6,5.85,165.0,236.0,233.0,FWD,7,Coupe,35.3,1702.0,4,2,China,Budget,185360,3.79,3,2025992.23,22361.95,1.5449,3.4547,154.4922,<₹25L
Audi,Q6 e-tron,2023,Base,103373.32,48.0,165.0,87.7,6.98,147.0,784.0,695.0,AWD,5,Sedan,39.7,1652.0,4,1,Germany,Luxury,46342,3.62,5,8631672.22,179826.5,0.1912,3.4375,19.1156,₹75–100L
Volkswagen,ID. Buzz,2025,Base,65624.38,83.8,327.0,93.1,5.42,166.0,665.0,569.0,FWD,5,Sedan,23.0,1849.0,5,1,Germany,Premium,228265,3.75,3,5479635.73,65389.45,0.5968,3.9021,59.6755,₹50–75L
Kia,EV6,2025,Base,34297.3,40.9,150.0,108.0,6.15,156.0,241.0,200.0,AWD,7,Coupe,34.3,1500.0,4,1,South Korea,Budget,124108,3.31,4,2863824.55,70020.16,0.5238,3.6675,52.3775,₹25–50L
Audi,Q6 e-tron,2023,Premium,94046.97,47.5,160.0,109.3,6.08,155.0,683.0,576.0,AWD,5,Truck,56.0,2616.0,5,2,Germany,Premium,36637,3.22,7,7852922.0,165324.67,0.2037,3.3684,20.3746,₹75–100L
BMW,i5,2024,Base,85524.8,65.2,228.0,67.6,6.42,154.0,634.0,525.0,AWD,7,SUV,57.5,1949.0,5,2,Germany,Premium,61102,3.24,7,7141320.8,109529.46,0.3193,3.4969,31.9269,₹50–75L
Tesla,Model 3,2025,Long Range,37324.82,100.2,350.0,328.5,5.1,169.0,239.0,219.0,RWD,5,Coupe,37.6,1636.0,3,2,US,Mid-range,182729,3.94,6,3116622.47,31104.02,1.123,3.493,112.3011,₹25–50L
NIO,EL8,2023,Standard,65637.97,69.5,270.0,97.9,5.86,162.0,521.0,458.0,FWD,5,Hatchback,34.1,1846.0,5,0,China,Premium,24026,3.35,4,5480770.5,78860.01,0.4926,3.8849,49.2631,₹50–75L
BMW,i3,2023,Premium,86679.02,53.8,171.0,60.4,7.04,146.0,639.0,621.0,AWD,5,Truck,80.0,2454.0,5,2,Germany,Premium,68670,3.23,6,7237698.17,134529.71,0.2363,3.1784,23.6263,₹50–75L
BYD,Seagull,2024,Base,18386.22,53.5,197.0,93.6,5.77,169.0,150.0,200.0,FWD,7,Hatchback,18.6,1500.0,4,0,China,Budget,194535,3.33,4,1535249.37,28696.25,1.2832,3.6822,128.3179,<₹25L
Tesla,Model 3,2025,Base,39961.09,82.4,271.0,326.0,6.94,140.0,291.0,304.0,RWD,5,Hatchback,35.8,1862.0,5,2,US,Mid-range,132702,3.97,6,3336751.01,40494.55,0.8122,3.2888,81.2167,₹25–50L
Ford,F-150 Lightning,2025,Standard,71166.51,63.6,211.0,145.7,5.67,168.0,779.0,697.0,FWD,2,Truck,59.3,2632.0,4,1,US,Premium,29813,3.63,3,5942403.58,93434.02,0.3551,3.3176,35.5075,₹50–75L
BMW,iX,2021,Performance,122478.25,85.4,288.0,235.7,3.68,194.0,1000.0,890.0,AWD,5,Hatchback,32.7,1612.0,3,1,Germany,Luxury,61194,3.64,6,10226933.88,119753.32,0.2816,3.3724,28.1609,₹100–150L
Hyundai,Kona Electric,2025,Standard,33895.78,72.7,271.0,66.4,6.62,148.0,222.0,200.0,FWD,5,Sedan,26.3,1542.0,4,2,South Korea,Budget,74203,3.74,4,2830297.63,38931.19,0.9575,3.7276,95.7496,₹25–50L
Audi,e-tron GT,2026,Premium,101046.9,80.3,301.0,125.2,5.24,174.0,736.0,669.0,RWD,5,SUV,39.5,2084.0,4,1,Germany,Luxury,68624,3.78,7,8437416.15,105073.68,0.3567,3.7484,35.6744,₹75–100L
Ford,Explorer EV,2023,Standard,42429.66,63.3,218.0,93.3,7.72,140.0,399.0,416.0,AWD,7,Sedan,26.7,1767.0,3,1,US,Mid-range,37998,3.47,3,3542876.61,55969.61,0.6153,3.4439,61.5319,₹25–50L
Tesla,Model X,2025,Standard,81903.39,69.1,257.0,348.4,5.35,170.0,552.0,541.0,RWD,5,Sedan,20.4,1640.0,4,2,US,Premium,135577,3.78,5,6838933.06,98971.53,0.3758,3.7192,37.579,₹50–75L
BYD,Max,2026,Long Range,92693.85,89.9,310.0,124.3,5.7,159.0,1000.0,871.0,RWD,7,Truck,56.9,2517.0,5,0,China,Premium,133159,3.42,4,7739936.48,86094.96,0.4005,3.4483,40.052,₹75–100L
BYD,Atto 3,2026,Performance,110109.78,119.3,403.0,240.3,2.97,200.0,1000.0,912.0,AWD,7,Van,68.8,1500.0,4,2,China,Luxury,116675,4.19,4,9194166.63,77067.62,0.4383,3.378,43.8321,₹75–100L
GM/Chevrolet,Equinox EV,2026,Premium,81491.33,73.3,257.0,131.5,7.51,145.0,1000.0,849.0,RWD,5,SUV,65.3,2230.0,3,0,US,Premium,15310,3.75,4,6804526.06,92831.19,0.3777,3.5061,37.769,₹50–75L
Tesla,Cybertruck,2022,Base,83011.59,78.2,288.0,207.7,6.44,147.0,570.0,470.0,FWD,5,Truck,64.0,2568.0,4,2,US,Premium,132378,4.12,5,6931467.76,88637.7,0.4155,3.6829,41.5496,₹50–75L
Kia,Sportage EV,2023,Premium,59926.46,66.3,219.0,99.8,6.36,162.0,687.0,676.0,RWD,7,SUV,44.7,1956.0,5,0,South Korea,Mid-range,144832,3.14,4,5003859.41,75472.99,0.4377,3.3032,43.7662,₹50–75L
Ford,F-150 Lightning,2025,Premium,44324.9,61.8,198.0,133.7,7.39,139.0,367.0,300.0,AWD,2,Truck,59.1,2675.0,4,1,US,Mid-range,57644,3.48,4,3701129.15,59888.82,0.535,3.2039,53.4972,₹25–50L
Audi,e-tron,2025,Standard,114471.43,76.2,231.0,133.1,6.47,152.0,888.0,750.0,AWD,7,Van,74.2,1500.0,4,2,Germany,Luxury,21563,3.5,6,9558364.4,125437.85,0.2417,3.0315,24.1673,₹75–100L
BYD,Atto 3,2026,Long Range,104593.9,89.1,296.0,104.0,5.22,172.0,1000.0,908.0,RWD,5,Van,64.3,1680.0,5,1,China,Luxury,219672,3.59,3,8733590.65,98020.1,0.3389,3.3221,33.8921,₹75–100L
Ford,F-150 Lightning,2026,Premium,95704.24,84.6,300.0,52.9,5.0,176.0,1000.0,887.0,RWD,2,Truck,75.9,2262.0,5,0,US,Premium,70819,3.48,4,7991304.04,94459.86,0.3754,3.5461,37.5408,₹75–100L
Tesla,Cybertruck,2024,Long Range,81331.26,87.0,324.0,305.0,5.93,160.0,588.0,584.0,AWD,5,Truck,77.7,2504.0,5,3,US,Premium,192430,3.74,6,6791160.21,78059.31,0.4771,3.7241,47.7091,₹50–75L
Mercedes,GLE EV,2025,Long Range,83712.42,97.4,338.0,125.5,5.85,170.0,335.0,334.0,FWD,7,Van,67.3,1677.0,3,1,Germany,Premium,37695,3.9,5,6989987.07,71765.78,0.4835,3.4702,48.3549,₹50–75L
Tesla,Model 3,2023,Standard,106795.24,45.7,163.0,310.7,5.09,178.0,739.0,638.0,RWD,5,Van,66.8,1724.0,5,3,US,Luxury,212365,3.61,5,8917402.54,195129.16,0.1828,3.5667,18.2789,₹75–100L
Volkswagen,ID. Aero,2025,Long Range,92182.9,103.2,359.0,69.2,4.2,194.0,1000.0,910.0,FWD,5,Sedan,20.9,1549.0,5,0,Germany,Premium,254291,3.6,3,7697272.15,74585.97,0.4664,3.4787,46.6399,₹75–100L
Ford,Explorer EV,2025,Base,31805.75,48.6,157.0,114.5,5.16,168.0,188.0,200.0,RWD,5,Truck,74.5,2587.0,4,0,US,Budget,49546,3.24,3,2655780.12,54645.68,0.5912,3.2305,59.1163,₹25–50L
Tesla,Model S,2023,Premium,64307.39,44.8,171.0,301.6,6.85,147.0,475.0,444.0,RWD,7,Hatchback,22.8,1754.0,4,2,US,Mid-range,138801,3.7,5,5369667.06,119858.64,0.3185,3.817,31.8455,₹50–75L
BYD,Max,2023,Long Range,99850.08,105.9,400.0,137.0,5.55,171.0,1000.0,900.0,FWD,7,Truck,70.3,2608.0,5,0,China,Premium,207644,3.65,3,8337481.68,78729.76,0.4798,3.7771,47.9761,₹75–100L
GM/Chevrolet,Blazer EV,2024,Premium,70082.06,42.6,156.0,68.7,5.71,161.0,940.0,844.0,AWD,7,Hatchback,27.2,1500.0,5,1,US,Premium,20253,3.14,3,5851852.01,137367.42,0.2666,3.662,26.6582,₹50–75L
GM/Chevrolet,Silverado EV,2024,Standard,61767.69,48.0,161.0,76.8,6.23,155.0,875.0,799.0,FWD,7,SUV,55.2,1989.0,4,0,US,Mid-range,27695,3.08,4,5157602.12,107450.04,0.3122,3.3542,31.2161,₹50–75L
BMW,i4,2022,Base,87727.18,75.1,238.0,96.5,6.69,150.0,650.0,644.0,FWD,7,Van,79.9,1500.0,5,1,Germany,Premium,35030,3.42,6,7325219.53,97539.54,0.3249,3.1691,32.4905,₹50–75L
GM/Chevrolet,Bolt EUV,2025,Standard,29502.2,67.8,248.0,100.0,7.13,142.0,218.0,200.0,RWD,7,Hatchback,37.7,1722.0,4,1,US,Budget,19509,3.46,3,2463433.7,36333.83,1.0067,3.6578,100.6725,<₹25L
Kia,EV6,2026,Premium,81787.56,61.8,200.0,101.7,5.15,173.0,967.0,895.0,RWD,7,Coupe,19.8,1500.0,3,0,South Korea,Premium,103637,3.28,4,6829261.26,110505.85,0.2929,3.2362,29.2857,₹50–75L
BYD,Atto 3,2025,Performance,94900.11,105.2,381.0,214.4,3.93,190.0,1000.0,907.0,AWD,5,Hatchback,25.2,1500.0,5,0,China,Premium,172031,3.92,3,7924159.18,75324.71,0.4808,3.6217,48.0808,₹75–100L
BYD,Max,2026,Standard,76922.71,71.2,254.0,114.7,7.54,139.0,885.0,732.0,RWD,5,Truck,72.8,2840.0,5,0,China,Premium,121433,3.41,4,6423046.28,90211.32,0.3955,3.5674,39.5451,₹50–75L
Tesla,Model 3,2024,Premium,173467.44,42.9,150.0,236.8,5.49,180.0,1000.0,906.0,AWD,5,Hatchback,15.4,2086.0,4,2,US,Luxury,241741,3.75,5,14484531.24,337634.76,0.1036,3.4965,10.3559,₹100–150L
Audi,Q6 e-tron,2024,Premium,105361.9,71.8,263.0,52.5,7.12,144.0,753.0,661.0,FWD,5,Coupe,39.5,1500.0,5,2,Germany,Luxury,22361,3.64,7,8797718.65,122530.9,0.2989,3.663,29.8941,₹75–100L
Kia,Picanto EV,2022,Standard,39229.86,42.7,154.0,100.5,5.09,170.0,325.0,298.0,FWD,5,Hatchback,18.0,1570.0,4,0,South Korea,Mid-range,92917,3.02,4,3275693.31,76714.13,0.4701,3.6066,47.0129,₹25–50L
Volkswagen,ID.5,2022,Premium,90567.3,69.5,208.0,142.0,6.59,147.0,1000.0,914.0,AWD,5,Truck,74.0,2426.0,5,0,Germany,Premium,266134,3.28,4,7562369.55,108811.07,0.275,2.9928,27.5046,₹75–100L
Hyundai,Ioniq,2025,Performance,95402.2,91.6,321.0,184.8,4.44,187.0,1000.0,888.0,AWD,7,Coupe,25.2,1627.0,4,1,South Korea,Premium,124589,3.85,4,7966083.7,86965.98,0.403,3.5044,40.2958,₹75–100L
Toyota,bZ Compact SUV,2025,Long Range,84185.72,103.8,377.0,121.9,5.79,165.0,1000.0,868.0,FWD,5,SUV,60.4,1969.0,5,1,Japan,Premium,15914,3.93,4,7029507.62,67721.65,0.5363,3.632,53.6311,₹50–75L
Tesla,Model Y,2026,Standard,131838.33,68.9,241.0,340.8,6.65,152.0,1000.0,923.0,FWD,7,Sedan,31.8,1541.0,5,2,US,Luxury,410211,3.81,5,11008500.56,159775.04,0.2189,3.4978,21.8922,₹100–150L
Kia,EV9,2024,Base,36206.52,53.7,182.0,132.1,6.92,143.0,296.0,296.0,AWD,7,SUV,60.1,2343.0,4,0,South Korea,Mid-range,96649,3.22,5,3023244.42,56298.78,0.602,3.3892,60.2002,₹25–50L
Hyundai,Ioniq 5,2026,Standard,60217.03,73.9,251.0,102.4,6.68,159.0,721.0,665.0,FWD,5,SUV,41.2,2085.0,4,0,South Korea,Mid-range,83698,3.17,5,5028122.0,68039.54,0.4992,3.3965,49.9192,₹50–75L
Kia,Sportage EV,2025,Premium,76146.1,42.4,175.0,62.2,7.08,146.0,931.0,831.0,FWD,5,SUV,46.6,1980.0,4,0,South Korea,Premium,86432,3.41,5,6358199.35,149957.53,0.2752,4.1274,27.5235,₹50–75L
Tesla,Model 3,2024,Premium,92300.78,48.8,173.0,313.2,7.14,146.0,654.0,617.0,RWD,7,Hatchback,32.1,1604.0,5,3,US,Premium,249410,3.51,6,7707115.13,157932.69,0.2245,3.5451,22.4468,₹75–100L
Mercedes,GLE EV,2025,Premium,158316.83,76.0,241.0,96.3,5.44,164.0,1000.0,889.0,AWD,5,Van,73.7,1882.0,5,2,Germany,Luxury,22636,3.82,6,13219455.3,173940.2,0.1823,3.1711,18.2307,₹100–150L
Rivian,R3,2025,Performance,109164.41,79.6,288.0,191.9,3.34,197.0,1000.0,857.0,AWD,5,Hatchback,39.1,1853.0,5,1,US,Luxury,19234,3.75,4,9115228.24,114512.92,0.316,3.6181,31.5955,₹75–100L
Kia,Niro EV,2025,Premium,108567.95,56.3,197.0,122.5,5.25,165.0,1000.0,911.0,AWD,7,Van,74.4,1655.0,4,0,South Korea,Luxury,139588,3.58,4,9065423.82,161019.96,0.2173,3.4991,21.7309,₹75–100L
GM/Chevrolet,Silverado EV,2024,Base,33469.38,55.2,198.0,50.6,7.96,130.0,287.0,257.0,FWD,5,SUV,57.3,2124.0,4,0,US,Budget,2373,3.27,3,2794693.23,50628.5,0.7085,3.587,70.8486,₹25–50L
Rivian,R3,2025,Base,79068.68,62.9,236.0,98.4,7.54,146.0,668.0,618.0,RWD,5,SUV,53.7,1833.0,5,2,US,Premium,25139,3.32,4,6602234.78,104963.99,0.3575,3.752,35.7455,₹50–75L
GM/Chevrolet,Bolt EV,2023,Base,59074.75,54.5,198.0,119.9,6.02,163.0,760.0,681.0,AWD,7,Coupe,20.5,1586.0,4,0,US,Mid-range,15584,3.31,4,4932741.62,90509.02,0.4014,3.633,40.1399,₹25–50L
Tesla,Model 3,2025,Base,38136.97,76.0,284.0,200.7,7.25,142.0,219.0,232.0,FWD,7,Sedan,37.3,1674.0,5,2,US,Mid-range,113015,3.93,5,3184437.0,41900.49,0.8918,3.7368,89.1837,₹25–50L
Kia,Sportage EV,2024,Premium,72898.84,65.7,244.0,77.2,5.44,172.0,843.0,702.0,AWD,5,SUV,36.9,1586.0,5,0,South Korea,Premium,78422,3.48,5,6087053.14,92649.21,0.4009,3.7139,40.0851,₹50–75L
Kia,Sportage EV,2026,Base,72429.61,64.2,178.0,50.8,6.33,153.0,877.0,756.0,RWD,5,SUV,46.5,1686.0,5,0,South Korea,Premium,52716,3.0,4,6047872.44,94203.62,0.2943,2.7726,29.4318,₹50–75L
Volkswagen,ID. Aero,2024,Performance,90339.09,78.1,263.0,193.1,4.36,181.0,986.0,890.0,AWD,5,SUV,50.4,2218.0,4,0,Germany,Premium,202441,3.2,3,7543314.02,96585.33,0.3487,3.3675,34.8653,₹75–100L
GM/Chevrolet,Bolt EUV,2024,Standard,57794.12,67.8,255.0,120.9,7.67,135.0,696.0,587.0,FWD,7,Truck,51.0,2854.0,5,1,US,Mid-range,28957,3.15,4,4825809.02,71177.12,0.5284,3.7611,52.8409,₹25–50L
NIO,EL6,2024,Long Range,99775.41,109.9,380.0,65.6,5.18,171.0,958.0,836.0,RWD,5,SUV,63.5,1845.0,4,2,China,Premium,27479,3.57,4,8331246.74,75807.52,0.4561,3.4577,45.6114,₹75–100L
Rivian,R2,2026,Long Range,98562.96,97.1,316.0,50.1,5.61,160.0,1000.0,952.0,AWD,7,SUV,58.8,2158.0,3,0,US,Premium,20133,3.71,6,8230007.16,84758.06,0.384,3.2544,38.3961,₹75–100L
Volkswagen,ID. Buzz,2025,Premium,45327.13,67.8,261.0,127.3,7.88,132.0,357.0,330.0,AWD,5,Coupe,20.5,1619.0,4,0,Germany,Mid-range,299882,3.61,3,3784815.36,55823.24,0.6896,3.8496,68.9598,₹25–50L
Tesla,Model Y,2023,Standard,100758.31,46.0,171.0,297.7,5.13,175.0,786.0,685.0,RWD,7,SUV,47.3,1900.0,5,2,US,Luxury,472436,3.4,4,8413318.88,182898.24,0.2032,3.7174,20.3249,₹75–100L
Porsche,Macan Electric,2025,Standard,185796.61,78.1,296.0,229.0,6.69,148.0,990.0,873.0,AWD,7,Coupe,17.2,1665.0,4,0,Germany,Luxury,21608,3.85,6,15514016.93,198642.98,0.1908,3.79,19.0795,₹150–200L
Mercedes,EQG,2025,Long Range,94596.53,77.5,267.0,149.8,4.86,167.0,486.0,470.0,AWD,5,Coupe,31.6,1500.0,5,2,Germany,Premium,48573,3.82,5,7898810.26,101920.13,0.338,3.4452,33.8026,₹75–100L
Tesla,Model S,2021,Premium,108109.05,82.6,273.0,272.2,7.76,128.0,740.0,654.0,AWD,5,Van,65.7,1524.0,4,2,US,Luxury,201131,3.9,5,9027105.68,109286.99,0.3024,3.3051,30.2423,₹75–100L
Rivian,R2,2025,Base,79447.62,60.5,184.0,86.2,5.83,158.0,619.0,525.0,AWD,7,Truck,67.2,2460.0,5,0,US,Premium,21177,3.42,5,6633876.27,109650.85,0.2774,3.0413,27.7364,₹50–75L
Mercedes,EQC,2026,Premium,151394.73,70.8,264.0,136.9,6.41,153.0,1000.0,939.0,AWD,5,Van,60.1,1500.0,5,1,Germany,Luxury,37405,3.71,6,12641459.96,178551.69,0.2088,3.7288,20.8837,₹100–150L
Hyundai,i30,2025,Standard,30172.57,82.9,283.0,111.6,7.77,137.0,187.0,200.0,FWD,5,Truck,79.5,2516.0,3,1,South Korea,Budget,76614,3.55,3,2519409.6,30390.95,1.1233,3.4138,112.3279,₹25–50L
Kia,Niro EV,2024,Performance,81763.2,89.6,319.0,232.9,3.7,188.0,985.0,960.0,AWD,5,Coupe,25.0,1629.0,4,0,South Korea,Premium,93663,3.44,3,6827227.2,76196.73,0.4672,3.5603,46.7247,₹50–75L
Volkswagen,ID. Buzz,2026,Long Range,42399.68,101.9,356.0,96.8,4.99,186.0,269.0,207.0,FWD,5,Hatchback,29.9,1500.0,4,0,Germany,Mid-range,252676,3.68,5,3540373.28,34743.6,1.0055,3.4936,100.5544,₹25–50L
Tesla,Model X,2022,Standard,98265.87,83.7,298.0,223.7,5.16,173.0,717.0,646.0,FWD,5,Hatchback,24.2,1500.0,4,2,US,Premium,144367,3.63,5,8205200.14,98031.06,0.3632,3.5603,36.3184,₹75–100L
BYD,Max,2024,Standard,70846.85,56.4,200.0,89.0,6.56,161.0,813.0,686.0,AWD,7,Van,60.4,1921.0,4,0,China,Premium,234001,3.55,4,5915711.98,104888.51,0.3381,3.5461,33.8083,₹50–75L
Ford,Explorer EV,2023,Performance,78508.55,73.0,274.0,224.9,2.91,200.0,915.0,850.0,RWD,5,Van,70.1,1650.0,4,1,US,Premium,51688,3.3,3,6555463.92,89800.88,0.418,3.7534,41.7972,₹50–75L
Tesla,Cybertruck,2022,Premium,154962.64,53.2,157.0,316.3,7.79,135.0,1000.0,884.0,AWD,5,Truck,78.2,1876.0,5,2,US,Luxury,148718,3.67,6,12939380.44,243221.44,0.1213,2.9511,12.1335,₹100–150L
BYD,Yuan Plus,2023,Long Range,44084.51,94.0,330.0,88.8,4.32,179.0,505.0,466.0,RWD,7,Coupe,29.7,1693.0,4,1,China,Mid-range,187463,3.67,3,3681056.58,39160.18,0.8965,3.5106,89.6482,₹25–50L
Volkswagen,ID.3,2024,Long Range,47038.76,86.5,330.0,108.8,4.24,194.0,352.0,368.0,RWD,7,Truck,71.8,2639.0,5,1,Germany,Mid-range,270498,3.37,3,3927736.46,45407.36,0.8402,3.815,84.0179,₹25–50L
Hyundai,Ioniq 5,2025,Long Range,50915.71,81.0,278.0,99.3,4.13,183.0,517.0,482.0,FWD,5,Sedan,22.8,1672.0,3,1,South Korea,Mid-range,54316,3.5,5,4251461.78,52487.18,0.6539,3.4321,65.3893,₹25–50L
Rivian,R1S,2022,Base,64347.55,45.6,150.0,110.6,6.54,152.0,150.0,200.0,RWD,7,SUV,46.2,2128.0,5,1,US,Mid-range,3522,3.26,5,5373020.42,117829.4,0.2792,3.2895,27.9173,₹50–75L
BYD,Atto 3,2022,Base,21384.75,62.9,201.0,67.5,6.88,146.0,173.0,200.0,RWD,5,Hatchback,37.1,1781.0,5,0,China,Budget,233873,3.28,3,1785626.62,28388.34,1.1257,3.1955,112.5655,<₹25L
BYD,Atto 3,2025,Long Range,99107.52,98.9,347.0,107.3,4.56,177.0,1000.0,894.0,FWD,7,Hatchback,27.1,1842.0,5,1,China,Premium,190865,3.32,3,8275477.92,83675.21,0.4193,3.5086,41.9311,₹75–100L
GM/Chevrolet,Bolt EV,2025,Base,60512.96,58.6,258.0,69.4,7.07,146.0,780.0,691.0,AWD,7,Hatchback,24.1,1720.0,5,0,US,Mid-range,12934,3.42,5,5052832.16,86225.8,0.5106,4.4027,51.0605,₹50–75L
Volkswagen,ID.5,2023,Performance,64071.2,77.7,297.0,179.6,4.02,191.0,682.0,641.0,RWD,5,Coupe,38.7,1826.0,3,0,Germany,Mid-range,290103,3.66,5,5349945.2,68853.86,0.5551,3.8224,55.5146,₹50–75L
BYD,Atto 3,2026,Performance,31933.47,119.9,430.0,171.3,2.71,200.0,363.0,329.0,RWD,7,Coupe,20.7,1500.0,3,0,China,Budget,219100,4.19,5,2666444.74,22238.91,1.6126,3.5863,161.2634,₹25–50L
Volkswagen,ID.3,2026,Standard,33483.92,82.6,293.0,136.4,6.02,160.0,201.0,200.0,AWD,5,Truck,53.2,2437.0,5,0,Germany,Budget,207337,3.62,5,2795907.32,33848.76,1.048,3.5472,104.796,₹25–50L
Tesla,Model S,2025,Performance,68593.72,107.6,361.0,209.3,4.22,192.0,452.0,389.0,FWD,7,Coupe,33.5,1685.0,5,3,US,Premium,245974,4.23,5,5727575.62,53230.26,0.6303,3.355,63.0284,₹50–75L
Tesla,Cybertruck,2025,Standard,61013.48,45.2,156.0,307.0,6.71,151.0,429.0,358.0,FWD,7,Truck,52.1,2708.0,3,2,US,Mid-range,132800,3.35,5,5094625.58,112712.96,0.3062,3.4513,30.6205,₹50–75L
Hyundai,Ioniq 5,2025,Base,68602.24,75.7,260.0,70.1,5.05,164.0,815.0,690.0,FWD,7,SUV,60.5,2317.0,5,0,South Korea,Premium,109721,3.31,5,5728287.04,75670.9,0.4539,3.4346,45.3888,₹50–75L
Volkswagen,ID. Aero,2021,Long Range,76214.9,92.3,348.0,138.4,5.53,172.0,859.0,782.0,RWD,5,Truck,71.9,2363.0,5,2,Germany,Premium,249899,3.71,4,6363944.15,68948.47,0.5468,3.7703,54.6831,₹50–75L
Rivian,R1S,2026,Premium,110739.07,48.4,163.0,78.5,7.01,146.0,1000.0,896.0,RWD,5,Sedan,37.6,1664.0,5,1,US,Luxury,26386,3.24,6,9246712.35,191047.78,0.1763,3.3678,17.6279,₹75–100L
Volkswagen,ID.4,2024,Performance,111511.26,74.1,241.0,161.6,4.29,189.0,1000.0,921.0,AWD,7,Truck,57.8,2464.0,5,0,Germany,Luxury,230069,3.24,4,9311190.21,125657.09,0.2588,3.2524,25.8828,₹75–100L
Kia,Niro EV,2025,Premium,64726.92,52.3,203.0,95.6,7.54,136.0,686.0,608.0,RWD,5,Truck,66.3,2102.0,5,0,South Korea,Mid-range,135916,3.12,4,5404697.82,103340.3,0.3756,3.8815,37.5599,₹50–75L
BMW,i7,2023,Base,89651.14,73.1,249.0,98.1,5.68,165.0,711.0,632.0,RWD,5,Truck,78.6,2470.0,4,1,Germany,Premium,72062,3.37,6,7485870.19,102405.88,0.3326,3.4063,33.2627,₹50–75L
Tesla,Model 3,2023,Performance,125634.38,79.6,268.0,325.0,3.23,195.0,906.0,862.0,RWD,7,Hatchback,15.1,1567.0,5,2,US,Luxury,223587,3.94,4,10490470.73,131789.83,0.2555,3.3668,25.547,₹100–150L
BMW,i3,2025,Base,93156.19,74.6,254.0,78.5,7.38,143.0,683.0,632.0,FWD,5,Van,60.1,1564.0,4,2,Germany,Premium,71204,3.55,7,7778541.86,104270.0,0.3265,3.4048,32.6539,₹75–100L
Tesla,Cybertruck,2022,Long Range,93999.45,88.3,333.0,289.1,5.84,167.0,703.0,641.0,FWD,5,Truck,66.0,2476.0,5,2,US,Premium,124977,3.96,5,7848954.08,88889.63,0.4243,3.7712,42.426,₹75–100L
Toyota,bZ Compact SUV,2023,Premium,52160.99,69.4,234.0,77.8,6.21,169.0,511.0,481.0,RWD,7,SUV,40.0,2088.0,5,0,Japan,Mid-range,7110,3.56,4,4355442.66,62758.54,0.5373,3.3718,53.7259,₹25–50L
Tesla,Model S,2024,Performance,77897.86,71.2,254.0,322.3,4.29,186.0,542.0,558.0,RWD,5,Sedan,35.8,1500.0,4,3,US,Premium,153891,3.65,4,6504471.31,91354.93,0.3905,3.5674,39.0501,₹50–75L
Volkswagen,ID.4,2025,Base,78698.7,67.4,200.0,139.9,5.73,164.0,839.0,744.0,RWD,5,Coupe,26.0,1649.0,5,0,Germany,Premium,200182,3.41,4,6571341.45,97497.65,0.3044,2.9674,30.4352,₹50–75L
Tesla,Model S,2021,Base,109935.85,84.2,288.0,209.4,7.62,127.0,738.0,699.0,AWD,7,Truck,78.2,2219.0,4,3,US,Luxury,117148,3.95,5,9179643.48,109021.89,0.3137,3.4204,31.3738,₹75–100L
Xiaomi,SU7,2024,Performance,115672.77,85.2,304.0,243.6,3.52,194.0,1000.0,872.0,RWD,5,SUV,50.9,2328.0,3,0,China,Luxury,8357,3.71,5,9658676.3,113364.75,0.3147,3.5681,31.4743,₹75–100L
Hyundai,Kona Electric,2024,Performance,43667.25,83.3,299.0,234.7,3.13,198.0,465.0,435.0,AWD,5,Van,77.7,1707.0,4,1,South Korea,Mid-range,71109,3.49,5,3646215.38,43772.09,0.82,3.5894,82.0028,₹25–50L
Kia,EV6,2025,Base,60524.16,58.8,217.0,110.8,6.5,148.0,613.0,568.0,RWD,7,Coupe,25.8,1638.0,4,1,South Korea,Mid-range,105178,3.37,4,5053767.36,85948.42,0.4294,3.6905,42.9383,₹50–75L
Tesla,Model 3,2021,Standard,24979.98,81.1,271.0,326.8,6.83,135.0,150.0,200.0,RWD,5,Hatchback,27.6,1500.0,5,3,US,Budget,132068,3.73,4,2085828.33,25719.21,1.2992,3.3416,129.9244,<₹25L
GM/Chevrolet,Blazer EV,2024,Base,58716.57,83.6,313.0,112.5,6.87,153.0,744.0,635.0,FWD,5,Sedan,22.4,1754.0,5,1,US,Mid-range,22110,3.62,3,4902833.6,58646.33,0.6384,3.744,63.8406,₹25–50L
BYD,Qin,2024,Base,17777.32,78.0,280.0,108.1,7.53,142.0,175.0,200.0,FWD,7,Hatchback,36.4,1788.0,4,0,China,Budget,212740,3.54,4,1484406.22,19030.85,1.8863,3.5897,188.6276,<₹25L
Audi,Q4 e-tron,2026,Performance,163470.92,73.4,267.0,163.1,3.82,196.0,1000.0,897.0,RWD,7,Sedan,16.6,1500.0,5,2,Germany,Luxury,31112,3.43,6,13649821.82,185964.87,0.1956,3.6376,19.5607,₹100–150L
BYD,Seagull,2021,Base,53782.86,84.7,314.0,91.0,5.94,169.0,521.0,468.0,RWD,5,Van,62.5,1599.0,4,1,China,Mid-range,162990,3.75,3,4490868.81,53020.88,0.6992,3.7072,69.9197,₹25–50L
Tesla,Model Y,2022,Long Range,38805.29,86.7,295.0,344.7,4.05,190.0,297.0,281.0,RWD,5,Truck,71.8,2329.0,5,3,US,Mid-range,424786,4.14,4,3240241.72,37373.03,0.9104,3.4025,91.0426,₹25–50L
Tesla,Model X,2024,Performance,90519.74,119.4,405.0,222.4,3.68,200.0,666.0,591.0,AWD,5,Coupe,24.0,1771.0,4,2,US,Premium,189429,4.03,6,7558398.29,63303.17,0.5358,3.392,53.5828,₹75–100L
Hyundai,Ioniq 5,2025,Base,46385.14,84.1,301.0,90.2,6.54,148.0,445.0,414.0,RWD,5,Truck,65.5,2726.0,4,1,South Korea,Mid-range,58564,3.62,3,3873159.19,46054.21,0.7771,3.5791,77.7143,₹25–50L
Kia,Niro EV,2026,Performance,110515.91,78.1,283.0,217.4,2.89,200.0,1000.0,881.0,AWD,5,Coupe,24.1,1738.0,5,0,South Korea,Luxury,62032,3.56,3,9228078.48,118157.21,0.3067,3.6236,30.6673,₹75–100L
Tesla,Cybertruck,2023,Standard,35071.56,52.4,192.0,340.0,5.24,168.0,249.0,217.0,FWD,7,Truck,53.0,2535.0,5,2,US,Mid-range,139628,3.17,5,2928475.26,55886.93,0.6556,3.6641,65.5631,₹25–50L
Ford,Explorer EV,2025,Performance,106247.4,72.9,277.0,158.2,2.58,200.0,1000.0,873.0,FWD,5,Coupe,24.4,1701.0,5,0,US,Luxury,49209,3.4,3,8871657.9,121696.27,0.3122,3.7997,31.223,₹75–100L
Volkswagen,ID.3,2026,Base,56734.76,49.7,207.0,87.7,5.23,168.0,586.0,478.0,AWD,7,Hatchback,16.6,1500.0,4,0,Germany,Mid-range,257294,3.13,4,4737352.46,95318.96,0.437,4.165,43.6953,₹25–50L
Hyundai,Ioniq,2025,Long Range,74693.36,95.4,340.0,66.6,4.63,186.0,972.0,902.0,RWD,7,Hatchback,24.5,1739.0,5,1,South Korea,Premium,138161,3.52,4,6236895.56,65376.26,0.5451,3.5639,54.5143,₹50–75L
Volkswagen,ID.5,2022,Premium,70140.57,83.5,319.0,79.8,6.63,142.0,731.0,665.0,AWD,5,Hatchback,26.7,1533.0,5,0,Germany,Premium,203826,3.8,5,5856737.6,70140.57,0.5447,3.8204,54.4672,₹50–75L
Volkswagen,ID.5,2025,Standard,60218.55,82.8,240.0,94.9,6.0,163.0,518.0,517.0,AWD,5,Van,60.3,1739.0,5,2,Germany,Mid-range,290126,3.59,4,5028248.92,60727.64,0.4773,2.8986,47.7303,₹50–75L
Kia,Picanto EV,2020,Base,44609.33,80.3,255.0,124.3,6.52,155.0,414.0,337.0,RWD,7,Sedan,22.4,1545.0,4,0,South Korea,Mid-range,62067,3.61,5,3724879.06,46387.04,0.6846,3.1756,68.4586,₹25–50L
Tesla,Model 3,2025,Performance,58452.94,77.2,274.0,217.3,4.19,183.0,458.0,401.0,RWD,7,Van,64.2,1813.0,3,2,US,Mid-range,216013,3.86,4,4880820.49,63223.06,0.5614,3.5492,56.1381,₹25–50L
Tesla,Cybertruck,2023,Premium,118800.8,54.2,203.0,340.1,6.1,162.0,891.0,851.0,FWD,7,Truck,50.1,2562.0,4,3,US,Luxury,197139,3.38,5,9919866.8,183023.37,0.2046,3.7454,20.464,₹75–100L
Mercedes,EQC,2024,Performance,87690.32,88.6,321.0,224.6,2.67,200.0,422.0,414.0,AWD,5,Hatchback,36.6,1957.0,4,2,Germany,Premium,36911,3.99,7,7322141.72,82642.68,0.4384,3.623,43.8396,₹50–75L
Toyota,bZ4X,2022,Standard,55775.75,84.6,281.0,90.6,6.0,163.0,602.0,520.0,FWD,5,Coupe,22.4,1626.0,4,0,Japan,Mid-range,18523,3.32,3,4657275.12,55050.53,0.6034,3.3215,60.3357,₹25–50L
Volkswagen,ID. Aero,2023,Standard,51298.81,63.2,237.0,118.9,5.83,162.0,397.0,310.0,RWD,5,Coupe,26.9,1555.0,5,1,Germany,Mid-range,222298,3.5,3,4283450.64,67776.12,0.5533,3.75,55.3292,₹25–50L
BYD,Dolphin,2025,Standard,82759.69,73.3,235.0,119.0,6.27,151.0,912.0,776.0,RWD,5,SUV,68.7,1789.0,3,0,China,Premium,125776,3.36,3,6910434.12,94276.05,0.3401,3.206,34.0065,₹50–75L
BMW,i4,2023,Performance,130983.67,110.9,390.0,244.7,2.51,200.0,1000.0,878.0,RWD,7,Van,73.1,1500.0,5,2,Germany,Luxury,64205,3.82,5,10937136.44,98621.61,0.3566,3.5167,35.6583,₹100–150L
Volkswagen,ID.4,2025,Base,65061.9,65.1,212.0,82.2,7.77,137.0,653.0,616.0,AWD,5,Coupe,37.8,1613.0,5,1,Germany,Premium,282957,3.68,3,5432668.65,83451.13,0.3902,3.2565,39.0232,₹50–75L
Tesla,Model S,2022,Premium,163492.8,65.4,193.0,288.9,6.55,154.0,1000.0,907.0,RWD,7,Hatchback,34.9,1653.0,5,2,US,Luxury,241709,3.96,5,13651648.8,208740.81,0.1414,2.9511,14.1375,₹100–150L
Tesla,Model X,2023,Premium,53973.57,82.6,301.0,250.5,7.15,143.0,440.0,387.0,FWD,7,Sedan,15.8,1500.0,5,2,US,Mid-range,206669,3.87,5,4506793.1,54561.66,0.6679,3.6441,66.7881,₹25–50L
GM/Chevrolet,Bolt EV,2025,Performance,60210.65,70.4,258.0,173.9,3.71,200.0,778.0,765.0,FWD,5,Coupe,18.8,1519.0,4,0,US,Mid-range,23288,3.63,4,5027589.28,71414.62,0.5132,3.6648,51.3168,₹50–75L
BMW,i3,2023,Premium,81481.72,64.8,209.0,132.6,5.22,180.0,551.0,468.0,RWD,7,Sedan,32.9,1755.0,4,1,Germany,Premium,60859,3.29,8,6803723.62,104995.73,0.3072,3.2253,30.7185,₹50–75L
Tesla,Model S,2025,Performance,140244.92,75.7,265.0,295.8,4.25,187.0,986.0,851.0,AWD,7,Sedan,15.6,1500.0,5,2,US,Luxury,186365,3.84,5,11710450.82,154695.52,0.2263,3.5007,22.6294,₹100–150L
BYD,Dolphin,2024,Performance,108909.03,86.0,283.0,177.9,3.26,188.0,1000.0,954.0,RWD,5,Truck,68.3,2422.0,3,0,China,Luxury,136507,3.47,3,9093904.01,105743.07,0.3112,3.2907,31.1197,₹75–100L
BYD,Seagull,2025,Base,31665.46,68.3,217.0,133.7,5.49,171.0,291.0,266.0,FWD,5,Van,69.4,1935.0,5,0,China,Budget,162790,3.33,4,2644065.91,38712.53,0.8207,3.1772,82.0706,₹25–50L
BMW,i7,2026,Premium,125746.52,63.5,224.0,141.3,5.05,168.0,1000.0,906.0,AWD,5,Hatchback,22.1,1500.0,3,2,Germany,Luxury,62950,3.45,6,10499834.42,165351.72,0.2133,3.5276,21.3337,₹100–150L
Tesla,Model S,2024,Long Range,75201.32,102.8,370.0,342.3,4.03,185.0,592.0,509.0,RWD,5,Truck,62.1,2460.0,5,2,US,Premium,105880,4.11,4,6279310.22,61082.78,0.5892,3.5992,58.9237,₹50–75L
Tesla,Model 3,2025,Long Range,91388.05,100.1,350.0,249.9,5.26,168.0,695.0,616.0,FWD,5,Sedan,39.9,1624.0,4,2,US,Premium,148700,3.99,5,7630902.18,76232.79,0.4587,3.4965,45.8661,₹75–100L
Ford,F-150 Lightning,2024,Standard,60849.51,82.5,274.0,67.1,7.97,131.0,622.0,610.0,FWD,2,Truck,71.3,2747.0,4,2,US,Mid-range,58206,3.54,4,5080934.08,61587.08,0.5393,3.3212,53.9271,₹50–75L
Tesla,Cybertruck,2024,Long Range,131729.26,84.6,307.0,224.3,4.28,187.0,943.0,852.0,FWD,5,Truck,53.6,2319.0,4,2,US,Luxury,162108,3.56,5,10999393.21,130016.47,0.2791,3.6288,27.9106,₹100–150L
BMW,iX,2021,Standard,82329.27,71.8,258.0,61.1,7.05,150.0,569.0,534.0,RWD,7,Hatchback,15.7,1723.0,4,1,Germany,Premium,59553,3.74,6,6874494.04,95745.04,0.3753,3.5933,37.53,₹50–75L
BYD,Atto 3,2021,Performance,91712.12,80.1,268.0,233.5,3.28,193.0,1000.0,900.0,RWD,5,Hatchback,19.5,1550.0,5,1,China,Premium,177248,3.63,3,7657962.02,95605.02,0.35,3.3458,34.9963,₹75–100L
Tesla,Model 3,2024,Standard,106609.89,75.6,299.0,296.3,6.51,151.0,784.0,688.0,FWD,5,Hatchback,27.5,1673.0,5,2,US,Luxury,103912,3.73,5,8901925.82,117750.34,0.3359,3.955,33.5882,₹75–100L
BYD,Qin,2020,Long Range,36752.05,84.7,308.0,134.6,4.59,189.0,380.0,353.0,FWD,5,Sedan,22.8,1500.0,4,1,China,Mid-range,178041,3.55,4,3068796.18,36231.36,1.0037,3.6364,100.3651,₹25–50L
GM/Chevrolet,Equinox EV,2024,Long Range,55502.07,92.6,331.0,129.8,4.2,189.0,672.0,611.0,AWD,7,SUV,63.7,2188.0,5,1,US,Mid-range,18580,3.71,4,4634422.84,50047.76,0.7142,3.5745,71.4221,₹25–50L
Mercedes,EQS,2025,Base,136918.85,55.5,195.0,96.2,6.97,148.0,822.0,776.0,AWD,7,Coupe,25.1,1500.0,5,1,Germany,Luxury,59537,3.51,7,11432723.98,205995.03,0.1706,3.5135,17.0563,₹100–150L
Mercedes,EQE,2023,Long Range,142535.28,94.3,305.0,114.0,5.66,169.0,843.0,766.0,FWD,7,Sedan,30.1,1500.0,4,1,Germany,Luxury,32410,3.94,8,11901695.88,126210.98,0.2563,3.2344,25.6266,₹100–150L
Volkswagen,ID. Aero,2025,Performance,68256.27,92.8,334.0,227.4,3.85,182.0,714.0,587.0,RWD,5,Sedan,22.1,1589.0,5,0,Germany,Premium,215601,3.82,5,5699398.54,61415.93,0.586,3.5991,58.6027,₹50–75L
BMW,i3,2025,Premium,127970.02,52.7,181.0,97.5,5.26,171.0,1000.0,895.0,RWD,5,Coupe,18.8,1671.0,5,2,Germany,Luxury,25659,3.39,7,10685496.67,202760.85,0.1694,3.4345,16.9388,₹100–150L
BYD,Yuan Plus,2026,Base,71806.41,73.0,253.0,140.1,5.98,163.0,820.0,765.0,AWD,5,Sedan,18.5,1702.0,4,0,China,Premium,163682,3.35,3,5995835.24,82134.73,0.422,3.4658,42.196,₹50–75L
BYD,Qin,2023,Performance,54457.48,80.6,251.0,242.0,4.26,193.0,518.0,459.0,AWD,5,Truck,74.1,2307.0,4,0,China,Mid-range,205191,3.38,4,4547199.58,56416.87,0.552,3.1141,55.1988,₹25–50L
Audi,Q4 e-tron,2026,Long Range,145965.36,78.2,269.0,138.1,5.46,173.0,1000.0,872.0,FWD,7,Coupe,31.5,1663.0,4,2,Germany,Luxury,21092,3.74,6,12188107.56,155858.15,0.2207,3.4399,22.0707,₹100–150L
Tesla,Model X,2025,Performance,40997.3,73.3,261.0,282.8,3.51,198.0,238.0,200.0,AWD,5,Sedan,19.9,1637.0,5,3,US,Mid-range,192699,3.73,4,3423274.55,46702.24,0.7624,3.5607,76.2428,₹25–50L
Tesla,Model 3,2026,Performance,147080.28,107.7,395.0,234.9,3.36,195.0,1000.0,883.0,AWD,7,Sedan,15.1,1521.0,5,2,US,Luxury,199927,4.26,5,12281203.38,114031.6,0.3216,3.6676,32.163,₹100–150L
BYD,Max,2023,Long Range,35900.23,88.0,302.0,69.9,4.28,198.0,358.0,318.0,FWD,5,SUV,42.3,2227.0,5,2,China,Mid-range,176515,3.84,4,2997669.2,34064.42,1.0074,3.4318,100.7449,₹25–50L
Tesla,Model X,2025,Base,76806.22,41.8,166.0,308.9,6.47,152.0,571.0,531.0,FWD,7,Sedan,24.3,1675.0,5,3,US,Premium,136111,3.64,6,6413319.37,153428.69,0.2588,3.9713,25.8836,₹50–75L
Tesla,Cybertruck,2025,Base,96810.26,47.9,153.0,220.8,6.85,146.0,658.0,607.0,FWD,7,Truck,55.2,2373.0,4,2,US,Premium,113593,3.86,6,8083656.71,168761.1,0.1893,3.1942,18.9271,₹75–100L
Kia,EV9,2026,Performance,78041.17,113.5,407.0,168.5,4.13,185.0,895.0,813.0,RWD,5,SUV,58.0,2121.0,5,0,South Korea,Premium,103428,3.83,4,6516437.7,57413.55,0.6246,3.5859,62.4574,₹50–75L
Volkswagen,ID.3,2025,Base,47861.91,65.3,231.0,89.0,6.01,161.0,443.0,400.0,AWD,7,Sedan,34.8,1500.0,3,0,Germany,Mid-range,247700,3.21,3,3996469.49,61201.68,0.578,3.5375,57.801,₹25–50L
Audi,Q4 e-tron,2025,Base,84123.81,68.5,247.0,136.8,6.57,149.0,568.0,538.0,AWD,5,Hatchback,39.2,1666.0,4,1,Germany,Premium,60155,3.29,8,7024338.14,102545.08,0.3516,3.6058,35.1635,₹50–75L
Ford,Mustang Mach-E,2024,Premium,62057.63,57.6,207.0,109.6,6.33,150.0,732.0,646.0,FWD,5,Van,69.8,1502.0,4,0,US,Mid-range,65997,3.42,3,5181812.1,89962.02,0.3995,3.5938,39.9474,₹50–75L
BYD,Seagull,2026,Performance,95761.12,80.6,277.0,210.5,3.84,181.0,1000.0,922.0,RWD,5,Coupe,21.7,1789.0,4,1,China,Premium,171938,3.56,3,7996053.52,99206.62,0.3464,3.4367,34.6421,₹75–100L
BYD,Qin,2024,Base,75732.88,69.3,249.0,124.1,5.85,161.0,803.0,708.0,RWD,5,Truck,72.7,2335.0,5,0,China,Premium,228964,3.42,4,6323695.48,91251.02,0.3938,3.5931,39.3757,₹50–75L
Volkswagen,ID. Buzz,2024,Premium,74047.12,72.6,248.0,77.4,6.4,154.0,808.0,703.0,RWD,5,Coupe,19.4,1522.0,5,1,Germany,Premium,290963,3.67,4,6182934.52,85164.39,0.4011,3.416,40.1104,₹50–75L
Kia,Niro EV,2026,Performance,91033.29,72.5,267.0,207.0,3.44,194.0,1000.0,949.0,AWD,5,Van,71.0,1525.0,4,0,South Korea,Premium,54833,3.25,4,7601279.72,104845.24,0.3513,3.6828,35.1257,₹75–100L
BYD,Atto 3,2024,Standard,30843.09,49.0,171.0,81.1,6.63,151.0,309.0,285.0,AWD,7,Hatchback,39.5,1578.0,4,2,China,Budget,206164,3.0,4,2575398.02,52559.14,0.664,3.4898,66.3975,₹25–50L
BMW,i5,2021,Premium,139020.51,63.5,232.0,149.7,7.84,131.0,1000.0,950.0,FWD,5,Truck,58.7,2464.0,5,1,Germany,Luxury,48199,3.44,5,11608212.58,182806.5,0.1999,3.6535,19.9859,₹100–150L
Volkswagen,ID. Aero,2021,Standard,60392.45,68.0,225.0,133.0,7.28,137.0,628.0,523.0,RWD,7,Truck,54.4,2360.0,3,1,Germany,Mid-range,256880,3.23,3,5042769.58,74158.38,0.4462,3.3088,44.6183,₹50–75L
Kia,Sportage EV,2020,Standard,26731.95,75.8,257.0,79.6,5.97,160.0,193.0,200.0,RWD,5,SUV,46.3,1818.0,5,1,South Korea,Budget,147499,3.27,4,2232117.83,29447.46,1.1514,3.3905,115.1373,<₹25L
Volkswagen,ID. Buzz,2024,Long Range,70634.98,89.6,312.0,79.6,5.55,173.0,734.0,693.0,FWD,5,Hatchback,16.1,1613.0,4,1,Germany,Premium,289608,3.58,3,5898020.83,65826.13,0.529,3.4821,52.8991,₹50–75L
BYD,Dolphin,2023,Premium,25794.27,50.1,188.0,63.3,7.75,135.0,216.0,200.0,AWD,5,Truck,67.9,2438.0,3,0,China,Budget,112218,3.59,4,2153821.54,42990.45,0.8729,3.7525,87.2867,<₹25L
Toyota,bZ4X,2024,Performance,94209.78,108.8,381.0,202.8,2.58,200.0,1000.0,897.0,AWD,5,Coupe,38.8,1660.0,5,0,Japan,Premium,1723,3.95,3,7866516.63,72302.54,0.4843,3.5018,48.4331,₹75–100L
Ford,Mustang Mach-E,2025,Performance,60546.72,113.0,423.0,215.3,3.14,200.0,616.0,518.0,RWD,5,Coupe,21.1,1500.0,3,1,US,Mid-range,27560,3.76,5,5055651.12,44740.28,0.8367,3.7434,83.6687,₹50–75L
Tesla,Cybertruck,2025,Premium,170547.81,44.5,153.0,226.9,7.93,132.0,1000.0,886.0,AWD,7,Truck,64.3,2453.0,4,2,US,Luxury,192321,3.6,5,14240742.14,320016.68,0.1074,3.4382,10.7438,₹100–150L
Mercedes,EQG,2023,Base,82191.2,71.1,281.0,116.5,6.68,154.0,357.0,352.0,RWD,5,Sedan,32.2,1500.0,4,1,Germany,Premium,59566,3.91,8,6862965.2,96525.53,0.4094,3.9522,40.9444,₹50–75L
Hyundai,Ioniq 6,2025,Premium,100947.83,60.5,195.0,110.8,7.91,135.0,1000.0,907.0,AWD,7,Hatchback,36.1,1597.0,5,0,South Korea,Luxury,101360,3.44,4,8429143.8,139324.69,0.2313,3.2231,23.134,₹75–100L
Audi,e-tron GT,2024,Base,106732.12,80.0,268.0,74.2,7.52,142.0,810.0,693.0,FWD,5,Truck,72.9,2498.0,5,2,Germany,Luxury,48443,3.48,7,8912132.02,111401.65,0.3007,3.35,30.0714,₹75–100L
Ford,Explorer EV,2026,Premium,97985.03,84.1,304.0,53.7,6.12,167.0,1000.0,909.0,AWD,7,Sedan,39.0,1744.0,5,1,US,Premium,45069,3.49,3,8181750.0,97285.97,0.3716,3.6147,37.1559,₹75–100L
Volkswagen,ID.3,2024,Base,38794.79,77.8,290.0,97.4,6.67,150.0,297.0,256.0,FWD,5,Coupe,30.9,1516.0,5,0,Germany,Mid-range,216258,3.83,3,3239364.96,41637.08,0.8952,3.7275,89.5237,₹25–50L
Tesla,Model Y,2024,Standard,111996.5,50.5,190.0,287.9,5.63,165.0,825.0,736.0,FWD,5,Van,69.3,1500.0,4,3,US,Luxury,445661,3.56,5,9351707.75,185182.33,0.2032,3.7624,20.3171,₹75–100L
BYD,Dolphin,2026,Long Range,49411.4,105.1,362.0,91.4,4.89,181.0,512.0,489.0,RWD,7,SUV,38.7,1819.0,4,1,China,Mid-range,124104,3.7,4,4125851.9,39256.44,0.8774,3.4443,87.7395,₹25–50L
Kia,EV6,2023,Base,37474.58,58.6,209.0,135.7,7.4,141.0,306.0,230.0,FWD,5,Truck,52.5,2381.0,5,1,South Korea,Mid-range,67143,3.33,4,3129127.43,53398.08,0.6679,3.5666,66.7918,₹25–50L
BMW,i3,2026,Performance,148406.75,116.4,409.0,231.2,4.17,187.0,1000.0,922.0,AWD,5,Hatchback,25.9,1500.0,4,2,Germany,Luxury,27898,3.83,6,12391963.62,106460.17,0.3301,3.5137,33.0053,₹100–150L
BYD,Qin,2024,Standard,46656.51,45.6,150.0,62.6,6.11,167.0,542.0,509.0,AWD,5,SUV,50.9,2255.0,5,0,China,Mid-range,249607,3.33,4,3895818.58,85434.62,0.385,3.2895,38.5028,₹25–50L
Tesla,Model X,2021,Premium,97027.76,71.4,235.0,273.3,6.57,150.0,685.0,574.0,AWD,5,Van,69.8,1693.0,4,2,US,Premium,229836,3.91,4,8101817.96,113470.84,0.2901,3.2913,29.0058,₹75–100L
Mercedes,EQG,2026,Base,129546.31,72.0,248.0,143.1,5.2,174.0,759.0,725.0,AWD,5,Truck,57.9,2639.0,4,1,Germany,Luxury,57503,3.59,6,10817116.88,150237.73,0.2293,3.4444,22.9266,₹100–150L
Polestar,2,2025,Performance,93833.94,111.8,383.0,189.1,3.06,200.0,651.0,663.0,AWD,5,Coupe,23.1,1500.0,5,0,Sweden,Premium,6307,3.42,4,7835133.99,70081.7,0.4888,3.4258,48.8824,₹75–100L
Hyundai,i30,2023,Base,37474.79,56.5,218.0,51.4,7.69,134.0,268.0,228.0,FWD,7,Van,74.3,1504.0,4,0,South Korea,Mid-range,129662,3.46,3,3129144.96,55383.1,0.6967,3.8584,69.6676,₹25–50L
Tesla,Cybertruck,2025,Standard,127335.12,71.9,270.0,329.2,5.09,175.0,976.0,906.0,AWD,5,Truck,73.5,2328.0,5,3,US,Luxury,188107,3.78,4,10632482.52,147878.76,0.2539,3.7552,25.3939,₹100–150L
BYD,Atto 3,2024,Base,50360.89,69.3,238.0,62.5,7.82,139.0,602.0,568.0,RWD,7,Sedan,22.9,1615.0,5,1,China,Mid-range,209468,3.18,4,4205134.32,60680.15,0.566,3.4343,56.5975,₹25–50L
Tesla,Model 3,2024,Premium,152844.99,77.1,281.0,258.1,5.34,172.0,1000.0,937.0,AWD,5,Truck,59.8,2696.0,4,3,US,Luxury,153103,4.05,5,12762556.66,165532.51,0.2202,3.6446,22.0175,₹100–150L
Rivian,R2,2025,Performance,117871.06,81.9,280.0,195.9,3.79,199.0,1000.0,922.0,RWD,7,Truck,57.1,2401.0,5,0,US,Luxury,14378,3.8,6,9842233.51,120173.79,0.2845,3.4188,28.4488,₹75–100L
Tesla,Model X,2025,Performance,126875.08,98.3,345.0,202.5,4.3,198.0,914.0,835.0,AWD,7,Van,65.4,1500.0,5,2,US,Luxury,158417,3.71,5,10594069.18,107772.83,0.3257,3.5097,32.5654,₹100–150L
Kia,Picanto EV,2024,Long Range,57850.5,101.6,350.0,134.1,5.74,162.0,632.0,525.0,AWD,5,Coupe,39.7,1735.0,5,2,South Korea,Mid-range,125554,3.47,4,4830516.75,47544.46,0.7246,3.4449,72.456,₹25–50L
BYD,Max,2024,Base,70890.54,64.5,242.0,135.7,7.45,138.0,713.0,594.0,AWD,7,Truck,77.4,2252.0,5,1,China,Premium,119629,3.38,4,5919360.09,91773.02,0.4088,3.7519,40.8828,₹50–75L
Kia,Picanto EV,2024,Performance,105759.07,79.7,278.0,170.3,3.07,200.0,1000.0,892.0,AWD,7,Hatchback,16.9,1819.0,3,2,South Korea,Luxury,107830,3.56,5,8830882.35,110801.54,0.3148,3.4881,31.4804,₹75–100L
BMW,i5,2025,Performance,83830.66,91.7,316.0,249.1,3.65,188.0,634.0,606.0,RWD,7,Truck,64.3,2285.0,4,1,Germany,Premium,61677,3.43,7,6999860.11,76334.35,0.4514,3.446,45.1438,₹50–75L
Mercedes,EQE,2026,Performance,148924.89,98.3,357.0,181.1,4.1,196.0,945.0,822.0,AWD,7,SUV,61.2,1889.0,4,2,Germany,Luxury,66282,3.8,7,12435228.32,126502.83,0.2871,3.6317,28.7088,₹100–150L
BYD,Atto 3,2022,Base,49226.29,46.7,177.0,51.6,5.54,160.0,529.0,492.0,FWD,5,Coupe,20.6,1609.0,5,1,China,Mid-range,172454,3.29,4,4110395.22,88017.03,0.4306,3.7901,43.0616,₹25–50L
Tesla,Model S,2025,Base,29411.54,61.2,220.0,302.1,7.98,127.0,220.0,213.0,AWD,5,Hatchback,31.9,1705.0,5,2,US,Budget,206579,3.63,6,2455863.59,40128.49,0.8958,3.5948,89.5815,<₹25L
Tesla,Cybertruck,2024,Standard,107897.62,47.5,178.0,311.3,5.76,160.0,752.0,668.0,FWD,5,Truck,68.7,2227.0,5,2,US,Luxury,188033,3.43,4,9009451.27,189672.66,0.1976,3.7474,19.757,₹75–100L
Audi,e-tron GT,2022,Premium,137631.97,43.1,150.0,69.1,5.31,168.0,1000.0,941.0,RWD,5,Truck,68.3,2791.0,4,2,Germany,Luxury,74974,3.3,5,11492269.5,266641.98,0.1305,3.4803,13.0523,₹100–150L
Audi,e-tron GT,2024,Base,65798.71,76.8,250.0,129.7,6.28,160.0,369.0,263.0,RWD,7,Truck,50.6,2305.0,4,2,Germany,Premium,52856,3.77,8,5494192.28,71538.96,0.455,3.2552,45.5026,₹50–75L
Kia,Niro EV,2022,Premium,93773.43,61.9,194.0,129.3,6.81,152.0,1000.0,944.0,AWD,5,Truck,60.1,2450.0,5,1,South Korea,Premium,126881,3.6,3,7830081.4,126495.66,0.2478,3.1341,24.7762,₹75–100L
Kia,Picanto EV,2024,Base,57643.94,54.7,170.0,147.9,6.49,150.0,606.0,551.0,AWD,5,Sedan,37.6,1686.0,5,1,South Korea,Mid-range,149672,3.38,3,4813268.99,87993.95,0.3532,3.1079,35.319,₹25–50L
BMW,i5,2022,Performance,102440.51,94.7,337.0,226.8,3.87,184.0,790.0,750.0,RWD,5,Hatchback,32.3,1545.0,3,2,Germany,Luxury,23392,3.69,7,8553782.58,90325.05,0.394,3.5586,39.3978,₹75–100L
Tesla,Cybertruck,2024,Base,49296.66,41.7,153.0,274.8,7.39,134.0,302.0,303.0,FWD,5,Truck,60.8,2643.0,5,3,US,Mid-range,241001,3.74,6,4116271.11,98711.54,0.3717,3.6691,37.1696,₹25–50L
Rivian,R1S,2024,Performance,118076.47,74.0,249.0,161.6,3.41,194.0,1000.0,911.0,RWD,7,Hatchback,35.5,1514.0,5,1,US,Luxury,656,3.53,5,9859385.24,133234.94,0.2526,3.3649,25.2551,₹75–100L
Volkswagen,ID.4,2023,Premium,69215.27,62.0,197.0,117.5,7.34,136.0,704.0,655.0,AWD,7,Truck,74.3,2586.0,5,1,Germany,Premium,211559,3.61,4,5779475.04,93217.34,0.3409,3.1774,34.0861,₹50–75L
Volkswagen,ID. Aero,2026,Standard,86339.6,57.8,217.0,149.7,7.31,145.0,1000.0,837.0,FWD,5,Sedan,35.0,1882.0,5,0,Germany,Premium,279621,3.38,3,7209356.6,124729.35,0.301,3.7543,30.0998,₹50–75L
Hyundai,Ioniq 6,2023,Base,41678.26,66.4,252.0,83.9,7.12,155.0,368.0,362.0,AWD,5,Van,69.3,1580.0,4,1,South Korea,Mid-range,52756,3.29,4,3480134.71,52411.67,0.7241,3.7952,72.411,₹25–50L
Tesla,Cybertruck,2025,Premium,131326.82,44.5,172.0,271.0,6.26,164.0,951.0,870.0,AWD,5,Truck,73.1,2711.0,5,2,US,Luxury,195107,3.68,5,10965789.47,246422.24,0.1569,3.8652,15.6851,₹100–150L
Tesla,Model X,2025,Base,106034.49,82.6,286.0,201.7,6.63,151.0,719.0,582.0,FWD,7,Van,75.5,1771.0,5,2,US,Luxury,136623,3.7,6,8853879.92,107189.83,0.323,3.4625,32.3022,₹75–100L
GM/Chevrolet,Blazer EV,2023,Performance,60380.4,91.2,308.0,182.4,3.99,199.0,753.0,660.0,RWD,7,Van,76.9,1584.0,3,1,US,Mid-range,8909,3.76,3,5041763.4,55282.49,0.6109,3.3772,61.0897,₹50–75L
Tesla,Model Y,2024,Performance,141348.91,115.7,409.0,243.6,3.11,200.0,1000.0,942.0,AWD,5,Coupe,26.6,1540.0,4,2,US,Luxury,490678,4.51,4,11802633.98,102010.67,0.3465,3.535,34.6533,₹100–150L
Kia,Picanto EV,2025,Base,33502.19,82.4,304.0,74.7,7.22,144.0,220.0,238.0,FWD,7,Van,76.5,1588.0,4,0,South Korea,Budget,70571,3.47,4,2797432.86,33949.43,1.0867,3.6893,108.6711,₹25–50L
BYD,Seagull,2025,Premium,98579.06,64.3,224.0,56.8,6.74,143.0,1000.0,891.0,AWD,5,Coupe,19.3,1606.0,5,0,China,Premium,142672,3.25,3,8231351.51,128014.8,0.2721,3.4837,27.213,₹75–100L
Volkswagen,ID. Aero,2024,Base,29413.61,69.3,264.0,107.2,7.54,131.0,186.0,208.0,AWD,5,SUV,38.3,2196.0,5,1,Germany,Budget,268683,3.64,4,2456036.44,35440.64,1.0749,3.8095,107.4903,<₹25L
BYD,Atto 3,2025,Long Range,32535.18,92.0,307.0,138.7,5.28,175.0,341.0,309.0,RWD,5,Sedan,39.2,1704.0,4,2,China,Budget,218123,3.53,3,2716687.53,29529.21,1.1301,3.337,113.0053,₹25–50L
Volkswagen,ID.5,2024,Performance,106703.67,90.5,330.0,247.6,4.38,192.0,1000.0,884.0,RWD,7,Van,61.7,1614.0,5,0,Germany,Luxury,282713,3.53,3,8909756.44,98450.35,0.3704,3.6464,37.038,₹75–100L
GM/Chevrolet,Bolt EUV,2025,Premium,61871.83,57.9,176.0,120.9,5.75,168.0,782.0,728.0,RWD,5,Hatchback,24.9,1500.0,5,0,US,Mid-range,10487,3.16,3,5166297.8,89227.94,0.3407,3.0397,34.0669,₹50–75L
BYD,Yuan Plus,2024,Base,31743.27,82.5,285.0,136.5,5.75,166.0,292.0,292.0,AWD,5,SUV,63.5,1787.0,4,1,China,Budget,226541,3.63,3,2650563.04,32128.04,1.0752,3.4545,107.5243,₹25–50L
Kia,Sportage EV,2025,Performance,72347.59,112.0,369.0,204.8,4.18,185.0,800.0,714.0,AWD,7,SUV,37.5,2315.0,3,0,South Korea,Premium,144057,3.62,3,6041023.76,53937.71,0.6108,3.2946,61.0824,₹50–75L
Hyundai,Ioniq 6,2025,Performance,47415.02,112.3,399.0,174.2,3.55,200.0,463.0,391.0,FWD,7,Hatchback,22.4,1581.0,5,2,South Korea,Mid-range,102665,3.98,3,3959154.17,35255.16,1.0078,3.553,100.7791,₹25–50L
BMW,i4,2023,Standard,101992.19,49.3,168.0,109.7,5.58,165.0,804.0,703.0,FWD,7,Sedan,32.1,1856.0,5,2,Germany,Luxury,24913,3.34,6,8516347.86,172745.39,0.1973,3.4077,19.7268,₹75–100L
NIO,EC6,2025,Premium,83405.89,75.4,277.0,62.0,5.21,164.0,723.0,689.0,RWD,7,Van,74.9,1673.0,5,0,China,Premium,11073,3.32,5,6964391.82,92365.94,0.3977,3.6737,39.7738,₹50–75L
GM/Chevrolet,Blazer EV,2023,Performance,77802.21,81.5,300.0,152.9,3.57,195.0,1000.0,925.0,AWD,5,Truck,65.0,2508.0,5,1,US,Premium,18415,3.87,4,6496484.54,79711.47,0.4618,3.681,46.1788,₹50–75L
BYD,Atto 3,2024,Performance,53801.14,101.6,365.0,242.3,2.51,200.0,595.0,572.0,AWD,7,Van,64.5,1590.0,5,0,China,Mid-range,168996,3.7,4,4492395.19,44216.49,0.8125,3.5925,81.2484,₹25–50L
Tesla,Model 3,2025,Long Range,84190.57,98.0,350.0,308.3,4.72,182.0,592.0,522.0,RWD,7,Coupe,32.0,1694.0,4,2,US,Premium,181874,3.94,4,7029912.6,71733.8,0.4979,3.5714,49.7872,₹50–75L
BYD,Qin,2023,Base,40160.18,61.8,214.0,142.4,5.79,164.0,401.0,356.0,FWD,7,Hatchback,39.3,1500.0,5,0,China,Mid-range,234883,3.4,3,3353375.03,54261.73,0.6382,3.4628,63.8163,₹25–50L
Kia,EV6,2022,Performance,48028.48,102.7,351.0,182.0,3.29,200.0,489.0,421.0,AWD,5,Hatchback,27.7,1500.0,4,2,South Korea,Mid-range,81607,3.7,5,4010378.08,39049.45,0.8752,3.4177,87.5229,₹25–50L
Tesla,Model S,2026,Performance,120990.97,76.9,272.0,208.1,2.81,200.0,841.0,743.0,AWD,7,Truck,77.7,2847.0,4,2,US,Luxury,177875,3.74,5,10102745.99,131375.11,0.2692,3.5371,26.9234,₹100–150L
Hyundai,i30,2022,Base,52457.02,61.6,184.0,60.7,7.28,139.0,503.0,465.0,AWD,5,Sedan,26.9,1576.0,5,1,South Korea,Mid-range,72150,3.34,5,4380161.17,71106.51,0.4201,2.987,42.0076,₹25–50L
Kia,Picanto EV,2023,Standard,66396.28,40.4,150.0,72.8,5.36,172.0,763.0,668.0,AWD,7,Sedan,23.5,1580.0,4,2,South Korea,Premium,93251,3.17,3,5544089.38,137229.94,0.2706,3.7129,27.0558,₹50–75L
BYD,Dolphin,2025,Base,53719.72,48.4,150.0,130.4,5.96,160.0,629.0,556.0,FWD,7,Hatchback,38.7,1728.0,3,0,China,Mid-range,246801,3.15,5,4485596.62,92677.62,0.3344,3.0992,33.4404,₹25–50L
Ford,Mustang Mach-E,2026,Premium,56792.12,67.2,207.0,138.4,7.7,135.0,555.0,485.0,AWD,5,SUV,51.2,2102.0,4,0,US,Mid-range,31784,3.24,4,4742142.02,70567.59,0.4365,3.0804,43.6512,₹25–50L
Tesla,Model S,2024,Standard,122807.61,51.0,203.0,348.4,5.61,177.0,905.0,784.0,AWD,7,Van,78.0,1500.0,4,3,US,Luxury,162784,3.67,6,10254435.44,201067.36,0.198,3.9804,19.7963,₹100–150L
Tesla,Model X,2025,Long Range,153915.44,92.0,309.0,214.0,4.56,177.0,1000.0,955.0,RWD,5,Van,73.2,1572.0,5,2,US,Luxury,210826,3.64,5,12851939.24,139694.99,0.2404,3.3587,24.0431,₹100–150L
GM/Chevrolet,Equinox EV,2025,Standard,28857.9,80.0,326.0,78.0,6.63,147.0,200.0,200.0,RWD,7,SUV,38.7,2241.0,4,0,US,Budget,24599,3.71,4,2409634.65,30120.43,1.3529,4.075,135.2902,<₹25L
Hyundai,Kona Electric,2024,Standard,53616.49,57.8,161.0,106.9,7.18,147.0,606.0,581.0,AWD,5,Coupe,22.9,1500.0,5,0,South Korea,Mid-range,78661,3.39,3,4476976.92,77456.35,0.3596,2.7855,35.9618,₹25–50L
BMW,i5,2020,Base,93337.36,72.7,232.0,51.4,5.06,176.0,720.0,650.0,RWD,5,Truck,54.7,2335.0,5,1,Germany,Premium,25170,3.43,8,7793669.56,107203.16,0.2977,3.1912,29.7677,₹75–100L
Volkswagen,ID. Aero,2026,Standard,69769.06,45.0,150.0,144.8,7.91,140.0,724.0,672.0,RWD,7,Hatchback,25.0,1560.0,4,0,Germany,Premium,251078,3.0,4,5825716.51,129460.37,0.2575,3.3333,25.7479,₹50–75L
BYD,Yuan Plus,2026,Standard,35604.12,69.8,235.0,114.5,5.44,174.0,380.0,335.0,RWD,5,Truck,60.0,2708.0,5,0,China,Mid-range,210674,3.59,3,2972944.02,42592.32,0.7905,3.3668,79.0462,₹25–50L
Ford,F-150 Lightning,2025,Long Range,91074.2,83.3,309.0,123.8,5.32,165.0,1000.0,875.0,FWD,4,Truck,59.8,2537.0,5,1,US,Premium,78477,3.54,5,7604695.7,91292.87,0.4063,3.7095,40.6328,₹75–100L
Ford,E-Transit,2022,Premium,72686.4,58.3,197.0,55.6,7.84,135.0,806.0,761.0,RWD,7,Coupe,34.3,1507.0,3,0,US,Premium,32038,3.44,3,6069314.4,104104.88,0.3246,3.3791,32.4584,₹50–75L
GM/Chevrolet,Bolt EV,2024,Performance,43772.41,113.5,369.0,244.5,3.14,192.0,465.0,370.0,FWD,7,SUV,55.5,2127.0,4,0,US,Mid-range,13494,3.81,4,3654996.24,32202.61,1.0096,3.2511,100.9577,₹25–50L
BYD,Max,2025,Premium,100296.35,81.5,290.0,71.6,7.14,143.0,1000.0,904.0,AWD,7,Hatchback,33.3,1686.0,4,0,China,Luxury,155370,3.84,4,8374745.22,102757.61,0.3463,3.5583,34.6279,₹75–100L
Kia,Picanto EV,2026,Long Range,70115.71,95.5,342.0,140.0,4.95,168.0,873.0,766.0,FWD,5,Sedan,38.2,1535.0,5,0,South Korea,Premium,82992,3.83,4,5854661.78,61305.36,0.5841,3.5812,58.415,₹50–75L
Volkswagen,ID. Buzz,2026,Base,70180.35,48.8,170.0,145.0,6.15,159.0,702.0,698.0,FWD,5,Truck,63.5,2406.0,4,0,Germany,Premium,220918,3.38,4,5860059.22,120083.18,0.2901,3.4836,29.0099,₹50–75L
Tesla,Model 3,2023,Base,50661.72,45.0,150.0,321.1,7.4,132.0,355.0,361.0,FWD,5,Truck,58.9,2602.0,5,2,US,Mid-range,240645,3.26,6,4230253.62,94005.64,0.3546,3.3333,35.4589,₹25–50L
Rivian,R1S,2023,Base,71764.23,63.3,216.0,111.8,5.26,179.0,267.0,240.0,RWD,5,Coupe,25.4,1532.0,4,1,US,Premium,16601,3.25,4,5992313.2,94665.3,0.3605,3.4123,36.0462,₹50–75L
Tesla,Model Y,2024,Standard,118291.58,82.5,290.0,268.0,6.17,157.0,828.0,772.0,AWD,5,Truck,51.0,2443.0,5,2,US,Luxury,419454,3.57,4,9877346.93,119725.42,0.2936,3.5152,29.3601,₹75–100L
Toyota,bZ Compact SUV,2025,Base,65608.6,60.1,208.0,67.8,6.65,154.0,816.0,769.0,FWD,5,SUV,56.9,1949.0,4,1,Japan,Premium,24977,3.36,5,5478318.1,91153.38,0.3797,3.4609,37.9679,₹50–75L
Volkswagen,ID. Buzz,2023,Premium,99863.63,66.5,227.0,113.9,7.86,134.0,1000.0,879.0,AWD,7,Truck,63.8,2583.0,5,0,Germany,Premium,237739,3.79,4,8338613.1,125392.68,0.2722,3.4135,27.2228,₹75–100L
Tesla,Model 3,2022,Long Range,84609.91,107.2,365.0,286.9,5.82,165.0,593.0,574.0,RWD,5,SUV,59.3,2001.0,4,2,US,Premium,171529,4.12,6,7064927.48,65904.17,0.5166,3.4049,51.6637,₹50–75L
Kia,Sportage EV,2025,Premium,81244.23,54.9,181.0,55.0,6.43,149.0,972.0,869.0,AWD,5,SUV,54.1,2277.0,5,2,South Korea,Premium,70466,3.28,5,6783893.2,123568.18,0.2668,3.2969,26.6808,₹50–75L
Mercedes,EQC,2024,Premium,167460.91,69.9,243.0,76.8,5.18,175.0,1000.0,943.0,RWD,7,Hatchback,39.8,1500.0,4,1,Germany,Luxury,50533,3.71,5,13982985.98,200042.72,0.1738,3.4764,17.3783,₹100–150L
GM/Chevrolet,Equinox EV,2023,Long Range,33127.16,87.4,303.0,69.7,5.64,160.0,228.0,275.0,FWD,5,SUV,39.5,2025.0,4,0,US,Budget,19880,3.66,5,2766117.86,31648.95,1.0954,3.4668,109.5398,₹25–50L
Ford,Explorer EV,2023,Performance,66131.67,96.5,322.0,171.9,2.66,200.0,729.0,712.0,FWD,5,Truck,51.8,2343.0,5,0,US,Premium,34351,3.53,4,5521994.44,57222.74,0.5831,3.3368,58.3123,₹50–75L
BMW,i7,2024,Base,58695.0,50.0,177.0,105.7,6.25,155.0,314.0,298.0,AWD,5,Coupe,21.0,1677.0,4,2,Germany,Mid-range,59887,3.39,6,4901032.5,98020.65,0.3611,3.54,36.1148,₹25–50L
GM/Chevrolet,Silverado EV,2025,Premium,46867.37,59.3,232.0,69.2,7.47,135.0,501.0,394.0,RWD,7,Sedan,37.1,1579.0,5,0,US,Mid-range,24354,3.3,3,3913425.4,65993.68,0.5928,3.9123,59.2831,₹25–50L
Mercedes,EQS,2024,Performance,183949.91,87.0,328.0,226.2,3.1,200.0,1000.0,941.0,AWD,5,Coupe,15.9,1676.0,5,2,Germany,Luxury,78765,4.06,6,15359817.48,176549.63,0.2135,3.7701,21.3544,₹150–200L
BYD,Max,2025,Long Range,26705.48,85.3,273.0,118.5,5.64,169.0,280.0,247.0,AWD,7,Truck,51.9,2625.0,4,1,China,Budget,188547,3.41,3,2229907.58,26141.94,1.2243,3.2005,122.4266,<₹25L
Hyundai,Ioniq 5,2024,Standard,37623.67,63.5,214.0,107.8,5.74,165.0,344.0,327.0,RWD,5,Van,75.8,1500.0,4,0,South Korea,Mid-range,76324,3.31,4,3141576.44,49473.64,0.6812,3.3701,68.1187,₹25–50L
BYD,Dolphin,2025,Performance,98821.6,98.4,363.0,218.3,3.74,189.0,1000.0,930.0,AWD,7,Hatchback,21.5,1500.0,4,1,China,Premium,172137,3.93,4,8251603.6,83857.76,0.4399,3.689,43.9914,₹75–100L
Porsche,Macan Electric,2025,Standard,186969.89,80.5,291.0,313.1,7.79,132.0,1000.0,936.0,AWD,5,Hatchback,18.4,1894.0,5,1,Germany,Luxury,29154,4.28,8,15611985.82,193937.71,0.1864,3.6149,18.6395,₹150–200L
NIO,EL8,2024,Premium,68322.21,64.5,203.0,121.2,7.2,143.0,526.0,465.0,RWD,5,Coupe,32.5,1745.0,5,0,China,Premium,2458,3.46,4,5704904.54,88448.13,0.3558,3.1473,35.5834,₹50–75L
Tesla,Model Y,2024,Premium,91805.32,52.7,197.0,346.1,6.04,156.0,668.0,649.0,RWD,7,Hatchback,23.6,1500.0,4,2,US,Premium,462587,3.48,5,7665744.22,145460.04,0.257,3.7381,25.6987,₹75–100L
GM/Chevrolet,Bolt EV,2024,Base,34244.16,59.5,214.0,98.8,5.67,163.0,288.0,251.0,AWD,7,SUV,45.1,1772.0,5,0,US,Budget,29653,3.5,4,2859387.36,48056.93,0.7484,3.5966,74.8412,₹25–50L
Rivian,R3,2026,Performance,113739.43,106.9,358.0,185.6,3.03,200.0,1000.0,935.0,AWD,5,Coupe,36.5,1500.0,4,1,US,Luxury,22439,3.75,6,9497242.4,88842.3,0.377,3.3489,37.6952,₹75–100L
Tesla,Cybertruck,2025,Standard,98006.33,50.5,177.0,336.0,7.58,138.0,719.0,587.0,FWD,7,Truck,67.6,2276.0,4,3,US,Premium,113383,3.75,4,8183528.56,162050.07,0.2163,3.505,21.6288,₹75–100L
Kia,EV9,2024,Standard,67166.43,71.5,240.0,70.8,7.01,135.0,723.0,642.0,AWD,5,SUV,61.2,1821.0,4,2,South Korea,Premium,69022,3.56,5,5608396.9,78439.12,0.4279,3.3566,42.793,₹50–75L
Rivian,R1S,2024,Base,73774.27,67.4,263.0,131.8,6.54,148.0,325.0,272.0,AWD,7,Truck,70.8,2508.0,5,1,US,Premium,22100,3.49,4,6160151.54,91396.91,0.4269,3.9021,42.6938,₹50–75L
Tesla,Model Y,2024,Long Range,98420.53,75.3,267.0,260.0,5.57,165.0,739.0,720.0,RWD,5,Hatchback,30.6,1628.0,5,3,US,Premium,459091,3.73,6,8218114.26,109138.3,0.3249,3.5458,32.4892,₹75–100L
GM/Chevrolet,Silverado EV,2024,Standard,42545.39,40.0,150.0,115.3,5.39,171.0,460.0,408.0,FWD,7,Sedan,21.0,1830.0,3,1,US,Mid-range,11545,3.42,4,3552540.06,88813.5,0.4222,3.75,42.2233,₹25–50L
BYD,Leaf 50X,2023,Performance,25921.47,101.8,344.0,196.5,4.43,188.0,215.0,200.0,AWD,5,Truck,74.6,2544.0,5,0,China,Budget,110847,3.94,4,2164442.74,21261.72,1.5893,3.3792,158.9324,<₹25L
Rivian,R1S,2024,Standard,86119.94,52.4,172.0,92.5,5.38,170.0,1000.0,929.0,AWD,7,Van,69.0,1514.0,4,1,US,Premium,1755,3.19,4,7191014.99,137233.11,0.2392,3.2824,23.9187,₹50–75L
Fisker,Ronin,2024,Performance,77587.25,78.3,296.0,183.2,3.66,198.0,605.0,533.0,AWD,7,Sedan,34.4,1691.0,4,1,US,Premium,24352,3.46,5,6478535.38,82739.92,0.4569,3.7803,45.6893,₹50–75L
Toyota,bZ4X,2026,Long Range,89238.61,105.2,336.0,114.0,4.89,178.0,1000.0,879.0,RWD,5,Hatchback,36.0,1734.0,5,0,Japan,Premium,3195,3.98,5,7451423.94,70831.03,0.4509,3.1939,45.0921,₹50–75L
Hyundai,Ioniq 6,2023,Standard,53342.39,42.5,150.0,111.1,5.32,179.0,558.0,506.0,FWD,5,Sedan,15.5,1500.0,4,0,South Korea,Mid-range,142003,3.16,4,4454089.57,104802.11,0.3368,3.5294,33.6769,₹25–50L
Mercedes,EQS,2026,Premium,108752.82,76.2,250.0,137.0,6.68,144.0,577.0,547.0,AWD,5,SUV,49.0,1922.0,4,2,Germany,Luxury,65854,3.7,6,9080860.47,119171.4,0.2753,3.2808,27.5304,₹75–100L
Mercedes,GLE EV,2022,Base,94570.88,72.7,257.0,91.1,5.86,162.0,421.0,339.0,AWD,7,Truck,78.9,2664.0,5,2,Germany,Premium,59270,3.75,5,7896668.48,108619.92,0.3255,3.5351,32.5454,₹75–100L
BYD,Dolphin,2025,Base,52113.75,54.9,221.0,140.9,6.37,148.0,558.0,507.0,AWD,5,Coupe,19.8,1539.0,4,2,China,Mid-range,186712,3.38,5,4351498.12,79262.26,0.5079,4.0255,50.7871,₹25–50L
Mercedes,EQC,2025,Premium,91108.2,66.3,223.0,90.2,6.24,157.0,447.0,344.0,AWD,5,Van,71.3,1793.0,5,1,Germany,Premium,58124,3.6,6,7607534.7,114744.11,0.2931,3.3635,29.313,₹75–100L
Tesla,Cybertruck,2024,Premium,49738.35,47.0,150.0,329.8,5.85,165.0,378.0,292.0,RWD,7,Truck,57.9,2606.0,5,3,US,Mid-range,179970,3.63,5,4153152.22,88364.94,0.3612,3.1915,36.1171,₹25–50L
Kia,EV9,2023,Standard,33510.99,40.1,152.0,144.8,7.1,135.0,241.0,214.0,AWD,7,SUV,37.1,2106.0,4,2,South Korea,Budget,137108,3.43,4,2798167.66,69779.74,0.5432,3.7905,54.3213,₹25–50L
BYD,Seagull,2023,Standard,84139.98,72.3,261.0,103.4,7.53,130.0,963.0,882.0,AWD,7,Truck,67.7,2278.0,5,0,China,Premium,236926,3.41,3,7025688.33,97174.11,0.3715,3.61,37.1494,₹50–75L
Tesla,Model 3,2025,Premium,137916.62,66.0,216.0,328.7,6.4,158.0,1000.0,906.0,RWD,7,SUV,40.2,2111.0,5,2,US,Luxury,132643,3.73,5,11516037.77,174485.42,0.1876,3.2727,18.7565,₹100–150L
Tesla,Model 3,2024,Long Range,148635.93,103.2,360.0,322.9,5.61,165.0,1000.0,910.0,AWD,7,Van,74.3,1690.0,3,2,US,Luxury,108335,3.96,4,12411100.16,120262.6,0.2901,3.4884,29.0063,₹100–150L
GM/Chevrolet,Bolt EUV,2025,Performance,62330.93,108.0,376.0,168.5,2.88,200.0,803.0,695.0,AWD,7,Truck,75.2,2393.0,4,1,US,Mid-range,27154,3.92,5,5204632.66,48191.04,0.7224,3.4815,72.2433,₹50–75L
BYD,Qin,2025,Standard,29108.23,44.5,170.0,86.4,5.48,165.0,319.0,224.0,AWD,7,Hatchback,15.2,1780.0,5,0,China,Budget,179440,3.4,4,2430537.2,54618.81,0.6994,3.8202,69.9434,<₹25L
GM/Chevrolet,Bolt EUV,2025,Performance,81159.74,104.4,379.0,234.3,2.85,200.0,1000.0,927.0,RWD,7,Truck,66.2,2789.0,4,2,US,Premium,28393,3.84,3,6776838.29,64912.24,0.5593,3.6303,55.9258,₹50–75L
Tesla,Model 3,2025,Base,80586.23,77.9,274.0,227.2,6.92,149.0,580.0,502.0,RWD,5,Van,73.9,1645.0,5,3,US,Premium,243472,3.8,4,6728950.2,86379.34,0.4072,3.5173,40.7196,₹50–75L
BYD,Qin,2025,Standard,79451.82,66.3,253.0,80.6,5.72,158.0,839.0,753.0,FWD,7,Hatchback,30.7,1610.0,5,0,China,Premium,216726,3.44,3,6634226.97,100063.76,0.3814,3.816,38.1356,₹50–75L
Kia,Niro EV,2021,Performance,51783.96,99.9,345.0,221.0,3.85,197.0,525.0,467.0,FWD,5,SUV,51.6,2137.0,5,1,South Korea,Mid-range,94100,3.93,4,4323960.66,43282.89,0.7979,3.4535,79.788,₹25–50L
Ford,E-Transit,2025,Base,47442.7,70.8,237.0,126.8,6.31,153.0,445.0,381.0,RWD,7,Van,69.6,1750.0,4,1,US,Mid-range,71700,3.47,3,3961465.45,55952.9,0.5983,3.3475,59.8263,₹25–50L
BYD,Max,2024,Premium,113232.12,50.0,173.0,89.8,6.32,154.0,1000.0,907.0,AWD,7,Coupe,24.6,1576.0,4,0,China,Luxury,184045,3.17,5,9454882.02,189097.64,0.183,3.46,18.2974,₹75–100L
BMW,i3,2021,Long Range,102095.14,106.5,364.0,123.3,5.0,178.0,843.0,810.0,AWD,5,Coupe,23.3,1503.0,4,1,Germany,Luxury,29444,3.44,5,8524944.19,80046.42,0.427,3.4178,42.6982,₹75–100L
Audi,e-tron,2026,Performance,104966.05,96.6,360.0,208.5,2.86,200.0,776.0,692.0,AWD,5,Sedan,23.6,1596.0,4,2,Germany,Luxury,20618,3.66,6,8764665.18,90731.52,0.4107,3.7267,41.074,₹75–100L
Kia,Niro EV,2024,Long Range,40789.37,85.6,279.0,96.7,5.67,165.0,332.0,276.0,FWD,5,Coupe,33.5,1580.0,5,1,South Korea,Mid-range,63756,3.57,4,3405912.4,39788.7,0.8192,3.2593,81.9164,₹25–50L
BYD,Leaf 50X,2025,Standard,32451.41,72.9,268.0,118.3,6.57,148.0,348.0,323.0,FWD,7,Coupe,25.9,1889.0,4,2,China,Budget,104392,3.51,4,2709692.74,37170.0,0.989,3.6763,98.9042,₹25–50L
Tesla,Model 3,2022,Standard,112086.56,61.2,215.0,347.4,6.6,152.0,806.0,684.0,RWD,5,Sedan,22.9,1775.0,5,3,US,Luxury,140793,3.65,5,9359227.76,152928.56,0.2297,3.5131,22.972,₹75–100L
Mercedes,EQG,2022,Base,64416.89,70.0,262.0,64.0,7.35,142.0,213.0,227.0,FWD,7,SUV,54.0,2149.0,5,1,Germany,Mid-range,31870,3.9,6,5378810.32,76840.15,0.4871,3.7429,48.7097,₹50–75L
Tesla,Model 3,2025,Base,108727.13,41.1,150.0,345.3,7.92,131.0,743.0,715.0,FWD,7,Truck,78.8,2525.0,3,2,US,Luxury,118818,3.3,6,9078715.36,220893.32,0.1652,3.6496,16.5222,₹75–100L
Audi,e-tron,2021,Performance,119078.45,118.6,396.0,174.1,2.76,200.0,963.0,899.0,RWD,5,Coupe,22.5,1617.0,5,1,Germany,Luxury,62009,3.84,8,9943050.57,83836.85,0.3983,3.339,39.8268,₹75–100L
Hyundai,Ioniq 5,2025,Base,34994.42,79.1,269.0,104.4,6.86,142.0,258.0,270.0,FWD,7,Hatchback,32.2,1500.0,3,1,South Korea,Budget,123225,3.52,4,2922034.07,36941.01,0.9206,3.4008,92.0592,₹25–50L
NIO,ET5,2023,Premium,114240.51,65.6,218.0,54.0,5.99,162.0,1000.0,939.0,AWD,7,Truck,56.4,2456.0,5,0,China,Luxury,26747,3.64,5,9539082.58,145412.84,0.2285,3.3232,22.8534,₹75–100L
Ford,Mustang Mach-E,2025,Long Range,70076.78,107.7,396.0,104.3,4.52,185.0,815.0,725.0,AWD,5,Truck,76.6,2211.0,3,1,US,Premium,52702,3.92,4,5851411.13,54330.65,0.6768,3.6769,67.676,₹50–75L
Xiaomi,SU7,2024,Long Range,95394.53,76.4,243.0,119.6,4.7,168.0,1000.0,931.0,FWD,5,SUV,39.9,2215.0,5,2,China,Premium,8671,3.55,3,7965443.26,104259.73,0.3051,3.1806,30.5068,₹75–100L
BYD,Seagull,2024,Base,16613.01,55.9,237.0,83.2,5.73,169.0,202.0,200.0,AWD,5,Sedan,18.4,1578.0,3,2,China,Budget,205452,3.37,5,1387186.34,24815.5,1.7085,4.2397,170.8494,<₹25L
Ford,F-150 Lightning,2022,Premium,39147.79,52.5,215.0,72.9,5.42,170.0,280.0,217.0,AWD,4,Truck,60.1,2430.0,4,0,US,Mid-range,78104,3.41,4,3268840.46,62263.63,0.6577,4.0952,65.7726,₹25–50L
Volkswagen,ID.3,2025,Performance,52326.27,115.4,383.0,192.0,3.21,200.0,500.0,497.0,AWD,5,SUV,39.5,2045.0,5,0,Germany,Mid-range,248780,3.88,3,4369243.54,37861.73,0.8766,3.3189,87.6582,₹25–50L
Hyundai,Ioniq 6,2026,Premium,43930.22,71.2,285.0,137.9,7.22,141.0,431.0,387.0,AWD,5,SUV,65.3,1932.0,4,1,South Korea,Mid-range,60140,3.56,4,3668173.37,51519.29,0.777,4.0028,77.6953,₹25–50L
BMW,i5,2025,Base,68260.21,52.1,191.0,137.1,5.51,171.0,397.0,320.0,RWD,5,SUV,36.3,1984.0,4,2,Germany,Premium,78488,3.02,7,5699727.54,109399.76,0.3351,3.666,33.5104,₹50–75L
Audi,e-tron GT,2024,Base,86243.23,60.4,208.0,117.9,5.68,169.0,543.0,447.0,FWD,5,Sedan,36.5,1500.0,4,1,Germany,Premium,24433,3.51,6,7201309.7,119226.98,0.2888,3.4437,28.8836,₹50–75L
Polestar,2,2025,Base,91715.74,62.6,234.0,122.8,6.18,155.0,558.0,508.0,RWD,5,Hatchback,33.2,1632.0,5,0,Sweden,Premium,2292,3.52,4,7658264.29,122336.49,0.3056,3.738,30.5552,₹75–100L
Ford,Explorer EV,2025,Base,55304.32,58.4,191.0,57.8,6.03,164.0,586.0,492.0,FWD,5,SUV,66.1,2189.0,5,0,US,Mid-range,32117,3.32,4,4617910.72,79073.81,0.4136,3.2705,41.3607,₹25–50L
Volkswagen,ID.4,2024,Long Range,67671.59,106.9,369.0,103.8,5.4,166.0,714.0,648.0,RWD,5,SUV,39.1,1988.0,4,1,Germany,Premium,268234,3.88,4,5650577.76,52858.54,0.653,3.4518,65.3031,₹50–75L
Volkswagen,ID.5,2022,Performance,46348.56,90.0,333.0,203.6,3.69,188.0,334.0,294.0,RWD,5,SUV,62.6,1513.0,4,1,Germany,Mid-range,219975,3.79,4,3870104.76,43001.16,0.8604,3.7,86.0442,₹25–50L
GM/Chevrolet,Silverado EV,2023,Premium,41711.2,58.9,204.0,84.3,7.56,135.0,378.0,346.0,AWD,5,Hatchback,38.8,1502.0,4,2,US,Mid-range,776,3.17,4,3482885.2,59132.18,0.5857,3.4635,58.5721,₹25–50L
BYD,Atto 3,2024,Long Range,71451.87,76.8,260.0,148.9,5.84,166.0,788.0,761.0,RWD,5,Van,77.1,1540.0,5,2,China,Premium,111875,3.51,4,5966231.14,77685.3,0.4358,3.3854,43.5786,₹50–75L
Tesla,Cybertruck,2022,Long Range,109130.05,91.6,339.0,207.9,5.51,160.0,720.0,650.0,FWD,7,Truck,78.0,2513.0,5,3,US,Luxury,161385,4.17,4,9112359.18,99479.9,0.372,3.7009,37.2022,₹75–100L
BYD,Dolphin,2025,Performance,30282.11,100.0,331.0,243.7,2.59,200.0,289.0,286.0,RWD,7,Van,77.2,1897.0,5,2,China,Budget,180781,4.04,5,2528556.18,25285.56,1.309,3.31,130.9047,₹25–50L
BYD,Dolphin,2025,Standard,83813.38,70.0,271.0,90.1,5.34,166.0,960.0,881.0,RWD,5,SUV,35.9,1784.0,3,0,China,Premium,193467,3.4,5,6998417.23,99977.39,0.3872,3.8714,38.723,₹50–75L
BYD,Atto 3,2022,Long Range,59084.31,100.3,349.0,128.5,4.97,182.0,657.0,521.0,FWD,7,Hatchback,27.6,1597.0,4,0,China,Mid-range,242445,3.57,3,4933539.88,49187.84,0.7074,3.4796,70.7403,₹25–50L
BYD,Dolphin,2021,Performance,43985.87,97.2,348.0,222.4,3.07,200.0,466.0,418.0,RWD,5,Coupe,24.5,1505.0,4,1,China,Mid-range,213365,3.76,4,3672820.14,37786.22,0.9475,3.5802,94.7501,₹25–50L
Tesla,Model Y,2024,Long Range,114549.61,101.0,338.0,259.5,4.38,178.0,800.0,756.0,FWD,5,Coupe,34.3,1663.0,5,2,US,Luxury,473485,4.07,4,9564892.44,94701.91,0.3534,3.3465,35.3376,₹75–100L
Tesla,Model Y,2025,Performance,63323.17,90.5,314.0,256.5,3.58,195.0,420.0,356.0,RWD,7,Coupe,32.2,1634.0,5,3,US,Mid-range,404935,3.92,5,5287484.7,58425.25,0.5939,3.4696,59.3855,₹50–75L
Porsche,Taycan,2024,Premium,143428.05,66.1,213.0,221.1,6.87,148.0,640.0,521.0,AWD,7,Coupe,37.2,1500.0,4,2,Germany,Luxury,6555,3.83,7,11976242.18,181183.69,0.1779,3.2224,17.7852,₹100–150L
Volkswagen,ID. Aero,2023,Premium,60337.62,44.2,158.0,70.6,5.68,175.0,580.0,557.0,RWD,7,Hatchback,32.0,1500.0,5,1,Germany,Mid-range,201954,3.3,3,5038191.27,113986.23,0.3136,3.5747,31.3605,₹50–75L
Volkswagen,ID.3,2023,Premium,53064.54,68.1,226.0,140.6,7.09,141.0,464.0,379.0,RWD,7,Truck,57.8,2506.0,3,0,Germany,Mid-range,243991,3.26,4,4430889.09,65064.45,0.5101,3.3186,51.0056,₹25–50L
BMW,i5,2022,Performance,74178.54,74.0,257.0,154.2,3.99,187.0,386.0,326.0,RWD,7,Coupe,31.7,1714.0,5,2,Germany,Premium,60959,3.29,5,6193908.09,83701.46,0.4149,3.473,41.4924,₹50–75L
BYD,Atto 3,2025,Long Range,51946.07,98.3,331.0,87.9,4.35,185.0,593.0,555.0,AWD,7,Sedan,31.7,1785.0,5,1,China,Mid-range,247778,3.61,3,4337496.84,44125.1,0.7631,3.3672,76.3113,₹25–50L
Toyota,bZ Compact SUV,2024,Long Range,85221.63,86.5,314.0,126.8,4.78,181.0,1000.0,915.0,FWD,7,SUV,36.6,2167.0,4,0,Japan,Premium,12454,3.6,4,7116006.1,82265.97,0.4413,3.6301,44.1259,₹50–75L
Ford,E-Transit,2025,Standard,44718.1,71.7,258.0,59.7,6.72,157.0,382.0,355.0,FWD,7,Hatchback,27.8,1523.0,5,1,US,Mid-range,41551,3.51,3,3733961.35,52077.56,0.691,3.5983,69.0955,₹25–50L
Tesla,Model X,2024,Premium,57311.05,46.2,178.0,230.2,6.59,148.0,371.0,358.0,RWD,7,Hatchback,37.6,1576.0,5,2,US,Mid-range,103833,3.5,5,4785472.68,103581.66,0.372,3.8528,37.1959,₹25–50L
Volkswagen,ID. Aero,2025,Premium,112803.13,81.2,297.0,50.1,6.05,158.0,1000.0,906.0,AWD,7,Truck,79.8,2658.0,4,1,Germany,Luxury,225327,3.76,3,9419061.36,115998.29,0.3153,3.6576,31.5318,₹75–100L
Audi,e-tron GT,2025,Long Range,126392.96,109.8,384.0,98.7,5.26,176.0,1000.0,873.0,FWD,7,Sedan,22.8,1500.0,4,2,Germany,Luxury,38380,4.02,8,10553812.16,96118.51,0.3638,3.4973,36.385,₹100–150L
Toyota,bZ Compact SUV,2025,Premium,79560.18,48.9,199.0,81.9,5.34,167.0,1000.0,917.0,RWD,7,SUV,39.3,1681.0,5,0,Japan,Premium,12847,3.03,3,6643275.03,135854.3,0.2996,4.0695,29.9551,₹50–75L
Hyundai,Ioniq,2025,Performance,56648.45,77.2,256.0,156.0,3.07,200.0,651.0,571.0,AWD,7,Truck,51.4,2444.0,4,1,South Korea,Mid-range,120189,3.68,3,4730145.58,61271.32,0.5412,3.3161,54.121,₹25–50L
Kia,EV9,2026,Long Range,68589.74,83.3,269.0,85.1,4.04,185.0,777.0,693.0,FWD,5,SUV,66.0,1880.0,5,1,South Korea,Premium,136116,3.29,3,5727243.29,68754.42,0.4697,3.2293,46.9685,₹50–75L
Tesla,Model Y,2025,Premium,126346.84,62.5,253.0,303.5,6.96,147.0,888.0,808.0,AWD,5,SUV,40.0,1955.0,4,2,US,Luxury,433007,3.92,5,10549961.14,168799.38,0.2398,4.048,23.9811,₹100–150L
Volvo,XC40 Recharge,2025,Long Range,79465.0,100.9,373.0,57.4,4.64,183.0,617.0,519.0,FWD,5,Van,70.1,1500.0,5,0,Sweden,Premium,9072,4.0,5,6635327.5,65761.42,0.5621,3.6967,56.2143,₹50–75L
BYD,Qin,2022,Base,51140.49,58.3,209.0,72.9,5.05,182.0,572.0,450.0,AWD,5,Van,75.6,1639.0,5,0,China,Mid-range,122452,3.62,5,4270230.92,73245.81,0.4894,3.5849,48.9435,₹25–50L
NIO,EL8,2021,Long Range,55221.99,108.2,383.0,59.8,4.19,187.0,328.0,316.0,AWD,7,Coupe,30.0,1742.0,4,1,China,Mid-range,7302,3.7,3,4611036.16,42615.86,0.8306,3.5397,83.0616,₹25–50L
BMW,i3,2024,Premium,79371.52,75.6,287.0,120.4,5.58,165.0,455.0,425.0,AWD,5,Hatchback,26.8,1500.0,5,1,Germany,Premium,73538,3.37,6,6627521.92,87665.63,0.433,3.7963,43.3043,₹50–75L
Kia,Picanto EV,2024,Performance,42779.06,92.5,294.0,225.0,3.85,195.0,378.0,354.0,FWD,5,SUV,69.8,1837.0,4,0,South Korea,Mid-range,60355,3.59,5,3572051.51,38616.77,0.8231,3.1784,82.3056,₹25–50L
Hyundai,Ioniq 6,2026,Premium,56433.0,62.7,241.0,133.3,5.85,161.0,621.0,572.0,RWD,5,Truck,51.5,2171.0,4,0,South Korea,Mid-range,82791,3.39,4,4712155.5,75154.0,0.5114,3.8437,51.1443,₹25–50L
BYD,Atto 3,2026,Long Range,27583.09,88.1,308.0,146.5,5.01,181.0,239.0,200.0,FWD,5,Truck,78.9,2795.0,5,0,China,Budget,122434,3.77,5,2303188.02,26142.88,1.3373,3.496,133.7277,<₹25L
Tesla,Model S,2026,Base,58826.88,44.1,150.0,256.0,7.68,133.0,396.0,316.0,FWD,7,Sedan,36.5,1518.0,4,2,US,Mid-range,198300,3.51,5,4912044.48,111384.23,0.3054,3.4014,30.5372,₹25–50L
BYD,Atto 3,2024,Premium,65610.45,55.7,208.0,128.3,7.45,130.0,719.0,646.0,RWD,5,Sedan,17.4,1707.0,4,1,China,Premium,108967,3.37,5,5478472.58,98356.78,0.3797,3.7343,37.9668,₹50–75L
Tesla,Cybertruck,2024,Long Range,71380.4,86.4,314.0,201.5,4.79,179.0,495.0,479.0,RWD,7,Truck,56.2,2926.0,5,3,US,Premium,213989,3.69,4,5960263.4,68984.53,0.5268,3.6343,52.6822,₹50–75L
Ford,F-150 Lightning,2024,Premium,79235.67,56.8,213.0,107.9,7.58,142.0,929.0,817.0,AWD,2,Truck,74.7,2579.0,4,0,US,Premium,59746,3.32,4,6616178.44,116482.01,0.3219,3.75,32.1938,₹50–75L
BYD,Max,2024,Premium,88218.65,54.7,210.0,74.0,5.67,158.0,1000.0,882.0,AWD,7,Coupe,37.1,1709.0,4,0,China,Premium,227690,3.41,4,7366257.28,134666.5,0.2851,3.8391,28.5084,₹50–75L
Tesla,Model S,2020,Performance,164703.81,113.2,397.0,200.6,4.08,187.0,1000.0,877.0,RWD,7,Sedan,21.9,1900.0,5,2,US,Luxury,159470,4.11,4,13752768.14,121490.88,0.2887,3.5071,28.8669,₹100–150L
Fisker,Ronin,2026,Standard,93652.94,54.5,193.0,144.4,5.24,177.0,823.0,743.0,FWD,5,Sedan,21.3,1675.0,3,0,US,Premium,24709,3.26,5,7820020.49,143486.61,0.2468,3.5413,24.6802,₹75–100L
Audi,e-tron GT,2024,Performance,121871.7,86.2,305.0,248.0,2.63,200.0,1000.0,889.0,AWD,5,Van,71.6,1664.0,5,2,Germany,Luxury,31338,3.61,7,10176286.95,118054.37,0.2997,3.5383,29.9716,₹100–150L
Rivian,R1S,2022,Premium,102878.64,67.4,249.0,56.8,6.37,161.0,1000.0,930.0,AWD,5,Sedan,39.7,1640.0,5,0,US,Luxury,27062,3.19,5,8590366.44,127453.51,0.2899,3.6944,28.986,₹75–100L
Volvo,XC90 Recharge,2022,Performance,74428.14,86.1,316.0,151.1,3.78,191.0,584.0,519.0,RWD,5,Truck,74.1,2794.0,5,2,Sweden,Premium,3031,3.51,3,6214749.69,72180.6,0.5085,3.6702,50.8468,₹50–75L
Tesla,Model 3,2026,Performance,112274.6,73.6,242.0,325.8,4.02,190.0,781.0,662.0,AWD,7,Hatchback,18.3,1825.0,4,2,US,Luxury,193133,3.85,5,9374929.1,127376.75,0.2581,3.288,25.8135,₹75–100L
Volkswagen,ID. Buzz,2025,Long Range,97039.06,100.7,357.0,140.3,4.11,191.0,1000.0,891.0,FWD,5,Coupe,21.4,1712.0,4,1,Germany,Premium,224398,3.79,3,8102761.51,80464.36,0.4406,3.5452,44.0591,₹75–100L
GM/Chevrolet,Silverado EV,2021,Premium,53395.89,42.6,150.0,144.9,6.26,163.0,624.0,587.0,AWD,5,Sedan,32.0,1519.0,4,1,US,Mid-range,1550,3.22,4,4458556.82,104660.96,0.3364,3.5211,33.6432,₹25–50L
GM/Chevrolet,Blazer EV,2025,Premium,80502.6,78.6,262.0,121.3,5.67,176.0,1000.0,888.0,RWD,5,Sedan,32.5,1721.0,3,0,US,Premium,14992,3.62,4,6721967.1,85521.21,0.3898,3.3333,38.9767,₹50–75L
Tesla,Model 3,2025,Long Range,31639.64,77.2,287.0,221.7,5.11,172.0,168.0,200.0,FWD,7,Coupe,37.3,1602.0,5,2,US,Budget,146342,4.0,4,2641909.94,34221.63,1.0863,3.7176,108.6335,₹25–50L
Ford,F-150 Lightning,2023,Performance,69526.3,114.5,415.0,202.7,2.68,200.0,822.0,735.0,AWD,2,Truck,57.7,2445.0,5,2,US,Premium,23821,3.84,3,5805446.05,50702.59,0.7148,3.6245,71.4846,₹50–75L
BYD,Atto 3,2025,Performance,81358.02,82.4,282.0,193.2,3.65,195.0,889.0,778.0,AWD,5,Sedan,22.8,1500.0,4,1,China,Premium,108251,3.65,4,6793394.67,82444.11,0.4151,3.4223,41.5109,₹50–75L
BYD,Qin,2026,Base,45158.26,84.0,315.0,53.0,7.08,140.0,469.0,441.0,AWD,5,SUV,49.5,1873.0,5,1,China,Mid-range,119766,3.6,4,3770714.71,44889.46,0.8354,3.75,83.5385,₹25–50L
Hyundai,Ioniq,2023,Standard,73470.2,61.6,217.0,144.3,6.2,167.0,902.0,779.0,RWD,5,Truck,66.3,2647.0,5,1,South Korea,Premium,142666,3.15,4,6134761.7,99590.29,0.3537,3.5227,35.3722,₹50–75L
Kia,Sportage EV,2024,Standard,31797.34,45.6,150.0,78.7,6.94,145.0,233.0,200.0,FWD,5,SUV,37.6,2224.0,4,0,South Korea,Budget,131619,3.27,3,2655077.89,58225.39,0.565,3.2895,56.4955,₹25–50L
Kia,EV9,2022,Long Range,73675.86,96.0,333.0,92.8,4.48,183.0,868.0,792.0,AWD,5,SUV,43.9,1945.0,5,2,South Korea,Premium,89937,3.58,3,6151934.31,64082.65,0.5413,3.4688,54.1293,₹50–75L
Tesla,Model S,2023,Performance,105706.18,114.7,391.0,331.8,2.63,200.0,742.0,663.0,RWD,5,Coupe,37.9,1802.0,3,2,US,Luxury,247669,4.2,5,8826466.03,76952.62,0.443,3.4089,44.2986,₹75–100L
Audi,e-tron,2024,Long Range,123736.19,81.7,310.0,113.3,5.2,174.0,965.0,897.0,FWD,5,Coupe,33.7,1758.0,5,1,Germany,Luxury,45413,3.78,6,10331971.86,126462.32,0.3,3.7944,30.004,₹100–150L
BYD,Dolphin,2025,Base,73207.32,69.3,232.0,84.9,6.7,152.0,814.0,744.0,AWD,5,Hatchback,34.9,1500.0,4,0,China,Premium,205374,3.21,4,6112811.22,88207.95,0.3795,3.3478,37.9531,₹50–75L
Tesla,Model S,2023,Standard,95125.11,45.3,150.0,285.9,7.3,135.0,730.0,670.0,AWD,7,Hatchback,36.4,1713.0,3,3,US,Premium,116755,3.27,5,7942946.68,175340.99,0.1888,3.3113,18.8847,₹75–100L
Audi,e-tron GT,2023,Long Range,64643.29,83.8,293.0,113.0,5.39,173.0,269.0,202.0,FWD,5,SUV,53.0,2231.0,5,2,Germany,Mid-range,67458,3.6,5,5397714.72,64411.87,0.5428,3.4964,54.2822,₹50–75L
Toyota,bZ4X,2022,Base,35115.72,61.4,238.0,145.3,7.26,138.0,150.0,200.0,FWD,5,Hatchback,34.2,1689.0,4,0,Japan,Mid-range,3528,3.67,3,2932162.62,47755.09,0.8117,3.8762,81.1688,₹25–50L
Mercedes,EQE,2025,Premium,112650.99,53.9,165.0,122.5,6.48,148.0,587.0,561.0,RWD,7,SUV,69.6,2158.0,4,2,Germany,Luxury,79068,3.36,6,9406357.67,174514.98,0.1754,3.0612,17.5413,₹75–100L
Ford,Explorer EV,2024,Premium,80541.59,73.3,280.0,80.3,7.12,141.0,984.0,864.0,RWD,7,Coupe,30.1,1500.0,5,0,US,Premium,37698,3.44,3,6725222.76,91749.29,0.4163,3.8199,41.6343,₹50–75L
BMW,i4,2022,Standard,99869.64,50.6,193.0,90.9,7.8,135.0,812.0,735.0,AWD,5,Coupe,37.7,1807.0,4,2,Germany,Premium,76842,3.62,5,8339114.94,164804.64,0.2314,3.8142,23.1439,₹75–100L
Kia,Picanto EV,2021,Performance,106510.25,75.1,275.0,220.3,3.27,200.0,1000.0,847.0,AWD,7,Van,72.8,1618.0,5,0,South Korea,Luxury,120403,3.37,3,8893605.88,118423.51,0.3092,3.6618,30.9211,₹75–100L
Tesla,Model S,2025,Standard,58831.27,45.0,150.0,213.0,7.32,147.0,431.0,362.0,FWD,5,Sedan,17.7,1837.0,5,2,US,Mid-range,150860,3.42,5,4912411.04,109164.69,0.3053,3.3333,30.5349,₹25–50L
Volkswagen,ID.3,2025,Long Range,70858.1,90.5,274.0,104.1,5.78,163.0,786.0,732.0,FWD,7,Truck,78.9,2795.0,5,2,Germany,Premium,251846,3.59,4,5916651.35,65377.36,0.4631,3.0276,46.31,₹50–75L
Volkswagen,ID. Buzz,2024,Standard,46173.34,51.5,190.0,131.5,6.36,148.0,394.0,352.0,AWD,5,Sedan,18.7,1533.0,5,0,Germany,Mid-range,274696,3.4,3,3855473.89,74863.57,0.4928,3.6893,49.2806,₹25–50L
BYD,Yuan Plus,2025,Base,73712.39,44.1,173.0,145.8,7.94,126.0,781.0,718.0,AWD,7,Sedan,29.9,1812.0,4,0,China,Premium,243890,3.08,4,6154984.56,139568.81,0.2811,3.9229,28.1073,₹50–75L
GM/Chevrolet,Silverado EV,2023,Premium,73891.2,45.0,150.0,95.2,7.9,134.0,1000.0,883.0,AWD,5,SUV,65.5,1762.0,5,1,US,Premium,7223,3.41,4,6169915.2,137109.23,0.2431,3.3333,24.3115,₹50–75L
Hyundai,Ioniq,2025,Standard,65291.37,83.7,283.0,74.5,6.79,150.0,754.0,610.0,RWD,5,Van,68.8,1742.0,5,2,South Korea,Premium,99183,3.55,3,5451829.4,65135.36,0.5191,3.3811,51.9092,₹50–75L
Tesla,Model Y,2024,Premium,137035.03,58.5,224.0,212.5,6.59,151.0,984.0,852.0,RWD,5,Hatchback,30.3,1769.0,4,3,US,Luxury,429314,3.65,4,11442425.0,195597.01,0.1958,3.8291,19.5763,₹100–150L
BYD,Yuan Plus,2023,Base,36015.66,52.4,178.0,74.6,6.02,160.0,377.0,393.0,RWD,5,SUV,36.2,2000.0,5,2,China,Mid-range,143487,3.37,4,3007307.61,57391.37,0.5919,3.3969,59.1892,₹25–50L
BMW,i4,2024,Standard,96459.23,81.0,288.0,96.7,7.78,121.0,788.0,724.0,AWD,7,Truck,50.7,2534.0,4,2,Germany,Premium,64056,3.51,5,8054345.7,99436.37,0.3576,3.5556,35.7571,₹75–100L
Tesla,Cybertruck,2025,Base,64862.04,68.1,237.0,321.3,7.35,145.0,455.0,329.0,RWD,5,Truck,76.7,2349.0,5,2,US,Mid-range,237113,3.85,5,5415980.34,79529.81,0.4376,3.4802,43.7594,₹50–75L
Mercedes,EQS,2025,Standard,131964.76,47.0,157.0,136.5,5.89,160.0,817.0,752.0,RWD,5,Coupe,26.2,1776.0,4,1,Germany,Luxury,62952,3.64,6,11019057.46,234448.03,0.1425,3.3404,14.248,₹100–150L
Hyundai,Kona Electric,2024,Premium,97251.62,60.7,196.0,79.8,6.87,148.0,1000.0,936.0,AWD,5,SUV,69.3,2108.0,5,1,South Korea,Premium,59030,3.11,4,8120510.27,133781.06,0.2414,3.229,24.1364,₹75–100L
Hyundai,i30,2024,Long Range,63320.42,102.7,353.0,56.0,5.85,160.0,723.0,634.0,FWD,7,Sedan,33.0,1930.0,5,1,South Korea,Mid-range,132537,3.75,3,5287255.07,51482.52,0.6676,3.4372,66.7643,₹50–75L
Kia,EV9,2023,Standard,63386.57,61.3,218.0,117.8,5.51,167.0,725.0,679.0,RWD,5,SUV,69.6,2057.0,5,0,South Korea,Mid-range,97503,3.22,5,5292778.6,86342.23,0.4119,3.5563,41.1882,₹50–75L
Mercedes,EQE,2021,Standard,115665.62,57.4,162.0,116.6,5.16,169.0,608.0,588.0,RWD,7,Hatchback,39.8,1500.0,4,1,Germany,Luxury,25083,3.26,7,9658079.27,168259.22,0.1677,2.8223,16.7735,₹75–100L
BYD,Dolphin,2022,Standard,30805.35,40.0,150.0,107.8,7.18,141.0,377.0,392.0,RWD,7,Truck,68.1,2193.0,5,1,China,Budget,133529,3.4,3,2572246.72,64306.17,0.5831,3.75,58.3148,₹25–50L
BMW,i4,2026,Premium,103491.15,48.4,152.0,97.0,7.03,147.0,887.0,802.0,AWD,5,Sedan,35.2,1837.0,5,2,Germany,Luxury,42817,3.39,7,8641511.02,178543.62,0.1759,3.1405,17.5895,₹75–100L
Kia,Niro EV,2026,Long Range,67363.85,101.0,376.0,95.1,5.97,160.0,740.0,658.0,FWD,5,SUV,53.4,2072.0,3,1,South Korea,Premium,128059,3.95,4,5624881.48,55691.9,0.6685,3.7228,66.8459,₹50–75L
BYD,Seagull,2025,Standard,37099.25,64.7,205.0,132.7,5.49,171.0,393.0,350.0,AWD,5,Hatchback,19.0,1783.0,5,0,China,Mid-range,163441,3.69,4,3097787.38,47879.25,0.6618,3.1685,66.1763,₹25–50L
Audi,Q4 e-tron,2025,Standard,55204.45,65.4,223.0,116.2,5.47,164.0,243.0,200.0,FWD,5,Hatchback,31.1,1500.0,4,1,Germany,Mid-range,48087,3.24,7,4609571.58,70482.75,0.4838,3.4098,48.3776,₹25–50L
Ford,E-Transit,2025,Standard,63604.01,40.0,150.0,81.2,6.78,148.0,705.0,676.0,FWD,5,Hatchback,15.9,1508.0,4,1,US,Mid-range,36824,3.23,4,5310934.84,132773.37,0.2824,3.75,28.2436,₹50–75L
BMW,iX,2023,Performance,101590.86,116.4,426.0,201.3,4.35,174.0,818.0,765.0,RWD,7,Van,78.0,1688.0,5,2,Germany,Luxury,73116,3.97,5,8482836.81,72876.6,0.5022,3.6598,50.219,₹75–100L
Mercedes,GLE EV,2024,Base,62600.82,55.9,179.0,122.0,7.46,145.0,160.0,205.0,AWD,5,Van,75.3,1500.0,3,2,Germany,Mid-range,69358,3.66,7,5227168.47,93509.27,0.3424,3.2021,34.2442,₹50–75L
Mercedes,EQS,2025,Standard,99348.31,48.9,189.0,54.9,6.79,150.0,535.0,532.0,FWD,7,Coupe,25.6,1578.0,4,1,Germany,Premium,79812,3.77,7,8295583.88,169643.84,0.2278,3.865,22.7832,₹75–100L
GM/Chevrolet,Bolt EUV,2021,Base,40119.64,79.0,282.0,117.9,6.97,141.0,451.0,389.0,AWD,5,SUV,46.1,1980.0,5,1,US,Mid-range,25340,3.36,4,3349989.94,42404.94,0.8418,3.5696,84.1794,₹25–50L
Mercedes,EQC,2025,Base,124226.17,74.2,253.0,77.2,5.89,164.0,687.0,619.0,FWD,5,SUV,63.1,1728.0,4,2,Germany,Luxury,40173,3.67,8,10372885.2,139796.3,0.2439,3.4097,24.3905,₹100–150L
GM/Chevrolet,Blazer EV,2025,Base,34616.61,73.9,287.0,116.2,5.33,167.0,306.0,303.0,RWD,5,Coupe,15.0,1685.0,4,0,US,Budget,24423,3.83,4,2890486.94,39113.49,0.9929,3.8836,99.2912,₹25–50L
BMW,i7,2021,Long Range,75380.59,109.0,366.0,90.6,4.66,181.0,482.0,442.0,FWD,7,SUV,36.9,2165.0,4,1,Germany,Premium,62356,3.91,7,6294279.26,57745.68,0.5815,3.3578,58.148,₹50–75L
Kia,EV9,2021,Standard,32210.63,78.1,270.0,121.5,7.59,137.0,210.0,200.0,RWD,7,SUV,48.2,1957.0,5,0,South Korea,Budget,60096,3.21,5,2689587.6,34437.74,1.0039,3.4571,100.3871,₹25–50L
GM/Chevrolet,Silverado EV,2026,Premium,68395.01,46.0,165.0,142.4,7.05,146.0,903.0,784.0,AWD,7,Coupe,34.1,1500.0,4,1,US,Premium,27929,3.0,5,5710983.34,124151.81,0.2889,3.587,28.8917,₹50–75L
Tesla,Model S,2024,Long Range,156702.49,102.8,353.0,339.7,5.34,157.0,1000.0,867.0,AWD,7,Sedan,26.1,1500.0,5,2,US,Luxury,132013,3.89,5,13084657.92,127282.66,0.2698,3.4339,26.9782,₹100–150L
Audi,e-tron,2026,Base,97863.03,41.7,166.0,140.5,6.81,145.0,693.0,607.0,AWD,7,Coupe,35.1,1509.0,5,1,Germany,Premium,24216,3.41,7,8171563.0,195960.74,0.2031,3.9808,20.3144,₹75–100L
Mercedes,EQS,2025,Long Range,183986.43,100.6,365.0,124.5,4.04,193.0,1000.0,849.0,FWD,5,Hatchback,25.9,1663.0,5,1,Germany,Luxury,50432,4.09,5,15362866.9,152712.39,0.2376,3.6282,23.7586,₹150–200L
Tesla,Cybertruck,2025,Performance,56352.74,82.9,297.0,312.4,2.74,200.0,305.0,299.0,AWD,7,Truck,63.9,2480.0,4,3,US,Mid-range,197115,3.86,5,4705453.79,56760.6,0.6312,3.5826,63.1182,₹25–50L
Mercedes,EQG,2022,Standard,126403.53,64.9,225.0,136.0,7.73,137.0,706.0,626.0,FWD,7,SUV,42.5,2048.0,4,1,Germany,Luxury,37272,3.78,7,10554694.76,162630.12,0.2132,3.4669,21.3175,₹100–150L
Tesla,Model 3,2023,Premium,67810.93,55.5,175.0,235.1,5.86,166.0,470.0,501.0,RWD,7,Sedan,30.9,1618.0,5,2,US,Premium,194039,3.62,4,5662212.65,102021.85,0.3091,3.1532,30.9066,₹50–75L
BYD,Seagull,2022,Long Range,53237.26,103.0,376.0,147.2,4.3,186.0,620.0,527.0,FWD,5,Truck,73.8,2247.0,5,0,China,Mid-range,163016,3.81,3,4445311.21,43158.36,0.8458,3.6505,84.5835,₹25–50L
GM/Chevrolet,Blazer EV,2025,Base,63436.73,52.8,186.0,77.8,7.75,130.0,856.0,767.0,AWD,5,Truck,56.0,2127.0,5,0,US,Mid-range,13397,3.49,4,5296966.96,100321.34,0.3511,3.5227,35.1144,₹50–75L
Tesla,Cybertruck,2024,Standard,101208.82,52.4,172.0,331.1,6.55,147.0,744.0,653.0,AWD,5,Truck,67.0,2359.0,5,2,US,Luxury,248389,3.58,5,8450936.47,161277.41,0.2035,3.2824,20.3528,₹75–100L
Ford,Explorer EV,2023,Standard,37298.34,72.7,262.0,80.1,6.53,154.0,244.0,225.0,RWD,5,SUV,65.9,2136.0,4,0,US,Mid-range,60230,3.57,4,3114411.39,42839.22,0.8413,3.6039,84.125,₹25–50L
Mercedes,EQC,2022,Premium,155446.31,72.7,265.0,130.3,5.37,175.0,987.0,922.0,FWD,5,Sedan,23.7,1500.0,5,2,Germany,Luxury,41853,3.77,5,12979766.88,178538.75,0.2042,3.6451,20.4164,₹100–150L
Hyundai,Ioniq 5,2022,Premium,55487.47,41.2,154.0,148.9,5.04,169.0,606.0,541.0,AWD,5,Sedan,26.6,1768.0,3,0,South Korea,Mid-range,52238,3.21,4,4633203.74,112456.4,0.3324,3.7379,33.2383,₹25–50L
Tesla,Model 3,2020,Long Range,65735.1,91.3,319.0,237.2,4.55,178.0,401.0,349.0,RWD,5,Coupe,39.0,1684.0,3,2,US,Premium,120134,4.09,4,5488880.85,60119.18,0.5812,3.494,58.1175,₹50–75L
BYD,Seagull,2023,Standard,62912.21,54.0,188.0,64.2,7.65,142.0,724.0,621.0,AWD,5,Hatchback,25.4,1783.0,5,1,China,Mid-range,196923,3.56,3,5253169.54,97280.92,0.3579,3.4815,35.7879,₹50–75L
Kia,Picanto EV,2026,Premium,97174.66,65.2,227.0,142.1,6.85,140.0,1000.0,937.0,AWD,5,Truck,57.7,2301.0,4,2,South Korea,Premium,93712,3.12,4,8114084.11,124449.14,0.2798,3.4816,27.976,₹75–100L
Polestar,2,2020,Base,82455.28,57.3,204.0,144.2,6.86,156.0,459.0,443.0,FWD,5,Van,75.3,1643.0,4,0,Sweden,Premium,12945,3.41,3,6885015.88,120157.35,0.2963,3.5602,29.6296,₹50–75L
BMW,i5,2025,Base,84667.26,78.3,258.0,52.5,7.87,141.0,617.0,535.0,AWD,5,Truck,78.2,2318.0,3,2,Germany,Premium,39763,3.26,6,7069716.21,90290.12,0.3649,3.295,36.4937,₹50–75L
BYD,Dolphin,2024,Standard,57387.97,47.9,180.0,105.9,5.77,164.0,619.0,552.0,FWD,5,Sedan,34.6,1500.0,5,0,China,Mid-range,181198,3.34,4,4791895.5,100039.57,0.3756,3.7578,37.5634,₹25–50L
BMW,iX,2025,Standard,92031.99,74.6,257.0,115.0,5.41,166.0,698.0,633.0,FWD,7,Sedan,35.1,1684.0,5,1,Germany,Premium,29936,3.7,7,7684671.16,103011.68,0.3344,3.445,33.4432,₹75–100L
Kia,EV6,2024,Base,72870.48,81.7,288.0,119.2,5.28,174.0,819.0,756.0,RWD,7,Truck,59.5,2444.0,5,1,South Korea,Premium,68801,3.48,3,6084685.08,74475.95,0.4733,3.5251,47.3319,₹50–75L
Ford,Explorer EV,2025,Premium,66422.79,77.9,263.0,69.3,7.26,149.0,730.0,659.0,AWD,5,Van,75.9,1938.0,5,1,US,Premium,56669,3.69,4,5546302.96,71197.73,0.4742,3.3761,47.419,₹50–75L
Tesla,Cybertruck,2025,Premium,52220.2,69.1,211.0,249.5,5.55,172.0,345.0,283.0,AWD,5,Truck,68.0,2532.0,5,2,US,Mid-range,119997,3.75,5,4360386.7,63102.56,0.4839,3.0535,48.3902,₹25–50L
GM/Chevrolet,Equinox EV,2025,Long Range,84366.72,76.7,244.0,139.4,4.19,185.0,1000.0,852.0,RWD,5,SUV,57.6,2312.0,4,0,US,Premium,6773,3.64,4,7044621.12,91846.43,0.3464,3.1812,34.6364,₹50–75L
Kia,EV9,2025,Long Range,93514.06,80.2,278.0,88.0,4.93,179.0,1000.0,929.0,FWD,5,SUV,36.1,1814.0,5,1,South Korea,Premium,120989,3.34,4,7808424.01,97361.9,0.356,3.4663,35.6026,₹75–100L
Toyota,bZ Compact SUV,2020,Base,30416.52,72.2,257.0,102.7,6.31,153.0,150.0,200.0,RWD,5,SUV,44.1,2421.0,4,2,Japan,Budget,15941,3.54,3,2539779.42,35177.0,1.0119,3.5596,101.1899,₹25–50L
BYD,Seagull,2021,Performance,106411.54,95.1,346.0,156.7,2.82,200.0,1000.0,828.0,RWD,7,Van,78.4,1515.0,5,1,China,Luxury,180190,3.58,3,8885363.59,93431.79,0.3894,3.6383,38.9404,₹75–100L
BMW,iX,2026,Long Range,81773.51,75.7,277.0,141.2,4.19,182.0,629.0,581.0,AWD,5,Truck,70.8,2691.0,5,2,Germany,Premium,38573,3.54,6,6828088.08,90199.31,0.4057,3.6592,40.5677,₹50–75L
Rivian,R1T,2021,Standard,75009.92,69.1,263.0,61.6,7.15,141.0,448.0,384.0,FWD,4,Truck,53.8,2477.0,5,1,US,Premium,1899,3.57,4,6263328.32,90641.51,0.4199,3.8061,41.9905,₹50–75L
Tesla,Model S,2025,Standard,67256.69,74.1,249.0,238.6,6.16,156.0,471.0,404.0,RWD,5,Truck,57.7,2729.0,5,3,US,Premium,149284,3.76,5,5615933.62,75788.58,0.4434,3.3603,44.3381,₹50–75L
NIO,EL6,2025,Standard,65308.05,45.9,171.0,55.2,5.82,156.0,469.0,405.0,FWD,7,Sedan,32.1,1784.0,5,0,China,Premium,19253,3.04,4,5453222.18,118806.58,0.3136,3.7255,31.3576,₹50–75L
BMW,i4,2023,Base,63735.58,75.4,276.0,140.1,6.05,154.0,308.0,308.0,FWD,5,Sedan,20.9,1500.0,5,2,Germany,Mid-range,28907,3.44,7,5321920.93,70582.51,0.5186,3.6605,51.861,₹50–75L
Tesla,Model Y,2025,Premium,154034.2,80.6,277.0,349.9,7.02,146.0,1000.0,900.0,RWD,7,Hatchback,36.3,1611.0,5,2,US,Luxury,428866,3.69,6,12861855.7,159576.37,0.2154,3.4367,21.5366,₹100–150L
BYD,Seagull,2025,Standard,26964.92,56.1,166.0,80.9,5.84,165.0,274.0,233.0,RWD,7,Van,68.9,1750.0,5,0,China,Budget,131090,3.27,3,2251570.82,40134.95,0.7373,2.959,73.7263,<₹25L
GM/Chevrolet,Bolt EUV,2024,Long Range,61730.85,78.6,279.0,142.9,4.4,183.0,863.0,773.0,FWD,5,Coupe,30.1,1597.0,5,2,US,Mid-range,10777,3.75,4,5154525.97,65579.21,0.5413,3.5496,54.1272,₹50–75L
Tesla,Model 3,2024,Base,88042.89,46.2,164.0,328.9,7.69,138.0,687.0,636.0,FWD,5,Sedan,19.7,1735.0,3,2,US,Premium,108761,3.42,5,7351581.32,159125.14,0.2231,3.5498,22.3081,₹50–75L
Kia,EV9,2025,Long Range,74000.57,102.9,371.0,128.3,4.27,187.0,864.0,705.0,RWD,5,SUV,62.3,1873.0,5,0,South Korea,Premium,137133,3.72,3,6179047.6,60049.05,0.6004,3.6054,60.0416,₹50–75L
BYD,Atto 3,2025,Premium,81058.7,78.3,260.0,65.7,5.81,160.0,934.0,836.0,AWD,7,Van,66.0,1569.0,4,2,China,Premium,230802,3.44,4,6768401.45,86441.91,0.3841,3.3206,38.4138,₹50–75L
BMW,iX,2022,Base,51043.69,76.0,263.0,120.6,5.44,172.0,178.0,200.0,RWD,7,Coupe,30.1,1582.0,4,1,Germany,Mid-range,44259,3.39,8,4262148.12,56080.9,0.6171,3.4605,61.706,₹25–50L
Tesla,Model Y,2023,Premium,144885.91,67.7,230.0,249.1,6.26,156.0,1000.0,899.0,AWD,5,Hatchback,39.8,1572.0,5,2,US,Luxury,416711,3.88,5,12097973.48,178699.76,0.1901,3.3973,19.0114,₹100–150L
Mercedes,EQG,2026,Long Range,124673.1,100.9,347.0,66.9,4.72,173.0,758.0,698.0,FWD,5,SUV,48.3,1890.0,5,2,Germany,Luxury,24079,4.0,5,10410203.85,103173.48,0.3333,3.439,33.3327,₹100–150L
Fisker,Ronin,2024,Performance,159067.16,109.7,402.0,212.3,4.15,178.0,1000.0,948.0,RWD,7,Van,62.3,1803.0,5,1,US,Luxury,23252,3.93,3,13282107.86,121076.64,0.3027,3.6645,30.2663,₹100–150L
Fisker,Ocean,2024,Long Range,93018.72,83.7,313.0,72.3,5.21,182.0,786.0,724.0,AWD,5,Sedan,21.4,1655.0,5,0,US,Premium,1655,3.46,5,7767063.12,92796.45,0.403,3.7395,40.2984,₹75–100L
GM/Chevrolet,Bolt EV,2026,Premium,67711.2,41.3,150.0,101.7,5.62,155.0,886.0,827.0,FWD,5,Van,78.6,1868.0,5,2,US,Premium,15428,3.23,5,5653885.2,136897.95,0.2653,3.632,26.5304,₹50–75L
Tesla,Model 3,2025,Performance,112635.62,91.1,305.0,292.5,3.93,195.0,808.0,749.0,RWD,7,Truck,78.6,2220.0,5,2,US,Luxury,126461,4.14,5,9405074.27,103239.02,0.3243,3.348,32.4293,₹75–100L
GM/Chevrolet,Blazer EV,2023,Standard,62461.41,54.0,168.0,88.5,7.57,138.0,828.0,728.0,AWD,5,Hatchback,20.5,1571.0,4,0,US,Mid-range,6024,3.32,4,5215527.74,96583.85,0.3221,3.1111,32.2115,₹50–75L
Tesla,Model Y,2026,Long Range,83728.44,82.6,280.0,333.8,4.82,180.0,562.0,518.0,AWD,7,Hatchback,23.4,1738.0,4,2,US,Premium,490450,3.83,6,6991324.74,84640.74,0.4005,3.3898,40.0496,₹50–75L
Tesla,Model X,2025,Performance,92160.09,115.6,400.0,304.6,3.28,200.0,701.0,679.0,AWD,7,Sedan,37.1,1630.0,4,2,US,Premium,139912,4.17,6,7695367.52,66568.92,0.5198,3.4602,51.9793,₹75–100L
BYD,Dolphin,2023,Standard,23505.59,75.5,261.0,72.6,5.58,166.0,211.0,239.0,AWD,5,Hatchback,28.6,1694.0,3,0,China,Budget,178149,3.42,4,1962716.76,25996.25,1.3298,3.457,132.9789,<₹25L
Hyundai,Kona Electric,2026,Performance,77799.73,108.0,367.0,182.6,2.67,200.0,956.0,887.0,RWD,5,Hatchback,17.8,1720.0,4,0,South Korea,Premium,58908,3.8,3,6496277.46,60150.72,0.5649,3.3981,56.4939,₹50–75L
Ford,Mustang Mach-E,2022,Standard,56513.76,52.3,189.0,87.3,5.42,162.0,505.0,476.0,RWD,5,Truck,63.1,2216.0,3,1,US,Mid-range,39584,3.23,4,4718898.96,90227.51,0.4005,3.6138,40.0517,₹25–50L
BMW,i3,2025,Standard,69070.75,82.0,304.0,92.6,7.54,143.0,374.0,366.0,FWD,5,Van,73.6,1576.0,4,2,Germany,Premium,73019,3.53,5,5767407.62,70334.24,0.5271,3.7073,52.71,₹50–75L
Volkswagen,ID.4,2024,Premium,112817.29,66.1,213.0,87.9,6.84,142.0,1000.0,896.0,AWD,5,Sedan,37.9,1541.0,5,0,Germany,Luxury,244997,3.38,3,9420243.72,142515.03,0.2261,3.2224,22.6109,₹75–100L
BYD,Yuan Plus,2025,Standard,28078.09,44.7,150.0,63.8,6.5,156.0,251.0,252.0,AWD,7,Sedan,15.7,1500.0,3,0,China,Budget,207345,3.08,5,2344520.52,52450.12,0.6398,3.3557,63.979,<₹25L
Xiaomi,SU7,2024,Base,67624.72,50.5,190.0,140.3,5.38,168.0,690.0,581.0,RWD,7,Truck,53.3,2209.0,5,1,China,Premium,26829,3.48,4,5646664.12,111815.13,0.3365,3.7624,33.6482,₹50–75L
Volkswagen,ID.4,2024,Standard,45198.24,56.5,198.0,105.6,7.64,139.0,373.0,366.0,AWD,5,Truck,54.6,2492.0,5,0,Germany,Mid-range,251931,3.32,3,3774053.04,66797.4,0.5246,3.5044,52.4635,₹25–50L
Volkswagen,ID. Buzz,2025,Standard,34913.45,57.9,187.0,110.5,6.77,145.0,190.0,200.0,AWD,5,Hatchback,36.0,1579.0,5,0,Germany,Budget,204604,3.5,4,2915273.08,50350.14,0.6414,3.2297,64.1449,₹25–50L
Tesla,Model X,2022,Base,53235.86,84.7,305.0,223.2,5.5,178.0,364.0,336.0,AWD,5,Coupe,37.5,1686.0,4,2,US,Mid-range,178460,3.67,5,4445194.31,52481.63,0.6861,3.6009,68.6134,₹25–50L
Ford,E-Transit,2023,Performance,78714.85,111.5,393.0,229.0,4.13,184.0,917.0,787.0,RWD,5,Coupe,27.8,1647.0,4,0,US,Premium,41203,3.73,4,6572689.98,58947.89,0.5979,3.5247,59.7929,₹50–75L
GM/Chevrolet,Bolt EUV,2024,Standard,57065.27,44.6,150.0,109.7,5.83,167.0,737.0,692.0,FWD,5,SUV,57.0,2167.0,5,1,US,Mid-range,24368,3.41,4,4764950.04,106837.44,0.3148,3.3632,31.4799,₹25–50L
BYD,Yuan Plus,2025,Performance,113906.34,84.5,315.0,213.7,3.12,200.0,1000.0,947.0,RWD,7,Truck,72.1,2485.0,3,2,China,Luxury,193570,3.68,5,9511179.39,112558.34,0.3312,3.7278,33.1189,₹75–100L
Tesla,Model 3,2024,Performance,171221.67,95.1,329.0,288.2,3.51,196.0,1000.0,933.0,AWD,5,Van,65.3,1588.0,5,3,US,Luxury,247330,3.88,4,14297009.44,150336.59,0.2301,3.4595,23.0118,₹100–150L
BMW,i5,2024,Performance,143876.35,81.7,261.0,227.3,2.98,197.0,1000.0,915.0,AWD,5,Truck,69.1,1841.0,3,1,Germany,Luxury,37253,3.67,6,12013675.22,147046.21,0.2173,3.1946,21.7252,₹100–150L
BMW,iX,2024,Base,62907.37,84.0,296.0,148.1,7.97,134.0,299.0,208.0,RWD,7,SUV,60.3,1899.0,5,1,Germany,Mid-range,49240,3.56,7,5252765.4,62532.92,0.5635,3.5238,56.3513,₹50–75L
BYD,Atto 3,2022,Long Range,101092.71,80.1,278.0,106.3,4.59,177.0,1000.0,848.0,FWD,7,Sedan,20.9,1565.0,5,0,China,Luxury,230522,3.61,4,8441241.28,105383.79,0.3293,3.4707,32.9335,₹75–100L
Toyota,bZ Compact SUV,2024,Standard,53125.0,63.6,233.0,133.8,6.48,151.0,545.0,473.0,AWD,5,SUV,36.6,1998.0,4,1,Japan,Mid-range,19789,3.34,4,4435937.5,69747.44,0.5253,3.6635,52.5255,₹25–50L
Tesla,Model S,2025,Long Range,67690.46,92.6,317.0,349.6,4.45,179.0,444.0,423.0,RWD,5,Hatchback,38.0,1865.0,4,2,US,Premium,187975,3.94,4,5652153.41,61038.37,0.5608,3.4233,56.0848,₹50–75L
Volkswagen,ID. Buzz,2025,Standard,71667.28,81.5,282.0,96.9,6.31,156.0,753.0,614.0,FWD,5,Van,64.3,1500.0,3,0,Germany,Premium,285418,3.48,4,5984217.88,73425.99,0.4712,3.4601,47.124,₹50–75L
NIO,EC6,2025,Premium,103197.25,46.4,161.0,53.2,5.82,163.0,956.0,826.0,RWD,5,Van,68.1,1500.0,4,2,China,Luxury,20886,3.24,5,8616970.38,185710.57,0.1868,3.4698,18.6841,₹75–100L
Volkswagen,ID. Aero,2022,Performance,94244.35,75.7,264.0,162.0,2.91,200.0,1000.0,943.0,AWD,7,SUV,40.8,1834.0,4,0,Germany,Premium,251606,3.39,4,7869403.22,103955.13,0.3355,3.4875,33.5477,₹75–100L
BMW,i7,2025,Performance,150935.25,119.6,423.0,166.7,2.81,200.0,1000.0,883.0,RWD,5,Hatchback,16.4,2027.0,5,1,Germany,Luxury,49006,3.99,6,12603093.38,105377.03,0.3356,3.5368,33.5632,₹100–150L
Volkswagen,ID. Buzz,2022,Performance,46160.26,117.4,399.0,235.9,4.37,198.0,404.0,347.0,RWD,5,Coupe,30.1,1500.0,5,1,Germany,Mid-range,298179,3.96,5,3854381.71,32831.19,1.0352,3.3986,103.5185,₹25–50L
BYD,Seagull,2025,Long Range,32710.87,88.5,321.0,98.4,4.35,192.0,307.0,301.0,RWD,7,Truck,51.2,2579.0,5,1,China,Budget,169948,3.62,4,2731357.64,30862.8,1.1752,3.6271,117.524,₹25–50L
Polestar,3,2024,Standard,76930.78,77.7,257.0,133.1,6.46,159.0,442.0,411.0,RWD,7,Truck,72.8,2494.0,4,0,Sweden,Premium,17188,3.48,4,6423720.13,82673.36,0.4001,3.3076,40.008,₹50–75L
Volkswagen,ID. Aero,2021,Performance,102347.9,83.8,290.0,157.6,2.82,200.0,1000.0,935.0,RWD,5,SUV,66.5,1990.0,5,1,Germany,Luxury,251849,3.65,4,8546049.65,101981.5,0.3393,3.4606,33.9338,₹75–100L
Audi,Q4 e-tron,2022,Base,84689.7,69.6,254.0,113.3,7.48,135.0,508.0,487.0,AWD,5,Van,68.5,1617.0,5,1,Germany,Premium,55401,3.66,7,7071589.95,101603.3,0.3592,3.6494,35.9184,₹50–75L
BYD,Max,2025,Performance,118077.25,109.3,391.0,162.2,3.74,191.0,1000.0,913.0,FWD,5,Sedan,35.4,1687.0,5,0,China,Luxury,103364,3.72,4,9859450.38,90205.4,0.3966,3.5773,39.6574,₹75–100L
BYD,Atto 3,2026,Premium,87619.97,76.3,270.0,56.2,5.53,163.0,1000.0,870.0,RWD,5,Hatchback,34.8,1500.0,4,0,China,Premium,118872,3.49,4,7316267.5,95888.17,0.369,3.5387,36.9041,₹50–75L
Tesla,Model Y,2025,Standard,92379.52,84.7,300.0,226.8,7.5,130.0,685.0,640.0,RWD,5,Sedan,32.1,1616.0,4,2,US,Premium,461008,3.78,6,7713689.92,91070.72,0.3889,3.5419,38.8919,₹75–100L
BMW,i7,2020,Premium,84308.51,76.3,242.0,121.7,6.09,144.0,645.0,559.0,RWD,5,Truck,79.3,2413.0,5,1,Germany,Premium,53466,3.48,6,7039760.58,92264.23,0.3438,3.1717,34.3762,₹50–75L
Volkswagen,ID. Aero,2024,Performance,115397.77,79.6,282.0,189.4,2.83,200.0,1000.0,870.0,AWD,7,Sedan,34.1,1511.0,4,0,Germany,Luxury,296594,3.51,4,9635713.8,121051.68,0.2927,3.5427,29.2661,₹75–100L
Mercedes,EQE,2023,Standard,142019.75,58.7,200.0,106.5,5.81,166.0,942.0,820.0,FWD,7,Hatchback,20.7,1640.0,5,2,Germany,Luxury,57178,3.68,7,11858649.12,202021.28,0.1687,3.4072,16.8653,₹100–150L
Hyundai,Ioniq,2023,Long Range,48459.84,100.0,358.0,93.1,4.64,175.0,494.0,456.0,FWD,7,Van,79.6,1594.0,4,0,South Korea,Mid-range,128198,3.66,4,4046396.64,40463.97,0.8847,3.58,88.4738,₹25–50L
Fisker,Ronin,2025,Premium,106306.01,80.2,270.0,52.3,7.48,140.0,925.0,853.0,AWD,7,Van,66.9,1500.0,5,2,US,Luxury,8757,3.62,4,8876551.83,110680.2,0.3042,3.3666,30.4172,₹75–100L
Tesla,Model Y,2026,Premium,55363.64,49.7,197.0,219.0,7.61,138.0,396.0,378.0,AWD,5,SUV,36.2,2157.0,4,3,US,Mid-range,467657,3.42,5,4622863.94,93015.37,0.4261,3.9638,42.6143,₹25–50L
Mercedes,GLE EV,2025,Premium,111590.33,69.8,216.0,84.4,6.19,161.0,639.0,545.0,RWD,5,SUV,58.0,2182.0,4,2,Germany,Luxury,58457,3.3,8,9317792.56,133492.73,0.2318,3.0946,23.1815,₹75–100L
Ford,F-150 Lightning,2025,Premium,79279.61,59.6,194.0,95.0,7.69,139.0,919.0,842.0,RWD,4,Truck,65.7,2810.0,5,1,US,Premium,67161,3.21,3,6619847.44,111071.27,0.2931,3.255,29.3058,₹50–75L
Ford,E-Transit,2022,Long Range,44715.21,85.0,299.0,82.1,5.1,179.0,432.0,411.0,RWD,7,SUV,54.2,1709.0,5,1,US,Mid-range,77918,3.48,5,3733720.04,43926.12,0.8008,3.5176,80.081,₹25–50L
Mercedes,EQC,2026,Long Range,122737.35,76.1,281.0,88.4,4.92,174.0,680.0,583.0,AWD,7,SUV,44.2,1927.0,5,1,Germany,Luxury,45500,3.92,6,10248568.72,134672.39,0.2742,3.6925,27.4185,₹100–150L
GM/Chevrolet,Silverado EV,2026,Long Range,75057.34,81.4,277.0,117.5,5.01,178.0,1000.0,939.0,FWD,5,Truck,67.1,2136.0,3,2,US,Premium,18197,3.62,4,6267287.89,76993.71,0.442,3.4029,44.1977,₹50–75L
BMW,i7,2023,Performance,121734.94,72.7,249.0,163.8,2.68,200.0,1000.0,931.0,RWD,7,Coupe,30.3,1630.0,5,2,Germany,Luxury,71997,3.55,6,10164867.49,139819.36,0.245,3.425,24.4961,₹100–150L
Tesla,Model S,2025,Base,41533.41,81.1,287.0,248.5,6.67,145.0,266.0,200.0,RWD,5,Hatchback,25.3,1673.0,4,2,US,Mid-range,205263,3.88,5,3468039.74,42762.51,0.8276,3.5388,82.7557,₹25–50L
Tesla,Cybertruck,2022,Base,33281.6,82.5,281.0,345.8,5.04,175.0,229.0,216.0,AWD,5,Truck,66.8,2657.0,5,2,US,Budget,223257,3.91,6,2779013.6,33685.01,1.0112,3.4061,101.115,₹25–50L
Rivian,R2,2024,Standard,78385.68,79.7,248.0,89.4,6.35,154.0,615.0,599.0,RWD,5,Hatchback,31.3,1941.0,5,0,US,Premium,12601,3.59,5,6545204.28,82123.01,0.3789,3.1117,37.8903,₹50–75L
Kia,Picanto EV,2026,Standard,54591.6,68.6,257.0,77.0,5.52,158.0,528.0,451.0,FWD,7,Van,63.0,1500.0,4,0,South Korea,Mid-range,84955,3.44,5,4558398.6,66448.96,0.5638,3.7464,56.3794,₹25–50L
Ford,E-Transit,2024,Long Range,84501.24,98.1,342.0,111.3,4.71,179.0,1000.0,870.0,RWD,7,Coupe,28.0,1500.0,5,0,US,Premium,72596,3.61,5,7055853.54,71925.11,0.4847,3.4862,48.4704,₹50–75L
Hyundai,Kona Electric,2026,Standard,45692.14,83.7,288.0,81.4,6.59,154.0,475.0,411.0,RWD,7,Coupe,28.7,1750.0,5,0,South Korea,Mid-range,89861,3.5,3,3815293.69,45582.96,0.7549,3.4409,75.4857,₹25–50L
Tesla,Model S,2025,Premium,131664.51,56.1,197.0,248.7,5.97,167.0,995.0,876.0,RWD,5,SUV,64.0,2096.0,5,2,US,Luxury,124407,3.58,4,10993986.58,195971.24,0.1792,3.5116,17.9189,₹100–150L
Tesla,Model 3,2026,Long Range,146733.12,98.1,336.0,258.2,5.28,173.0,1000.0,925.0,RWD,5,Truck,79.4,2940.0,5,2,US,Luxury,162803,4.05,5,12252215.52,124895.16,0.2742,3.4251,27.4236,₹100–150L
BMW,i3,2024,Standard,108424.86,43.9,164.0,140.1,7.1,143.0,881.0,812.0,FWD,5,SUV,59.0,1704.0,5,2,Germany,Luxury,72604,3.14,6,9053475.81,206229.52,0.1811,3.7358,18.1146,₹75–100L
Volkswagen,ID.5,2024,Premium,43023.64,77.9,261.0,130.9,5.36,163.0,308.0,274.0,AWD,5,Truck,70.1,2308.0,5,0,Germany,Mid-range,246474,3.55,5,3592473.94,46116.48,0.7265,3.3504,72.6519,₹25–50L
Tesla,Model X,2024,Premium,157561.98,49.5,189.0,302.5,7.4,134.0,1000.0,867.0,AWD,5,SUV,42.4,1670.0,4,3,US,Luxury,163095,3.57,4,13156425.33,265786.37,0.1437,3.8182,14.3656,₹100–150L
Hyundai,Ioniq 5,2024,Performance,61789.95,103.8,357.0,155.6,3.45,194.0,672.0,573.0,FWD,7,Sedan,16.2,1500.0,5,0,South Korea,Mid-range,110783,3.54,4,5159460.82,49705.79,0.6919,3.4393,69.1933,₹50–75L
Tesla,Model 3,2024,Performance,109834.54,79.9,262.0,311.6,3.69,195.0,750.0,704.0,AWD,7,Hatchback,25.5,1590.0,3,2,US,Luxury,219324,3.91,5,9171184.09,114783.28,0.2857,3.2791,28.5677,₹75–100L
Kia,EV9,2025,Base,31082.43,50.7,177.0,128.8,6.48,143.0,191.0,200.0,FWD,5,SUV,61.8,2151.0,5,1,South Korea,Budget,76695,3.1,3,2595382.9,51190.98,0.682,3.4911,68.198,₹25–50L
BYD,Seagull,2025,Premium,111062.23,40.6,162.0,68.8,7.45,136.0,1000.0,922.0,AWD,5,Truck,55.5,2095.0,4,1,China,Luxury,149002,3.28,5,9273696.2,228416.16,0.1747,3.9901,17.4688,₹75–100L
Ford,Explorer EV,2025,Premium,56654.61,62.9,233.0,86.6,6.93,156.0,574.0,508.0,FWD,5,Van,73.1,1533.0,5,1,US,Mid-range,41791,3.47,3,4730659.93,75209.22,0.4925,3.7043,49.2532,₹25–50L
BYD,Qin,2023,Long Range,82830.36,90.4,294.0,100.7,4.88,175.0,902.0,753.0,FWD,7,Van,66.7,1756.0,5,1,China,Premium,213531,3.84,3,6916335.06,76508.13,0.4251,3.2522,42.5081,₹50–75L
Volkswagen,ID. Buzz,2025,Standard,85586.86,50.5,179.0,124.0,5.85,160.0,939.0,848.0,RWD,5,Truck,75.3,2623.0,3,0,Germany,Premium,259718,3.0,5,7146502.81,141514.91,0.2505,3.5446,25.0472,₹50–75L
Tesla,Model S,2023,Performance,170972.65,105.1,373.0,286.0,3.44,200.0,1000.0,935.0,RWD,7,Van,62.0,1500.0,3,2,US,Luxury,177006,3.89,4,14276216.28,135834.6,0.2613,3.549,26.1274,₹100–150L
Tesla,Model Y,2024,Long Range,158710.22,93.6,300.0,349.6,4.55,182.0,1000.0,900.0,FWD,5,Van,74.2,1503.0,5,2,US,Luxury,416641,3.68,5,13252303.37,141584.44,0.2264,3.2051,22.6376,₹100–150L
Volkswagen,ID. Aero,2026,Performance,102827.77,98.2,350.0,164.2,3.3,196.0,1000.0,867.0,RWD,5,Truck,78.1,2341.0,5,0,Germany,Luxury,238315,3.78,4,8586118.8,87435.02,0.4076,3.5642,40.7635,₹75–100L
Hyundai,Ioniq 6,2024,Premium,58686.32,81.6,285.0,109.1,5.83,161.0,698.0,594.0,RWD,5,Truck,71.1,2388.0,5,0,South Korea,Mid-range,66241,3.36,4,4900307.72,60052.79,0.5816,3.4926,58.1596,₹25–50L
Kia,EV9,2024,Performance,50056.29,111.5,391.0,219.1,3.13,195.0,472.0,488.0,FWD,5,SUV,63.8,1774.0,3,0,South Korea,Mid-range,140441,3.97,5,4179700.22,37486.1,0.9355,3.5067,93.5474,₹25–50L
BYD,Yuan Plus,2021,Base,24412.01,82.7,290.0,66.6,6.0,152.0,221.0,200.0,FWD,5,Truck,64.5,2592.0,5,0,China,Budget,206262,3.68,4,2038402.84,24648.16,1.4227,3.5067,142.2682,<₹25L
GM/Chevrolet,Equinox EV,2024,Long Range,58896.05,104.7,389.0,101.3,4.57,184.0,752.0,710.0,FWD,7,SUV,65.0,1846.0,4,2,US,Mid-range,16859,3.94,5,4917820.18,46970.58,0.791,3.7154,79.1001,₹25–50L
Mercedes,EQG,2024,Long Range,113572.04,85.7,286.0,129.9,5.52,177.0,660.0,563.0,FWD,5,Van,76.4,1776.0,4,2,Germany,Luxury,73690,3.79,7,9483265.34,110656.54,0.3016,3.3372,30.1584,₹75–100L
Ford,E-Transit,2025,Standard,32151.97,58.3,176.0,88.3,5.4,169.0,156.0,200.0,FWD,5,Hatchback,34.6,1556.0,4,0,US,Budget,25887,3.14,4,2684689.5,46049.56,0.6556,3.0189,65.5569,₹25–50L
Tesla,Model Y,2024,Premium,168092.71,81.2,269.0,254.7,7.94,124.0,1000.0,891.0,RWD,5,Coupe,22.6,1659.0,3,3,US,Luxury,434155,3.8,6,14035741.28,172853.96,0.1917,3.3128,19.1654,₹100–150L
Hyundai,Ioniq,2020,Performance,74306.48,85.9,286.0,175.1,3.09,200.0,962.0,889.0,AWD,7,Truck,68.4,2759.0,5,1,South Korea,Premium,113130,3.67,4,6204591.08,72230.4,0.4609,3.3295,46.0949,₹50–75L
Tesla,Model X,2025,Performance,99111.24,103.7,345.0,330.8,4.34,182.0,750.0,689.0,RWD,7,Truck,60.8,2442.0,5,3,US,Premium,160176,4.04,5,8275788.54,79805.1,0.4169,3.3269,41.6879,₹75–100L
BYD,Yuan Plus,2026,Long Range,32377.24,104.0,378.0,82.5,4.11,184.0,309.0,238.0,RWD,5,Coupe,21.4,1701.0,4,1,China,Budget,164156,3.81,3,2703499.54,25995.19,1.3982,3.6346,139.8188,₹25–50L
Porsche,Macan Electric,2021,Standard,163150.52,73.9,281.0,216.8,7.11,137.0,828.0,758.0,AWD,5,Van,61.1,1678.0,5,1,Germany,Luxury,2340,4.03,6,13623068.42,184344.63,0.2063,3.8024,20.6268,₹100–150L
Tesla,Cybertruck,2023,Premium,172193.15,58.2,181.0,222.8,6.94,147.0,1000.0,859.0,RWD,5,Truck,69.4,2679.0,5,2,US,Luxury,199763,3.42,5,14378128.02,247046.87,0.1259,3.11,12.5886,₹100–150L
Hyundai,Kona Electric,2025,Base,46056.18,74.8,259.0,101.6,6.39,153.0,458.0,417.0,FWD,7,Sedan,18.7,1504.0,5,1,South Korea,Mid-range,143815,3.55,5,3845691.03,51412.98,0.6735,3.4626,67.3481,₹25–50L
Kia,Picanto EV,2025,Performance,88002.42,95.9,334.0,206.4,2.6,200.0,1000.0,908.0,RWD,5,SUV,54.2,1841.0,5,1,South Korea,Premium,60132,3.63,4,7348202.07,76623.59,0.4545,3.4828,45.4533,₹50–75L
GM/Chevrolet,Equinox EV,2025,Base,57562.96,48.0,172.0,143.0,6.33,154.0,716.0,637.0,AWD,5,SUV,46.1,2246.0,5,1,US,Mid-range,18527,3.44,5,4806507.16,100135.57,0.3578,3.5833,35.7848,₹25–50L
Kia,EV6,2021,Premium,91322.04,65.9,229.0,67.7,6.42,156.0,1000.0,818.0,RWD,7,SUV,52.4,2083.0,4,1,South Korea,Premium,103135,3.43,3,7625390.34,115711.54,0.3003,3.475,30.0312,₹75–100L
Tesla,Model 3,2025,Standard,39764.73,62.8,218.0,293.1,7.52,135.0,254.0,280.0,RWD,5,Truck,58.1,2486.0,5,3,US,Mid-range,177083,3.7,6,3320354.96,52871.89,0.6566,3.4713,65.6556,₹25–50L
BYD,Dolphin,2025,Long Range,23723.54,84.2,308.0,134.1,4.21,185.0,177.0,200.0,RWD,7,Truck,57.3,2484.0,4,1,China,Budget,224275,3.65,4,1980915.59,23526.31,1.5548,3.658,155.4837,<₹25L
Hyundai,Ioniq 5,2023,Premium,42532.36,70.1,253.0,92.1,5.87,167.0,351.0,261.0,RWD,7,Hatchback,21.0,1500.0,5,1,South Korea,Mid-range,118099,3.33,4,3551452.06,50662.65,0.7124,3.6091,71.2385,₹25–50L
Tesla,Model S,2023,Base,29555.66,54.9,182.0,213.2,5.79,163.0,150.0,200.0,AWD,5,Truck,71.3,2661.0,4,2,US,Budget,119019,3.56,5,2467897.61,44952.6,0.7375,3.3151,73.747,<₹25L
BYD,Yuan Plus,2023,Premium,62695.67,55.1,191.0,126.0,7.14,143.0,677.0,604.0,RWD,5,Truck,66.6,2371.0,3,1,China,Mid-range,249959,3.49,4,5235088.44,95010.68,0.3648,3.4664,36.4846,₹50–75L
Tesla,Model Y,2025,Long Range,71009.25,81.0,305.0,251.1,5.81,162.0,446.0,472.0,RWD,5,Van,74.4,1500.0,4,2,US,Premium,465765,3.91,4,5929272.38,73200.89,0.5144,3.7654,51.4397,₹50–75L
Tesla,Model S,2023,Long Range,41849.58,96.1,319.0,282.3,5.76,174.0,272.0,317.0,FWD,7,Van,65.5,1500.0,5,3,US,Mid-range,211387,4.0,4,3494439.93,36362.54,0.9129,3.3195,91.2879,₹25–50L
Volkswagen,ID.5,2025,Base,36800.16,48.1,169.0,115.5,6.37,152.0,222.0,200.0,RWD,5,SUV,49.0,2050.0,5,1,Germany,Mid-range,290748,3.43,3,3072813.36,63883.85,0.55,3.5135,54.9985,₹25–50L
Tesla,Model Y,2024,Premium,166324.36,61.4,212.0,252.7,7.43,136.0,1000.0,933.0,AWD,7,Truck,55.5,2510.0,5,3,US,Luxury,466326,4.26,5,13888084.06,226190.29,0.1526,3.4528,15.2649,₹100–150L
Kia,Picanto EV,2024,Base,71842.96,77.0,291.0,90.9,5.22,170.0,802.0,770.0,RWD,5,Van,64.9,1500.0,4,2,South Korea,Premium,123890,3.66,3,5998887.16,77907.63,0.4851,3.7792,48.509,₹50–75L
BMW,i5,2024,Long Range,117382.51,96.5,334.0,145.0,5.1,180.0,1000.0,892.0,FWD,5,Coupe,25.0,1713.0,4,2,Germany,Luxury,33138,3.49,7,9801439.58,101569.32,0.3408,3.4611,34.0766,₹75–100L
Ford,Mustang Mach-E,2024,Base,46219.97,70.9,239.0,139.6,7.85,123.0,385.0,389.0,RWD,5,Van,73.2,1620.0,4,0,US,Mid-range,60684,3.43,4,3859367.5,54433.96,0.6193,3.3709,61.9272,₹25–50L
Tesla,Model S,2024,Base,29639.14,52.4,164.0,300.9,5.41,171.0,157.0,200.0,AWD,7,SUV,51.3,2004.0,4,2,US,Budget,195341,3.41,4,2474868.19,47230.31,0.6627,3.1298,66.2662,<₹25L
Tesla,Cybertruck,2025,Premium,81977.77,68.4,192.0,348.5,6.51,155.0,587.0,518.0,RWD,7,Truck,69.0,2412.0,5,2,US,Premium,146854,3.53,5,6845143.8,100075.2,0.2805,2.807,28.0491,₹50–75L
Tesla,Model S,2025,Performance,94641.12,111.8,362.0,284.2,3.02,200.0,630.0,538.0,RWD,7,SUV,65.9,2014.0,4,3,US,Premium,235320,4.03,6,7902533.52,70684.56,0.4581,3.2379,45.8081,₹75–100L
BMW,i3,2023,Long Range,113237.82,108.8,398.0,144.2,5.14,174.0,986.0,880.0,AWD,5,Hatchback,33.9,1537.0,4,1,Germany,Luxury,31347,3.49,7,9455357.97,86905.86,0.4209,3.6581,42.0925,₹75–100L
GM/Chevrolet,Bolt EV,2024,Long Range,41353.28,81.8,274.0,67.3,4.7,178.0,452.0,383.0,AWD,7,Truck,59.3,2412.0,4,0,US,Mid-range,28209,3.6,4,3452998.88,42212.7,0.7935,3.3496,79.3513,₹25–50L
Tesla,Model Y,2021,Standard,116565.3,80.7,282.0,329.9,7.85,136.0,823.0,688.0,RWD,5,Sedan,34.7,1669.0,5,2,US,Luxury,458264,3.95,6,9733202.55,120609.7,0.2897,3.4944,28.973,₹75–100L
NIO,EC6,2025,Standard,73079.97,50.5,174.0,50.9,6.59,143.0,606.0,548.0,RWD,7,Coupe,25.4,1732.0,4,1,China,Premium,11643,3.03,4,6102177.5,120835.2,0.2851,3.4455,28.5144,₹50–75L
Tesla,Model S,2025,Base,106992.78,50.9,162.0,212.5,6.34,152.0,809.0,752.0,FWD,5,Coupe,19.8,1727.0,5,3,US,Luxury,178229,3.58,5,8933897.13,175518.61,0.1813,3.1827,18.1332,₹75–100L
Kia,Niro EV,2024,Standard,42318.56,40.5,150.0,56.0,6.46,164.0,383.0,312.0,FWD,5,Van,64.7,1500.0,5,0,South Korea,Mid-range,90341,3.35,4,3533599.76,87249.38,0.4245,3.7037,42.4496,₹25–50L
GM/Chevrolet,Bolt EUV,2025,Long Range,51965.01,75.8,297.0,72.8,5.09,177.0,565.0,508.0,AWD,5,Coupe,21.8,1582.0,5,2,US,Mid-range,28326,3.65,5,4339078.34,57243.78,0.6845,3.9182,68.4477,₹25–50L
Mercedes,EQC,2025,Long Range,136371.95,98.8,323.0,56.3,4.77,180.0,834.0,747.0,AWD,7,Coupe,26.2,1500.0,4,1,Germany,Luxury,34019,4.25,6,11387057.82,115253.62,0.2837,3.2692,28.3655,₹100–150L
GM/Chevrolet,Equinox EV,2023,Long Range,53068.74,78.7,273.0,148.0,4.7,184.0,620.0,579.0,AWD,5,SUV,56.2,1900.0,5,0,US,Mid-range,9605,3.25,5,4431239.79,56305.46,0.6161,3.4689,61.608,₹25–50L
Ford,Explorer EV,2025,Base,45556.75,57.9,221.0,91.5,6.36,153.0,387.0,360.0,AWD,5,Coupe,40.0,1500.0,5,1,US,Mid-range,46977,3.32,5,3803988.62,65699.29,0.581,3.8169,58.0969,₹25–50L
BYD,Qin,2022,Base,24219.14,71.4,265.0,147.2,5.13,170.0,267.0,228.0,FWD,7,Coupe,31.1,1500.0,4,0,China,Budget,166519,3.3,4,2022298.19,28323.5,1.3104,3.7115,131.039,<₹25L
Ford,E-Transit,2020,Standard,62155.3,60.7,186.0,139.0,6.68,161.0,665.0,623.0,AWD,5,Van,70.6,1500.0,5,1,US,Mid-range,60595,3.4,4,5189967.55,85501.94,0.3584,3.0643,35.8384,₹50–75L
Tesla,Model Y,2024,Performance,162214.08,80.6,269.0,202.5,2.82,200.0,1000.0,892.0,AWD,7,Hatchback,32.2,1852.0,5,2,US,Luxury,443580,3.84,6,13544875.68,168050.57,0.1986,3.3375,19.8599,₹100–150L
Audi,Q4 e-tron,2023,Base,76292.22,51.4,180.0,50.9,5.28,174.0,435.0,384.0,RWD,7,Truck,77.7,2642.0,5,2,Germany,Premium,57167,3.32,8,6370400.37,123937.75,0.2826,3.5019,28.2557,₹50–75L
Kia,EV9,2020,Long Range,70023.96,107.3,379.0,50.8,4.21,190.0,776.0,677.0,FWD,5,SUV,45.1,2118.0,5,0,South Korea,Premium,63318,3.7,4,5847000.66,54492.08,0.6482,3.5322,64.8196,₹50–75L
Ford,Explorer EV,2026,Base,61243.81,76.7,281.0,98.6,5.96,163.0,647.0,644.0,RWD,7,Sedan,39.8,1714.0,4,0,US,Mid-range,57282,3.51,4,5113858.14,66673.51,0.5495,3.6636,54.9487,₹50–75L
Volkswagen,ID. Buzz,2024,Performance,60928.37,119.9,406.0,157.6,3.7,200.0,633.0,585.0,AWD,7,Truck,58.9,2556.0,5,1,Germany,Mid-range,257710,3.56,3,5087518.9,42431.35,0.798,3.3862,79.8031,₹50–75L
BMW,i3,2021,Premium,119496.22,73.8,254.0,88.4,7.75,133.0,1000.0,915.0,AWD,5,Van,73.9,1533.0,5,1,Germany,Luxury,47944,3.44,6,9977934.37,135202.36,0.2546,3.4417,25.4562,₹75–100L
Hyundai,i30,2025,Standard,66375.02,59.8,232.0,84.1,7.25,143.0,741.0,638.0,FWD,7,Coupe,21.5,1500.0,4,0,South Korea,Premium,125248,3.22,3,5542314.17,92680.84,0.4186,3.8796,41.8598,₹50–75L
GM/Chevrolet,Bolt EUV,2025,Performance,68553.58,80.6,282.0,184.7,3.59,193.0,978.0,870.0,FWD,5,SUV,36.5,2177.0,5,0,US,Premium,27343,3.55,4,5724223.93,71020.15,0.4926,3.4988,49.2643,₹50–75L
Tesla,Cybertruck,2026,Standard,80796.91,64.6,239.0,287.6,6.99,148.0,622.0,531.0,RWD,7,Truck,60.2,2600.0,4,2,US,Premium,212130,3.66,4,6746541.98,104435.63,0.3543,3.6997,35.4256,₹50–75L
Tesla,Model Y,2021,Base,59816.02,58.9,204.0,321.1,5.9,157.0,431.0,386.0,AWD,5,Van,63.0,1500.0,4,3,US,Mid-range,446207,3.67,6,4994637.67,84798.6,0.4084,3.4635,40.8438,₹25–50L
BYD,Seagull,2020,Performance,61584.07,117.0,409.0,225.5,3.84,196.0,687.0,636.0,AWD,5,Sedan,28.7,1600.0,5,0,China,Mid-range,190643,3.93,5,5142269.84,43951.02,0.7954,3.4957,79.5369,₹50–75L
Tesla,Model X,2024,Base,99143.24,56.5,200.0,325.2,6.99,142.0,685.0,610.0,RWD,5,Coupe,26.4,1638.0,3,2,US,Premium,177987,3.6,6,8278460.54,146521.43,0.2416,3.5398,24.1591,₹75–100L
Mercedes,EQS,2023,Base,129584.74,64.2,260.0,81.2,7.72,126.0,788.0,737.0,FWD,7,Hatchback,30.6,1739.0,5,1,Germany,Luxury,24901,3.81,6,10820325.79,168540.9,0.2403,4.0498,24.0289,₹100–150L
BYD,Seagull,2021,Performance,99786.36,108.9,369.0,206.4,3.23,200.0,1000.0,861.0,AWD,5,Sedan,32.5,1675.0,5,0,China,Premium,126447,3.92,3,8332161.06,76512.04,0.4429,3.3884,44.2862,₹75–100L
Lucid,Air,2026,Base,137880.08,41.3,150.0,291.0,7.96,127.0,488.0,458.0,FWD,7,Truck,53.2,2482.0,5,1,US,Luxury,21377,3.21,5,11512986.68,278764.81,0.1303,3.632,13.0288,₹100–150L
BYD,Seagull,2025,Long Range,57737.75,106.1,383.0,148.9,4.23,189.0,660.0,579.0,AWD,5,Coupe,34.2,1878.0,4,2,China,Mid-range,108943,4.12,4,4821102.12,45439.23,0.7944,3.6098,79.4424,₹25–50L
Tesla,Model Y,2023,Base,112472.41,74.3,238.0,263.8,7.32,142.0,800.0,741.0,FWD,5,Van,63.4,1500.0,5,3,US,Luxury,485203,3.66,4,9391446.24,126399.01,0.2534,3.2032,25.3422,₹75–100L
Ford,E-Transit,2025,Long Range,54602.2,96.0,344.0,102.3,4.45,181.0,560.0,508.0,AWD,5,Van,61.8,1886.0,3,1,US,Mid-range,50891,3.53,4,4559283.7,47492.54,0.7545,3.5833,75.4504,₹25–50L
BMW,iX,2021,Long Range,86702.14,97.3,331.0,69.1,5.02,176.0,662.0,609.0,RWD,5,SUV,63.9,2095.0,3,2,Germany,Premium,40089,3.69,7,7239628.69,74405.23,0.4572,3.4018,45.7206,₹50–75L
Hyundai,Ioniq 5,2023,Performance,107017.27,75.2,259.0,223.3,4.08,184.0,1000.0,920.0,RWD,5,SUV,60.4,2285.0,5,0,South Korea,Luxury,67872,3.44,4,8935942.04,118829.02,0.2898,3.4441,28.9841,₹75–100L
Kia,Sportage EV,2025,Long Range,76787.3,75.4,275.0,121.5,5.81,171.0,887.0,779.0,RWD,5,SUV,60.2,2168.0,4,0,South Korea,Premium,116634,3.71,3,6411739.55,85036.33,0.4289,3.6472,42.8901,₹50–75L
GM/Chevrolet,Bolt EUV,2024,Long Range,54182.3,85.5,299.0,106.1,5.9,165.0,666.0,603.0,AWD,7,Truck,59.3,2617.0,4,0,US,Mid-range,4380,3.46,4,4524222.05,52914.88,0.6609,3.4971,66.0887,₹25–50L
BYD,Dolphin,2022,Long Range,43671.62,95.1,328.0,90.4,4.97,173.0,517.0,391.0,AWD,7,Coupe,21.4,1500.0,3,0,China,Mid-range,203792,3.47,3,3646580.27,38344.69,0.8995,3.449,89.9473,₹25–50L
Xiaomi,SU7,2025,Premium,55513.6,48.7,150.0,126.5,5.94,162.0,434.0,369.0,AWD,5,Sedan,21.0,1521.0,4,0,China,Mid-range,22327,3.32,4,4635385.6,95182.46,0.3236,3.0801,32.3598,₹25–50L
Lucid,Air,2024,Premium,269775.2,76.3,276.0,262.4,5.11,163.0,1000.0,928.0,AWD,7,Hatchback,16.6,1560.0,4,1,US,Luxury,4056,3.28,4,22526229.2,295232.36,0.1225,3.6173,12.2524,>₹200L
BMW,i7,2026,Premium,125637.29,67.5,240.0,56.0,7.12,151.0,1000.0,870.0,RWD,5,Hatchback,28.2,1713.0,5,2,Germany,Luxury,47587,3.56,7,10490713.72,155417.98,0.2288,3.5556,22.8774,₹100–150L
Tesla,Model 3,2024,Premium,111275.22,82.9,291.0,207.4,5.18,171.0,794.0,685.0,AWD,5,SUV,62.4,1551.0,5,2,US,Luxury,172863,3.88,5,9291480.87,112080.59,0.3132,3.5103,31.319,₹75–100L
BMW,i4,2025,Base,84529.75,77.3,276.0,118.7,5.17,176.0,611.0,549.0,AWD,5,Hatchback,32.4,1644.0,4,2,Germany,Premium,25679,3.71,7,7058234.12,91309.63,0.391,3.5705,39.1033,₹50–75L
Tesla,Model S,2025,Base,97308.1,56.4,188.0,210.0,7.16,153.0,714.0,652.0,FWD,7,SUV,41.8,2139.0,4,2,US,Premium,239872,3.7,5,8125226.35,144064.3,0.2314,3.3333,23.1378,₹75–100L
Tesla,Model X,2025,Premium,35653.98,52.0,162.0,274.8,6.58,146.0,182.0,200.0,FWD,5,Truck,60.0,2311.0,4,2,US,Mid-range,228295,3.58,4,2977107.33,57252.06,0.5442,3.1154,54.4152,₹25–50L
BYD,Leaf 50X,2026,Long Range,101979.86,105.4,376.0,140.2,4.62,183.0,1000.0,924.0,FWD,5,Van,74.5,1500.0,4,0,China,Luxury,128300,3.96,5,8515318.31,80790.5,0.4416,3.5674,44.1557,₹75–100L
Hyundai,Ioniq 6,2025,Long Range,80040.4,81.1,284.0,105.4,4.38,181.0,1000.0,895.0,AWD,5,Truck,59.1,2281.0,5,0,South Korea,Premium,146157,3.67,4,6683373.4,82409.04,0.4249,3.5018,42.4935,₹50–75L
Mercedes,GLE EV,2026,Performance,104553.67,111.7,412.0,187.5,3.3,192.0,554.0,463.0,FWD,5,Hatchback,25.3,1664.0,4,1,Germany,Luxury,68955,4.39,7,8730231.44,78157.85,0.4719,3.6885,47.1923,₹75–100L
GM/Chevrolet,Equinox EV,2023,Long Range,65559.4,97.3,331.0,105.0,5.02,177.0,844.0,702.0,FWD,5,SUV,45.3,1966.0,4,1,US,Premium,6658,3.7,4,5474209.9,56261.15,0.6047,3.4018,60.4653,₹50–75L
GM/Chevrolet,Equinox EV,2025,Base,64750.83,60.4,230.0,72.2,7.58,137.0,899.0,829.0,AWD,7,SUV,45.9,2008.0,4,2,US,Mid-range,23069,3.62,5,5406694.3,89514.81,0.4254,3.8079,42.5399,₹50–75L
Volkswagen,ID.3,2023,Standard,32332.16,53.1,184.0,146.1,5.64,170.0,169.0,200.0,RWD,5,Hatchback,22.5,1596.0,5,1,Germany,Budget,283336,3.52,3,2699735.36,50842.47,0.6815,3.4652,68.1548,₹25–50L
BYD,Qin,2026,Performance,112008.03,112.5,389.0,190.5,3.29,200.0,1000.0,897.0,RWD,7,SUV,38.6,2173.0,3,0,China,Luxury,201649,3.59,5,9352670.51,83134.85,0.4159,3.4578,41.5924,₹75–100L
Volkswagen,ID. Buzz,2023,Performance,114648.63,104.8,352.0,221.6,3.92,197.0,1000.0,934.0,RWD,7,SUV,35.7,2254.0,4,1,Germany,Luxury,297615,3.66,4,9573160.6,91346.95,0.3677,3.3588,36.7695,₹75–100L
Porsche,Taycan,2025,Premium,111303.96,67.1,242.0,317.9,7.4,145.0,387.0,369.0,RWD,7,Van,79.0,1500.0,5,1,Germany,Luxury,5234,3.75,6,9293880.66,138507.91,0.2604,3.6066,26.0386,₹75–100L
Tesla,Model Y,2021,Premium,60365.37,70.3,225.0,248.0,5.77,155.0,390.0,337.0,AWD,7,Sedan,17.4,1624.0,5,2,US,Mid-range,438670,3.68,4,5040508.4,71699.98,0.4464,3.2006,44.6384,₹50–75L
Mercedes,EQE,2025,Premium,198768.13,55.6,194.0,83.6,5.28,170.0,1000.0,936.0,RWD,5,SUV,66.5,2382.0,5,1,Germany,Luxury,77200,3.68,6,16597138.86,298509.69,0.1169,3.4892,11.6888,₹150–200L
Kia,Picanto EV,2024,Standard,32564.1,46.2,180.0,117.7,6.66,156.0,221.0,217.0,FWD,5,Hatchback,20.8,1510.0,4,0,South Korea,Budget,123543,3.02,3,2719102.35,58855.03,0.662,3.8961,66.1983,₹25–50L
Volkswagen,ID. Buzz,2025,Premium,116578.08,55.4,182.0,112.5,7.11,147.0,1000.0,920.0,RWD,5,Van,61.6,1580.0,3,2,Germany,Luxury,202014,3.21,3,9734269.68,175708.84,0.187,3.2852,18.6968,₹75–100L
GM/Chevrolet,Bolt EV,2022,Base,44453.56,69.7,242.0,54.4,7.29,145.0,498.0,426.0,FWD,5,Van,78.0,1500.0,5,1,US,Mid-range,19383,3.42,4,3711872.26,53254.98,0.652,3.472,65.1962,₹25–50L
Hyundai,Ioniq,2021,Standard,33847.36,58.9,209.0,107.8,6.1,158.0,254.0,208.0,AWD,7,Sedan,37.0,1766.0,3,0,South Korea,Budget,145242,3.32,3,2826254.56,47983.95,0.7395,3.5484,73.9495,₹25–50L
Audi,Q6 e-tron,2024,Base,51267.23,71.4,241.0,63.6,6.0,155.0,194.0,200.0,RWD,7,Sedan,32.4,1704.0,4,1,Germany,Mid-range,64472,3.5,6,4280813.7,59955.37,0.563,3.3754,56.2977,₹25–50L
Audi,e-tron,2025,Standard,77807.96,46.7,186.0,100.6,7.48,131.0,428.0,409.0,FWD,5,Van,70.1,1701.0,5,2,Germany,Premium,67104,3.14,5,6496964.66,139121.3,0.2863,3.9829,28.6288,₹50–75L
Volkswagen,ID.4,2025,Base,78903.54,67.1,237.0,95.0,5.41,169.0,869.0,785.0,FWD,7,Van,61.9,1553.0,5,0,Germany,Premium,283626,3.43,4,6588445.59,98188.46,0.3597,3.532,35.9721,₹50–75L
BYD,Leaf 50X,2024,Long Range,75118.04,88.3,325.0,84.8,4.14,189.0,840.0,797.0,FWD,5,Sedan,32.2,1759.0,4,0,China,Premium,220772,3.68,3,6272356.34,71034.61,0.5181,3.6806,51.8147,₹50–75L
Kia,EV9,2023,Performance,76777.22,72.5,254.0,171.5,2.52,200.0,894.0,748.0,AWD,5,SUV,55.3,2179.0,4,0,South Korea,Premium,99948,3.66,5,6410897.87,88426.18,0.3962,3.5034,39.62,₹50–75L
Audi,Q4 e-tron,2025,Standard,119850.54,74.4,257.0,54.1,6.24,160.0,936.0,892.0,RWD,5,Sedan,28.1,1635.0,5,2,Germany,Luxury,48973,3.68,6,10007520.09,134509.68,0.2568,3.4543,25.6807,₹100–150L
BYD,Atto 3,2025,Premium,45553.77,71.9,240.0,73.9,7.84,134.0,460.0,455.0,AWD,5,SUV,43.8,2109.0,5,0,China,Mid-range,119429,3.24,5,3803739.8,52903.2,0.631,3.338,63.0958,₹25–50L
BMW,i3,2023,Performance,111495.73,82.7,283.0,247.0,4.09,188.0,953.0,813.0,RWD,5,Coupe,24.4,1636.0,4,1,Germany,Luxury,41408,3.72,6,9309893.46,112574.29,0.304,3.422,30.3978,₹75–100L
BMW,iX,2024,Performance,134617.67,90.5,308.0,215.3,4.15,190.0,1000.0,928.0,AWD,5,Coupe,32.5,1939.0,5,2,Germany,Luxury,68965,3.76,7,11240575.44,124205.25,0.274,3.4033,27.4007,₹100–150L
GM/Chevrolet,Bolt EV,2024,Long Range,55216.4,81.9,299.0,82.8,5.75,153.0,668.0,609.0,RWD,5,Coupe,28.5,1500.0,5,1,US,Mid-range,805,3.76,3,4610569.4,56295.11,0.6485,3.6508,64.851,₹25–50L
Tesla,Model S,2023,Premium,163320.61,72.8,240.0,346.7,6.75,147.0,1000.0,870.0,AWD,7,Hatchback,38.9,1689.0,4,2,US,Luxury,220716,3.73,5,13637270.93,187325.15,0.176,3.2967,17.5988,₹100–150L
GM/Chevrolet,Bolt EUV,2026,Premium,52994.74,63.4,206.0,127.9,7.67,130.0,679.0,612.0,AWD,5,Truck,64.7,2568.0,5,1,US,Mid-range,5490,3.27,3,4425060.79,69795.91,0.4655,3.2492,46.553,₹25–50L
Audi,e-tron,2024,Standard,111572.71,71.6,265.0,61.0,7.14,144.0,835.0,749.0,FWD,5,Hatchback,26.3,1707.0,5,1,Germany,Luxury,58813,3.28,8,9316321.28,130116.22,0.2844,3.7011,28.4447,₹75–100L
Tesla,Model X,2024,Performance,79743.44,90.1,322.0,230.5,4.29,182.0,533.0,444.0,RWD,5,SUV,40.6,2108.0,5,3,US,Premium,136484,3.83,6,6658577.24,73902.08,0.4836,3.5738,48.3587,₹50–75L
BYD,Atto 3,2025,Premium,26326.68,42.7,150.0,61.8,6.28,152.0,265.0,221.0,RWD,5,Van,75.9,1505.0,4,0,China,Budget,129109,3.09,4,2198277.78,51481.92,0.6824,3.5129,68.2352,<₹25L
Fisker,Ocean,2026,Standard,67825.01,82.9,297.0,69.2,5.74,160.0,483.0,473.0,AWD,5,Sedan,16.0,1500.0,5,0,US,Premium,26063,3.56,4,5663388.34,68315.9,0.5244,3.5826,52.4421,₹50–75L
Tesla,Model X,2022,Premium,78153.08,79.8,277.0,278.1,7.96,130.0,554.0,483.0,AWD,5,Hatchback,37.4,1500.0,4,2,US,Premium,114033,3.63,4,6525782.18,81776.72,0.4245,3.4712,42.447,₹50–75L
Mercedes,GLE EV,2022,Premium,93751.44,73.4,267.0,92.8,5.52,166.0,505.0,508.0,AWD,7,Van,62.1,1800.0,5,1,Germany,Premium,32471,3.81,8,7828245.24,106651.84,0.3411,3.6376,34.1073,₹75–100L
Hyundai,Kona Electric,2026,Standard,68247.96,73.1,240.0,121.2,6.35,151.0,876.0,791.0,FWD,5,Hatchback,25.8,1607.0,5,1,South Korea,Premium,75804,3.31,3,5698704.66,77957.66,0.4211,3.2832,42.1148,₹50–75L
BYD,Qin,2023,Performance,89614.35,100.7,334.0,174.7,4.07,192.0,1000.0,911.0,AWD,5,Hatchback,19.7,1555.0,5,0,China,Premium,198687,4.0,3,7482798.22,74307.83,0.4464,3.3168,44.6357,₹50–75L
Mercedes,EQC,2026,Performance,185592.86,107.8,359.0,201.1,4.37,192.0,1000.0,953.0,FWD,7,Coupe,26.6,1500.0,4,1,Germany,Luxury,51560,3.97,7,15497003.81,143756.99,0.2317,3.3302,23.1658,₹150–200L
Volkswagen,ID. Aero,2024,Base,52450.92,70.3,257.0,112.6,7.73,135.0,452.0,424.0,AWD,5,SUV,47.3,2163.0,5,1,Germany,Mid-range,231690,3.59,4,4379651.82,62299.46,0.5868,3.6558,58.6805,₹25–50L
Hyundai,i30,2024,Base,53836.77,69.5,265.0,98.2,7.64,135.0,563.0,541.0,FWD,7,Sedan,22.6,1500.0,5,0,South Korea,Mid-range,55119,3.5,5,4495370.3,64681.59,0.5895,3.8129,58.9495,₹25–50L
Volkswagen,ID. Aero,2022,Base,29912.83,40.5,150.0,50.1,6.74,140.0,150.0,200.0,AWD,5,Van,69.6,1799.0,5,0,Germany,Budget,200434,3.19,5,2497721.31,61672.13,0.6005,3.7037,60.0547,<₹25L
Kia,Picanto EV,2024,Base,34300.06,68.3,242.0,105.5,5.23,165.0,188.0,200.0,FWD,5,Van,69.6,1642.0,4,2,South Korea,Budget,143619,3.26,4,2864055.01,41933.46,0.845,3.5432,84.4956,₹25–50L
Tesla,Model 3,2025,Premium,130541.56,71.2,238.0,296.0,6.85,152.0,1000.0,867.0,AWD,7,Hatchback,20.3,1630.0,4,2,US,Luxury,190536,3.76,5,10900220.26,153092.98,0.2183,3.3427,21.8344,₹100–150L
Volkswagen,ID.4,2026,Base,49575.71,47.3,158.0,104.7,7.32,141.0,438.0,401.0,AWD,5,Sedan,37.1,1759.0,4,1,Germany,Mid-range,295672,3.23,5,4139571.78,87517.37,0.3817,3.3404,38.1682,₹25–50L
Fisker,Ronin,2025,Base,60986.5,42.7,150.0,112.0,7.34,137.0,471.0,426.0,AWD,7,Van,69.2,1757.0,5,0,US,Mid-range,2488,3.18,4,5092372.75,119259.31,0.2946,3.5129,29.4558,₹50–75L
BYD,Leaf 50X,2025,Premium,96175.42,50.5,159.0,144.6,5.51,164.0,1000.0,925.0,AWD,7,Hatchback,37.0,1619.0,3,1,China,Premium,232340,3.27,5,8030647.57,159022.72,0.198,3.1485,19.7992,₹75–100L
BMW,i7,2025,Performance,162797.03,103.1,369.0,248.9,4.14,193.0,1000.0,910.0,RWD,5,Van,66.9,1847.0,5,2,Germany,Luxury,27119,3.48,6,13593552.0,131848.23,0.2715,3.579,27.1452,₹100–150L
BYD,Max,2023,Performance,102394.49,115.2,421.0,220.6,4.41,174.0,1000.0,925.0,AWD,7,Truck,67.1,2715.0,5,0,China,Luxury,226612,3.99,4,8549939.92,74218.23,0.4924,3.6545,49.2401,₹75–100L
Ford,Explorer EV,2025,Premium,59495.32,76.8,282.0,58.9,5.94,161.0,592.0,477.0,RWD,5,Truck,54.1,2327.0,5,0,US,Mid-range,62617,3.81,5,4967859.22,64685.67,0.5676,3.6719,56.7649,₹25–50L
Tesla,Model 3,2024,Performance,99778.09,102.4,352.0,231.4,2.58,200.0,751.0,684.0,AWD,5,Truck,53.4,2409.0,4,2,US,Premium,186712,4.18,5,8331470.52,81362.02,0.4225,3.4375,42.2494,₹75–100L
Fisker,Ocean,2025,Long Range,66660.45,93.7,290.0,139.7,4.14,186.0,523.0,477.0,RWD,7,Coupe,25.3,1773.0,5,1,US,Premium,12789,3.33,4,5566147.58,59403.92,0.521,3.095,52.1007,₹50–75L
Volkswagen,ID.4,2023,Premium,78484.96,48.2,168.0,65.9,6.73,144.0,867.0,845.0,AWD,5,Sedan,22.4,1560.0,4,1,Germany,Premium,208905,3.41,4,6553494.16,135964.61,0.2564,3.4855,25.6352,₹50–75L
BYD,Max,2023,Long Range,30609.19,78.6,268.0,75.5,4.4,184.0,292.0,262.0,FWD,7,Hatchback,36.5,1560.0,5,0,China,Budget,111239,3.49,4,2555867.36,32517.4,1.0486,3.4097,104.8568,₹25–50L
Tesla,Model X,2022,Performance,117706.38,71.4,249.0,304.3,4.12,189.0,885.0,771.0,RWD,5,Truck,67.6,2497.0,5,2,US,Luxury,160982,3.75,4,9828482.73,137653.82,0.2533,3.4874,25.3345,₹75–100L
Tesla,Cybertruck,2024,Performance,106068.73,114.9,357.0,318.1,3.04,200.0,766.0,686.0,RWD,7,Truck,52.7,2604.0,3,2,US,Luxury,156874,4.08,5,8856738.96,77082.15,0.4031,3.107,40.3083,₹75–100L
Hyundai,i30,2025,Long Range,70681.91,86.7,309.0,50.0,4.66,176.0,861.0,735.0,FWD,7,SUV,54.6,2251.0,4,2,South Korea,Premium,50014,3.59,4,5901939.48,68073.12,0.5236,3.564,52.3557,₹50–75L
BYD,Atto 3,2024,Long Range,41904.83,88.3,325.0,60.2,5.33,168.0,435.0,398.0,RWD,5,Truck,63.7,2686.0,3,1,China,Mid-range,239018,3.7,3,3499053.3,39626.88,0.9288,3.6806,92.8823,₹25–50L
Mercedes,EQS,2025,Performance,94342.22,95.8,324.0,184.3,3.79,192.0,446.0,356.0,AWD,5,SUV,38.2,1893.0,4,1,Germany,Premium,56423,3.88,7,7877575.37,82229.39,0.4113,3.382,41.1294,₹75–100L
Volkswagen,ID. Aero,2024,Premium,40586.73,45.0,173.0,82.3,6.42,159.0,335.0,274.0,RWD,7,Coupe,32.4,1615.0,4,1,Germany,Mid-range,268842,3.31,4,3388991.96,75310.93,0.5105,3.8444,51.0476,₹25–50L
BYD,Atto 3,2022,Performance,98782.03,77.8,278.0,211.2,3.71,192.0,1000.0,876.0,RWD,7,Coupe,33.3,1500.0,4,0,China,Premium,130723,3.47,4,8248299.5,106019.27,0.337,3.5733,33.7039,₹75–100L
Kia,EV6,2022,Premium,40060.04,63.0,235.0,90.5,6.78,153.0,281.0,246.0,RWD,7,Sedan,28.9,1500.0,4,0,South Korea,Mid-range,51025,3.4,5,3345013.34,53095.45,0.7025,3.7302,70.2538,₹25–50L
GM/Chevrolet,Bolt EUV,2023,Performance,73854.22,104.5,365.0,221.3,3.22,200.0,999.0,887.0,AWD,5,Coupe,20.4,2090.0,4,1,US,Premium,27191,3.61,3,6166827.37,59012.7,0.5919,3.4928,59.1876,₹50–75L
Tesla,Model X,2022,Base,43328.14,65.3,226.0,244.2,7.71,134.0,305.0,255.0,RWD,5,Van,63.8,1526.0,3,2,US,Mid-range,148395,3.64,6,3617899.69,55404.28,0.6247,3.4609,62.4672,₹25–50L
Tesla,Model X,2025,Long Range,100199.56,90.8,321.0,252.4,5.42,171.0,669.0,631.0,RWD,7,Hatchback,36.6,1849.0,4,3,US,Luxury,197625,3.78,5,8366663.26,92143.87,0.3837,3.5352,38.3665,₹75–100L
Tesla,Model Y,2025,Performance,135068.35,116.4,393.0,277.5,3.52,193.0,1000.0,870.0,AWD,7,Sedan,19.2,1500.0,5,3,US,Luxury,419874,4.32,6,11278207.22,96891.81,0.3485,3.3763,34.846,₹100–150L
GM/Chevrolet,Silverado EV,2026,Standard,64854.51,76.0,264.0,124.2,5.66,158.0,863.0,753.0,RWD,7,Van,66.6,1781.0,4,2,US,Mid-range,16372,3.34,5,5415351.58,71254.63,0.4875,3.4737,48.7503,₹50–75L
BMW,i4,2022,Performance,102335.06,106.5,365.0,241.1,2.73,200.0,873.0,817.0,AWD,7,Hatchback,31.3,1526.0,5,1,Germany,Luxury,57345,3.89,5,8544977.51,80234.53,0.4272,3.4272,42.7152,₹75–100L
Hyundai,Kona Electric,2026,Premium,78808.06,83.8,310.0,141.6,5.71,163.0,989.0,868.0,AWD,7,Truck,78.4,2368.0,4,2,South Korea,Premium,79142,3.33,3,6580473.01,78525.93,0.4711,3.6993,47.1091,₹50–75L
Mercedes,EQC,2026,Premium,89766.7,44.8,150.0,131.6,7.04,131.0,402.0,345.0,AWD,5,Sedan,33.2,1697.0,4,1,Germany,Premium,44745,3.43,7,7495519.45,167310.7,0.2001,3.3482,20.012,₹50–75L
Ford,Explorer EV,2024,Base,54161.53,80.1,289.0,75.9,7.58,137.0,517.0,412.0,AWD,7,Hatchback,22.0,1624.0,4,0,US,Mid-range,26655,3.51,4,4522487.76,56460.52,0.639,3.608,63.9029,₹25–50L
Kia,Sportage EV,2022,Standard,38543.18,45.8,159.0,126.3,5.27,175.0,312.0,260.0,FWD,5,SUV,41.4,1872.0,5,0,South Korea,Mid-range,117943,3.08,3,3218355.53,70269.77,0.494,3.4716,49.4041,₹25–50L
Mercedes,EQE,2023,Performance,91688.58,90.5,311.0,240.9,4.23,192.0,427.0,373.0,RWD,5,Van,78.1,1713.0,5,2,Germany,Premium,45385,4.06,5,7655996.43,84596.65,0.4062,3.4365,40.6218,₹75–100L
BYD,Atto 3,2023,Premium,72252.78,40.8,150.0,132.5,6.07,162.0,772.0,689.0,RWD,5,Hatchback,38.8,1553.0,4,0,China,Premium,245833,3.12,3,6033107.13,147870.27,0.2486,3.6765,24.8628,₹50–75L
Tesla,Model Y,2025,Standard,28188.64,40.3,150.0,268.7,6.76,141.0,157.0,200.0,AWD,7,SUV,48.1,1677.0,3,2,US,Budget,412935,3.53,4,2353751.44,58405.74,0.6373,3.7221,63.7281,<₹25L
BYD,Yuan Plus,2025,Standard,32633.03,80.0,279.0,131.7,6.72,144.0,320.0,282.0,RWD,5,Truck,53.4,2335.0,5,1,China,Budget,106393,3.6,5,2724858.0,34060.72,1.0239,3.4875,102.3907,₹25–50L
Tesla,Model S,2025,Performance,61791.69,82.0,283.0,322.8,3.07,200.0,416.0,357.0,AWD,5,Sedan,16.6,1663.0,5,2,US,Mid-range,214239,3.64,6,5159606.12,62922.03,0.5485,3.4512,54.8491,₹50–75L
Hyundai,Ioniq 5,2025,Performance,97448.38,102.0,335.0,186.2,4.32,187.0,1000.0,874.0,RWD,5,Coupe,15.7,1500.0,3,1,South Korea,Premium,81695,3.65,3,8136939.73,79773.92,0.4117,3.2843,41.1703,₹75–100L
NIO,ET6,2025,Base,75082.66,69.0,236.0,113.7,5.3,173.0,685.0,654.0,AWD,5,Sedan,15.2,1800.0,5,0,China,Premium,6090,3.63,4,6269402.11,90860.9,0.3764,3.4203,37.6431,₹50–75L
Tesla,Model Y,2025,Premium,56042.12,66.9,222.0,343.9,6.66,139.0,381.0,308.0,AWD,5,Coupe,24.0,1801.0,4,3,US,Mid-range,439817,3.53,4,4679517.02,69947.94,0.4744,3.3184,47.4408,₹25–50L
Tesla,Model Y,2025,Base,102064.68,49.3,183.0,218.6,5.76,163.0,752.0,628.0,FWD,5,SUV,46.7,1950.0,5,2,US,Luxury,469259,3.73,4,8522400.78,172868.17,0.2147,3.712,21.4728,₹75–100L
Volkswagen,ID. Aero,2024,Performance,92355.03,70.8,243.0,217.8,3.65,193.0,1000.0,926.0,RWD,5,Truck,54.0,2436.0,4,1,Germany,Premium,216375,3.43,5,7711645.0,108921.54,0.3151,3.4322,31.5108,₹75–100L
Rivian,R3,2025,Long Range,105185.41,109.2,352.0,76.3,4.17,187.0,1000.0,900.0,FWD,5,Hatchback,25.5,1527.0,4,1,US,Luxury,20140,3.46,5,8782981.74,80430.24,0.4008,3.2234,40.0775,₹75–100L
BYD,Max,2023,Base,20788.8,46.9,161.0,93.6,6.51,150.0,150.0,200.0,RWD,5,Van,79.4,1923.0,4,1,China,Budget,208014,3.15,4,1735864.8,37012.04,0.9275,3.4328,92.7492,<₹25L
Hyundai,Ioniq 6,2024,Performance,97949.17,88.6,324.0,170.9,2.96,200.0,1000.0,850.0,AWD,5,Hatchback,19.7,1500.0,5,1,South Korea,Premium,105426,3.83,4,8178755.7,92311.01,0.3961,3.6569,39.6148,₹75–100L
Tesla,Cybertruck,2024,Premium,112719.54,67.5,240.0,242.8,5.41,170.0,810.0,732.0,AWD,5,Truck,56.2,2564.0,5,2,US,Luxury,138409,3.94,5,9412081.59,139438.25,0.255,3.5556,25.4991,₹75–100L
Tesla,Model X,2025,Premium,155604.37,46.7,150.0,305.4,5.06,177.0,1000.0,909.0,AWD,7,Van,78.1,1625.0,4,2,US,Luxury,240825,3.17,6,12992964.9,278221.95,0.1154,3.212,11.5447,₹100–150L
Porsche,Macan Electric,2023,Standard,107490.34,61.7,224.0,251.6,6.15,161.0,337.0,320.0,AWD,5,SUV,39.7,1666.0,4,2,Germany,Luxury,2249,3.5,8,8975443.39,145469.1,0.2496,3.6305,24.957,₹75–100L
Fisker,Ocean,2023,Premium,100837.22,71.6,259.0,138.2,5.42,163.0,841.0,735.0,AWD,5,Sedan,36.7,1500.0,5,0,US,Luxury,27700,3.3,5,8419907.87,117596.48,0.3076,3.6173,30.7604,₹75–100L
Tesla,Cybertruck,2024,Base,112537.97,73.4,256.0,247.7,7.93,125.0,851.0,715.0,FWD,5,Truck,69.8,2742.0,4,3,US,Luxury,200169,3.59,5,9396920.49,128023.44,0.2724,3.4877,27.243,₹75–100L
Toyota,bZ4X,2024,Standard,65164.24,66.0,218.0,67.5,6.6,152.0,771.0,727.0,FWD,5,SUV,41.6,2093.0,5,0,Japan,Premium,21633,3.39,5,5441214.04,82442.64,0.4006,3.303,40.0646,₹50–75L
BMW,i4,2025,Premium,134002.07,78.3,245.0,120.2,7.71,132.0,1000.0,918.0,AWD,7,Coupe,16.0,1795.0,5,1,Germany,Luxury,54751,3.42,8,11189172.84,142901.31,0.219,3.129,21.8962,₹100–150L
Mercedes,EQE,2025,Base,125283.58,75.6,264.0,123.7,7.57,138.0,747.0,634.0,FWD,7,Truck,74.4,2720.0,4,1,Germany,Luxury,50741,4.19,7,10461178.93,138375.38,0.2524,3.4921,25.2362,₹100–150L
Volkswagen,ID.3,2022,Base,53614.66,63.7,213.0,138.2,5.95,160.0,530.0,526.0,FWD,5,SUV,44.8,2264.0,4,0,Germany,Mid-range,208794,3.39,4,4476824.11,70279.81,0.4758,3.3438,47.5784,₹25–50L
Hyundai,Ioniq,2021,Performance,54289.29,101.8,323.0,214.9,3.67,196.0,603.0,568.0,FWD,7,Hatchback,17.8,1707.0,4,1,South Korea,Mid-range,110889,3.69,4,4533155.72,44530.02,0.7125,3.1729,71.2528,₹25–50L
Hyundai,Ioniq,2023,Performance,69817.04,113.2,415.0,171.3,3.01,198.0,899.0,830.0,AWD,5,Van,62.0,1643.0,5,1,South Korea,Premium,127527,3.55,4,5829722.84,51499.32,0.7119,3.6661,71.1869,₹50–75L
BMW,i4,2024,Base,47596.94,81.1,287.0,123.0,7.53,135.0,169.0,200.0,FWD,7,Sedan,15.4,1577.0,5,1,Germany,Mid-range,22877,3.56,7,3974344.49,49005.48,0.7221,3.5388,72.2132,₹25–50L
Tesla,Model Y,2024,Long Range,50416.8,92.4,336.0,349.4,5.31,170.0,355.0,348.0,RWD,5,Sedan,24.1,1587.0,4,2,US,Mid-range,444988,3.8,5,4209802.8,45560.64,0.7981,3.6364,79.8137,₹25–50L
Tesla,Model 3,2025,Premium,127858.88,71.8,285.0,260.5,7.39,142.0,928.0,848.0,FWD,5,SUV,61.8,2152.0,5,2,US,Luxury,125874,3.89,4,10676216.48,148693.82,0.2669,3.9694,26.6949,₹100–150L
BYD,Dolphin,2026,Base,27881.47,60.3,202.0,109.7,5.27,169.0,272.0,248.0,RWD,5,Van,68.9,1867.0,4,1,China,Budget,131662,3.35,5,2328102.74,38608.67,0.8677,3.3499,86.7659,<₹25L
GM/Chevrolet,Bolt EUV,2024,Performance,98117.57,90.3,335.0,227.3,3.97,195.0,1000.0,866.0,FWD,5,Sedan,17.1,1500.0,5,0,US,Premium,23127,3.63,4,8192817.1,90728.87,0.4089,3.7099,40.8895,₹75–100L
Tesla,Cybertruck,2025,Standard,114028.98,65.3,249.0,327.3,7.5,137.0,815.0,721.0,AWD,7,Truck,60.4,2681.0,5,2,US,Luxury,169238,3.54,4,9521419.83,145810.41,0.2615,3.8132,26.1516,₹75–100L
BMW,i7,2021,Base,76431.36,47.0,150.0,90.1,6.06,160.0,524.0,510.0,RWD,7,Sedan,34.1,1776.0,4,2,Germany,Premium,30267,3.08,5,6382018.56,135787.63,0.235,3.1915,23.5035,₹50–75L
Fisker,Ocean,2025,Standard,47756.59,60.7,225.0,136.4,6.02,158.0,298.0,265.0,AWD,7,Sedan,16.1,1812.0,4,1,US,Mid-range,6983,3.23,3,3987675.26,65694.81,0.5642,3.7068,56.4239,₹25–50L
Tesla,Model S,2023,Long Range,122960.47,98.5,350.0,323.0,4.9,178.0,897.0,749.0,FWD,5,SUV,55.8,2239.0,4,2,US,Luxury,114585,4.09,4,10267199.24,104235.53,0.3409,3.5533,34.0891,₹100–150L
BMW,i5,2024,Standard,91502.74,75.2,250.0,75.7,5.77,161.0,650.0,613.0,RWD,7,Coupe,32.6,1500.0,5,1,Germany,Premium,64217,3.55,6,7640478.79,101602.11,0.3272,3.3245,32.7205,₹75–100L
Volkswagen,ID. Buzz,2026,Base,77633.04,74.0,273.0,79.5,5.33,165.0,818.0,753.0,AWD,5,Truck,55.8,2544.0,5,2,Germany,Premium,203039,3.53,5,6482358.84,87599.44,0.4211,3.6892,42.1143,₹50–75L
Mercedes,EQG,2022,Long Range,74524.3,84.1,298.0,141.9,4.89,180.0,277.0,271.0,AWD,5,Hatchback,23.3,1690.0,5,2,Germany,Premium,75343,3.85,7,6222779.05,73992.62,0.4789,3.5434,47.8886,₹50–75L
Tesla,Model X,2026,Base,27570.57,44.6,153.0,215.0,7.41,137.0,161.0,200.0,AWD,5,Coupe,36.9,1682.0,5,2,US,Budget,203167,3.2,5,2302142.6,51617.55,0.6646,3.4305,66.4598,<₹25L
GM/Chevrolet,Silverado EV,2023,Performance,42948.13,93.8,328.0,156.4,2.96,200.0,422.0,385.0,AWD,5,Sedan,31.4,1903.0,4,2,US,Mid-range,14040,3.76,4,3586168.86,38232.08,0.9146,3.4968,91.4625,₹25–50L
Mercedes,GLE EV,2022,Long Range,100017.14,108.6,382.0,123.5,5.74,157.0,539.0,494.0,FWD,5,Hatchback,33.8,1500.0,5,2,Germany,Luxury,39100,3.99,8,8351431.19,76900.84,0.4574,3.5175,45.7407,₹75–100L
Toyota,bZ4X,2026,Performance,108712.63,111.4,366.0,193.2,3.3,195.0,1000.0,924.0,RWD,5,Sedan,37.5,1549.0,4,0,Japan,Luxury,12763,3.93,4,9077504.6,81485.68,0.4032,3.2855,40.3195,₹75–100L
BMW,i7,2026,Performance,96474.96,76.8,250.0,236.0,3.59,200.0,757.0,661.0,AWD,7,Van,70.6,1639.0,5,1,Germany,Premium,54809,3.45,7,8055659.16,104891.4,0.3103,3.2552,31.0341,₹75–100L
Hyundai,i30,2025,Standard,33127.96,41.6,164.0,118.9,7.91,129.0,245.0,205.0,AWD,5,SUV,62.9,2024.0,5,2,South Korea,Budget,138439,3.06,5,2766184.66,66494.82,0.5929,3.9423,59.2874,₹25–50L
Kia,Niro EV,2025,Premium,52664.7,45.0,151.0,107.3,7.64,133.0,568.0,443.0,AWD,5,SUV,49.3,1711.0,5,2,South Korea,Mid-range,62015,3.3,3,4397502.45,97722.28,0.3434,3.3556,34.3377,₹25–50L
Mercedes,EQC,2022,Long Range,117361.83,91.3,335.0,136.0,5.26,158.0,673.0,601.0,AWD,7,SUV,68.4,1923.0,4,1,Germany,Luxury,75929,3.88,5,9799712.8,107335.3,0.3418,3.6692,34.1847,₹75–100L
Kia,Picanto EV,2024,Premium,91917.06,68.9,237.0,140.8,6.23,166.0,1000.0,904.0,FWD,5,Van,79.4,1684.0,4,1,South Korea,Premium,124978,3.57,5,7675074.51,111394.41,0.3088,3.4398,30.8792,₹75–100L
Tesla,Model 3,2023,Standard,128698.36,60.8,240.0,203.0,6.56,154.0,923.0,819.0,RWD,5,Truck,73.7,2335.0,5,2,US,Luxury,132614,3.6,5,10746313.06,176748.57,0.2233,3.9474,22.3332,₹100–150L
Rivian,R2,2025,Premium,100224.89,43.2,157.0,106.2,6.8,137.0,1000.0,909.0,RWD,5,Sedan,33.5,1592.0,4,1,US,Luxury,10726,3.0,6,8368778.32,193721.72,0.1876,3.6343,18.7602,₹75–100L
BMW,i4,2025,Base,66795.11,65.0,246.0,73.4,5.68,171.0,358.0,333.0,RWD,7,Coupe,33.0,1861.0,5,1,Germany,Premium,50876,3.34,6,5577391.68,85806.03,0.4411,3.7846,44.1066,₹50–75L
BMW,i3,2025,Long Range,102396.37,96.6,340.0,102.0,4.37,184.0,852.0,737.0,FWD,5,Hatchback,18.7,1822.0,5,2,Germany,Luxury,35285,3.65,5,8550096.9,88510.32,0.3977,3.5197,39.7656,₹75–100L
BYD,Seagull,2025,Long Range,53276.57,102.1,367.0,72.6,4.72,177.0,518.0,453.0,RWD,5,Coupe,36.5,1807.0,4,1,China,Mid-range,242908,4.26,3,4448593.6,43570.95,0.825,3.5945,82.498,₹25–50L
BMW,i5,2025,Base,102104.07,55.1,174.0,128.9,5.42,165.0,817.0,704.0,FWD,5,SUV,58.4,2165.0,3,2,Germany,Luxury,30235,3.27,6,8525689.85,154731.21,0.2041,3.1579,20.4089,₹75–100L
Volkswagen,ID.3,2025,Standard,62840.41,71.4,268.0,73.9,6.29,159.0,621.0,524.0,RWD,7,Hatchback,18.6,1960.0,5,0,Germany,Mid-range,242781,3.79,4,5247174.24,73489.84,0.5108,3.7535,51.0751,₹50–75L
BMW,i5,2024,Performance,131247.26,113.3,405.0,155.8,2.74,200.0,1000.0,891.0,AWD,5,Truck,65.4,2302.0,4,2,Germany,Luxury,65041,3.91,8,10959146.21,96726.8,0.3696,3.5746,36.9554,₹100–150L
Tesla,Model S,2025,Premium,84149.31,75.3,252.0,335.6,7.31,143.0,552.0,524.0,RWD,5,Sedan,36.5,1606.0,4,3,US,Premium,224851,3.64,6,7026467.38,93312.98,0.3586,3.3466,35.8644,₹50–75L
BMW,iX,2025,Standard,71216.91,62.4,239.0,72.7,5.38,171.0,396.0,355.0,FWD,5,Van,74.4,1623.0,4,1,Germany,Premium,70121,3.47,7,5946611.98,95298.27,0.4019,3.8301,40.191,₹50–75L
Honda,e,2022,Premium,60662.04,67.2,242.0,144.9,6.09,154.0,943.0,887.0,AWD,5,SUV,36.4,1943.0,4,2,Japan,Mid-range,10748,3.54,3,5065280.34,75376.2,0.4778,3.6012,47.7762,₹50–75L
Tesla,Model X,2024,Premium,46217.92,55.9,205.0,259.6,6.69,151.0,293.0,270.0,AWD,7,Truck,68.2,2198.0,4,2,US,Mid-range,108494,3.65,5,3859196.32,69037.5,0.5312,3.6673,53.1199,₹25–50L
Lucid,Air,2026,Premium,225594.15,63.1,216.0,285.9,8.0,125.0,1000.0,889.0,RWD,7,Van,62.9,1500.0,5,0,US,Luxury,21994,3.37,5,18837111.52,298527.92,0.1147,3.4231,11.4667,₹150–200L
Volkswagen,ID. Buzz,2025,Standard,87726.28,40.6,161.0,79.3,6.58,133.0,1000.0,936.0,AWD,7,Van,76.4,1646.0,5,1,Germany,Premium,253183,3.49,3,7325144.38,180422.28,0.2198,3.9655,21.9791,₹50–75L
Mercedes,EQE,2024,Premium,146623.72,69.1,262.0,117.9,5.33,176.0,935.0,806.0,AWD,7,Coupe,16.8,1586.0,4,2,Germany,Luxury,43244,3.61,7,12243080.62,177179.17,0.214,3.7916,21.3998,₹100–150L
Ford,Mustang Mach-E,2022,Base,64696.27,51.7,165.0,60.6,6.94,144.0,704.0,642.0,RWD,5,Van,67.4,1771.0,4,1,US,Mid-range,37967,3.06,4,5402138.54,104490.11,0.3054,3.1915,30.5435,₹50–75L
Kia,Picanto EV,2024,Base,26810.33,75.6,247.0,71.5,5.79,166.0,174.0,223.0,AWD,7,SUV,48.7,2204.0,5,1,South Korea,Budget,138862,3.48,5,2238662.56,29611.94,1.1033,3.2672,110.3337,<₹25L
GM/Chevrolet,Blazer EV,2024,Premium,45723.03,55.0,207.0,69.5,6.64,148.0,515.0,479.0,RWD,5,SUV,68.5,1728.0,5,0,US,Mid-range,19610,3.43,4,3817873.0,69415.87,0.5422,3.7636,54.2187,₹25–50L
Audi,Q6 e-tron,2025,Performance,99175.33,93.3,334.0,217.0,3.73,185.0,706.0,646.0,FWD,5,Coupe,31.9,1897.0,5,2,Germany,Premium,77677,3.68,6,8281140.06,88758.2,0.4033,3.5798,40.3326,₹75–100L
Volkswagen,ID. Aero,2025,Standard,87997.46,42.5,150.0,88.7,7.75,129.0,1000.0,893.0,FWD,7,SUV,63.2,1931.0,4,2,Germany,Premium,228031,3.16,4,7347787.91,172889.13,0.2041,3.5294,20.4143,₹50–75L
BYD,Leaf 50X,2025,Base,25853.85,83.7,278.0,69.9,6.22,157.0,204.0,200.0,AWD,7,Truck,74.6,2589.0,5,0,China,Budget,106382,3.56,4,2158796.48,25792.07,1.2878,3.3214,128.7755,<₹25L
BMW,i3,2025,Long Range,66806.73,104.8,353.0,86.3,5.0,170.0,376.0,398.0,RWD,5,Coupe,25.6,1736.0,4,1,Germany,Premium,37357,3.74,7,5578361.96,53228.64,0.6328,3.3683,63.2802,₹50–75L
Ford,F-150 Lightning,2024,Standard,38587.0,78.0,278.0,149.3,6.77,145.0,282.0,248.0,FWD,2,Truck,77.3,2728.0,5,2,US,Mid-range,66132,3.55,5,3222014.5,41307.88,0.8628,3.5641,86.2814,₹25–50L
Ford,Explorer EV,2024,Performance,61417.24,107.1,370.0,237.9,3.91,189.0,606.0,524.0,AWD,5,Coupe,31.7,1689.0,5,0,US,Mid-range,29374,3.68,3,5128339.54,47883.66,0.7215,3.4547,72.1481,₹50–75L
Ford,F-150 Lightning,2026,Premium,73146.64,40.1,150.0,143.8,6.78,157.0,837.0,763.0,AWD,2,Truck,68.6,2484.0,5,2,US,Premium,26454,3.22,4,6107744.44,152312.83,0.2456,3.7406,24.559,₹50–75L
Volkswagen,ID.4,2024,Performance,80127.24,106.2,352.0,207.6,3.59,193.0,890.0,825.0,AWD,7,SUV,68.0,2269.0,5,0,Germany,Premium,267416,3.45,4,6690624.54,63000.23,0.5261,3.3145,52.6109,₹50–75L
Ford,F-150 Lightning,2025,Long Range,69759.03,87.5,324.0,69.5,5.88,162.0,803.0,740.0,FWD,4,Truck,75.3,2664.0,4,0,US,Premium,57497,3.67,4,5824879.0,66570.05,0.5562,3.7029,55.6235,₹50–75L
Tesla,Model 3,2023,Standard,68205.18,50.5,178.0,305.4,7.89,121.0,492.0,417.0,AWD,5,Van,79.6,1512.0,4,3,US,Premium,179048,3.64,4,5695132.53,112774.9,0.3125,3.5248,31.2548,₹50–75L
Kia,EV9,2026,Standard,52324.87,44.4,154.0,84.3,6.34,158.0,517.0,461.0,AWD,5,SUV,41.9,2334.0,5,0,South Korea,Mid-range,142095,3.03,5,4369126.65,98403.75,0.3525,3.4685,35.2473,₹25–50L
Tesla,Model X,2025,Long Range,119926.96,80.9,277.0,248.9,4.98,177.0,912.0,883.0,AWD,5,Van,77.4,1826.0,4,2,US,Luxury,137895,4.12,5,10013901.16,123781.23,0.2766,3.424,27.6615,₹100–150L
BYD,Max,2022,Standard,59138.53,43.2,160.0,81.3,7.03,141.0,665.0,586.0,FWD,7,Sedan,19.9,1666.0,4,2,China,Mid-range,241442,3.15,4,4938067.26,114307.11,0.324,3.7037,32.4013,₹25–50L
Volkswagen,ID.3,2025,Base,73427.05,43.7,150.0,145.8,5.35,164.0,778.0,730.0,AWD,7,Hatchback,20.9,1532.0,4,0,Germany,Premium,258880,3.26,4,6131158.68,140301.11,0.2447,3.4325,24.4652,₹50–75L
Volkswagen,ID.4,2021,Premium,105115.96,73.1,242.0,57.4,7.41,143.0,1000.0,918.0,RWD,5,Truck,76.9,2408.0,4,1,Germany,Luxury,297514,3.44,5,8777182.66,120070.9,0.2757,3.3105,27.5715,₹75–100L
GM/Chevrolet,Bolt EV,2024,Performance,54375.97,88.9,299.0,200.1,2.85,200.0,612.0,507.0,AWD,7,Sedan,31.1,1654.0,5,0,US,Mid-range,24792,3.55,3,4540393.5,51073.04,0.6585,3.3633,65.8533,₹25–50L
Volkswagen,ID. Aero,2025,Long Range,61721.97,88.9,293.0,121.0,4.49,174.0,611.0,538.0,FWD,5,SUV,38.9,2029.0,4,1,Germany,Mid-range,292808,3.65,3,5153784.5,57972.83,0.5685,3.2958,56.8514,₹50–75L
Volkswagen,ID.4,2025,Base,70848.39,47.9,178.0,115.1,6.3,160.0,723.0,644.0,FWD,7,Hatchback,21.5,1500.0,4,1,Germany,Premium,282558,3.33,4,5915840.56,123503.98,0.3009,3.7161,30.0887,₹50–75L
BYD,Seagull,2024,Long Range,51370.62,105.7,403.0,99.6,4.91,177.0,534.0,505.0,AWD,7,Coupe,28.1,1598.0,5,1,China,Mid-range,177642,3.76,4,4289446.77,40581.33,0.9395,3.8127,93.9515,₹25–50L
Volkswagen,ID.5,2021,Long Range,44741.31,93.3,312.0,57.6,4.33,186.0,326.0,304.0,AWD,7,Sedan,24.9,1689.0,5,2,Germany,Mid-range,254746,3.41,4,3735899.38,40041.79,0.8351,3.3441,83.514,₹25–50L
BYD,Qin,2021,Base,25493.2,79.0,290.0,50.3,6.89,147.0,244.0,200.0,RWD,5,SUV,59.6,1716.0,4,0,China,Budget,203716,3.59,3,2128682.2,26945.34,1.3623,3.6709,136.2345,<₹25L
Tesla,Model Y,2025,Long Range,139788.5,103.7,335.0,289.7,5.62,164.0,990.0,941.0,FWD,5,Coupe,36.9,1711.0,4,2,US,Luxury,402120,3.78,5,11672339.75,112558.72,0.287,3.2305,28.7003,₹100–150L
Kia,EV6,2020,Standard,29338.85,40.5,157.0,85.7,6.13,165.0,185.0,200.0,FWD,5,SUV,68.7,2266.0,4,1,South Korea,Budget,61921,3.18,3,2449793.98,60488.74,0.6409,3.8765,64.087,<₹25L
BMW,iX,2024,Long Range,73854.83,96.9,322.0,135.2,4.66,181.0,435.0,336.0,FWD,5,Hatchback,24.9,1829.0,5,2,Germany,Premium,33084,3.64,8,6166878.3,63641.67,0.5221,3.323,52.2144,₹50–75L
BMW,i3,2025,Premium,108403.17,84.9,286.0,52.2,5.55,165.0,939.0,836.0,AWD,7,Truck,72.3,2516.0,5,2,Germany,Luxury,60610,3.5,8,9051664.7,106615.6,0.316,3.3687,31.5964,₹75–100L
Hyundai,Kona Electric,2024,Performance,50241.81,101.5,340.0,152.7,3.86,193.0,556.0,549.0,RWD,5,SUV,41.1,2084.0,5,0,South Korea,Mid-range,106270,3.67,3,4195191.14,41331.93,0.8105,3.3498,81.0452,₹25–50L
Volkswagen,ID. Aero,2023,Premium,107650.74,66.0,238.0,70.6,5.43,169.0,1000.0,931.0,AWD,5,Hatchback,31.9,1500.0,4,1,Germany,Luxury,215531,3.43,4,8988836.79,136194.5,0.2648,3.6061,26.4773,₹75–100L
Mercedes,GLE EV,2026,Long Range,89516.61,78.7,296.0,115.6,4.23,185.0,381.0,309.0,FWD,5,Van,62.0,1692.0,4,1,Germany,Premium,50182,4.07,5,7474636.94,94976.33,0.396,3.7611,39.6006,₹50–75L
Hyundai,Ioniq 6,2024,Performance,106647.79,98.5,363.0,152.4,2.76,200.0,1000.0,921.0,AWD,7,Coupe,36.4,1549.0,5,1,South Korea,Luxury,149654,3.94,5,8905090.46,90407.01,0.4076,3.6853,40.7632,₹75–100L
Hyundai,Ioniq,2023,Long Range,85387.82,78.5,251.0,130.4,5.18,178.0,1000.0,899.0,AWD,5,Sedan,26.9,1500.0,4,2,South Korea,Premium,131774,3.48,3,7129882.97,90826.53,0.352,3.1975,35.2039,₹50–75L
Tesla,Model S,2023,Premium,84622.11,73.7,264.0,297.0,7.3,143.0,599.0,590.0,AWD,5,SUV,44.8,1922.0,4,2,US,Premium,193331,3.64,5,7065946.18,95874.44,0.3736,3.5821,37.3623,₹50–75L
BYD,Atto 3,2025,Long Range,28903.55,96.2,330.0,61.7,4.73,180.0,255.0,210.0,AWD,5,Hatchback,34.4,1559.0,4,1,China,Budget,225650,3.6,3,2413446.42,25087.8,1.3673,3.4304,136.7339,<₹25L
Volkswagen,ID. Buzz,2025,Premium,88650.96,83.9,297.0,85.7,6.87,146.0,1000.0,880.0,RWD,7,Sedan,32.2,1768.0,4,0,Germany,Premium,243258,3.56,5,7402355.16,88228.31,0.4012,3.5399,40.1224,₹50–75L
Volkswagen,ID.4,2024,Long Range,69709.16,99.7,349.0,60.9,4.74,184.0,662.0,636.0,AWD,5,Truck,61.1,2597.0,5,0,Germany,Premium,273314,3.79,4,5820714.86,58382.3,0.5996,3.5005,59.9583,₹50–75L
Kia,EV6,2023,Long Range,68881.26,85.2,297.0,97.4,4.6,172.0,787.0,717.0,AWD,5,SUV,36.4,1755.0,4,0,South Korea,Premium,85490,3.48,4,5751585.21,67506.87,0.5164,3.4859,51.6379,₹50–75L
Hyundai,Ioniq 5,2026,Performance,46435.85,100.4,359.0,204.9,3.97,189.0,429.0,426.0,RWD,7,SUV,52.7,2075.0,4,0,South Korea,Mid-range,73520,3.68,4,3877393.48,38619.46,0.9259,3.5757,92.588,₹25–50L
Kia,Niro EV,2023,Base,53627.18,75.2,266.0,132.8,6.62,154.0,573.0,518.0,FWD,5,Sedan,16.6,1500.0,3,0,South Korea,Mid-range,65815,3.66,4,4477869.53,59546.14,0.594,3.5372,59.4032,₹25–50L
Ford,Explorer EV,2025,Base,31999.38,73.5,219.0,63.0,6.24,163.0,192.0,210.0,AWD,5,Truck,74.2,2364.0,4,1,US,Budget,25220,3.43,4,2671948.23,36353.04,0.8196,2.9796,81.9627,₹25–50L
Ford,E-Transit,2025,Long Range,97440.5,95.0,331.0,63.3,5.16,173.0,1000.0,897.0,RWD,5,Coupe,18.1,1680.0,4,1,US,Premium,26936,3.72,4,8136281.75,85645.07,0.4068,3.4842,40.682,₹75–100L
GM/Chevrolet,Equinox EV,2022,Base,33771.62,73.4,250.0,77.5,5.72,157.0,262.0,240.0,RWD,5,SUV,64.0,2124.0,4,0,US,Budget,22698,3.33,4,2819930.27,38418.67,0.8865,3.406,88.6547,₹25–50L
Toyota,bZ Compact SUV,2023,Long Range,79916.17,85.7,295.0,79.3,4.43,176.0,1000.0,898.0,FWD,5,SUV,44.3,2030.0,4,1,Japan,Premium,29619,3.47,3,6673000.2,77864.65,0.4421,3.4422,44.208,₹50–75L
Tesla,Model X,2025,Premium,133807.8,41.7,150.0,336.7,5.38,161.0,994.0,865.0,AWD,7,Truck,52.9,2540.0,4,2,US,Luxury,225294,3.41,5,11172951.3,267936.48,0.1343,3.5971,13.4253,₹100–150L
Tesla,Model S,2025,Long Range,43022.88,101.7,396.0,299.8,5.0,178.0,286.0,363.0,FWD,7,Coupe,37.5,1723.0,5,2,US,Mid-range,177801,4.2,6,3592410.48,35323.6,1.1023,3.8938,110.2324,₹25–50L
Tesla,Model X,2026,Premium,88927.83,60.1,213.0,331.3,7.27,143.0,671.0,574.0,AWD,5,SUV,56.9,1899.0,4,3,US,Premium,116766,3.76,4,7425473.8,123551.98,0.2869,3.5441,28.685,₹50–75L
BMW,i5,2025,Long Range,119539.21,109.1,391.0,54.4,4.24,183.0,1000.0,900.0,RWD,5,Sedan,38.6,1669.0,3,2,Germany,Luxury,49676,3.74,6,9981524.04,91489.68,0.3917,3.5839,39.1724,₹75–100L
Audi,e-tron,2025,Base,71446.39,60.1,202.0,146.6,6.43,150.0,451.0,409.0,FWD,5,Sedan,19.1,1500.0,5,2,Germany,Premium,60589,3.47,5,5965773.56,99264.12,0.3386,3.3611,33.8598,₹50–75L
BYD,Max,2023,Performance,93434.88,89.1,321.0,249.5,2.9,200.0,1000.0,912.0,AWD,5,Van,68.6,1500.0,5,0,China,Premium,220329,3.35,4,7801812.48,87562.43,0.4114,3.6027,41.1443,₹75–100L
Rivian,R2,2024,Long Range,96777.2,98.9,341.0,130.2,4.47,179.0,1000.0,896.0,FWD,7,Hatchback,36.7,1807.0,5,0,US,Premium,20918,3.83,6,8080896.2,81707.75,0.422,3.4479,42.1983,₹75–100L
Tesla,Model 3,2024,Performance,142117.21,102.9,353.0,265.1,3.97,184.0,1000.0,906.0,AWD,5,SUV,39.7,1870.0,5,2,US,Luxury,232616,3.85,4,11866787.04,115323.49,0.2975,3.4305,29.7469,₹100–150L
NIO,EL8,2024,Long Range,119324.89,90.9,308.0,123.3,5.39,168.0,1000.0,871.0,FWD,5,Truck,63.8,2732.0,5,0,China,Luxury,11219,3.72,5,9963628.32,109610.87,0.3091,3.3883,30.9124,₹75–100L
BYD,Atto 3,2025,Base,61646.7,48.1,150.0,66.9,6.74,145.0,651.0,520.0,AWD,7,Truck,74.4,2640.0,4,1,China,Mid-range,115977,3.16,4,5147499.45,107016.62,0.2914,3.1185,29.1404,₹50–75L
Tesla,Model 3,2025,Long Range,112948.48,78.1,261.0,325.7,5.89,169.0,787.0,637.0,FWD,5,Truck,79.9,2409.0,5,2,US,Luxury,130244,3.47,4,9431198.08,120757.98,0.2767,3.3419,27.6741,₹75–100L
Hyundai,Kona Electric,2025,Performance,91101.0,93.1,300.0,167.8,3.9,193.0,1000.0,880.0,AWD,7,Van,70.1,1500.0,5,1,South Korea,Premium,95350,3.54,4,7606933.5,81707.13,0.3944,3.2223,39.4377,₹75–100L
BYD,Qin,2022,Base,30225.18,54.4,172.0,86.1,5.71,162.0,266.0,255.0,RWD,5,Coupe,22.3,1704.0,4,0,China,Budget,237770,3.36,4,2523802.53,46393.43,0.6815,3.1618,68.1511,₹25–50L
BYD,Atto 3,2025,Long Range,104231.93,79.6,254.0,106.6,4.19,186.0,1000.0,903.0,FWD,5,Van,62.5,1649.0,4,2,China,Luxury,190907,3.49,4,8703366.15,109338.77,0.2918,3.191,29.1841,₹75–100L
BYD,Leaf 50X,2024,Base,45940.66,72.5,255.0,76.4,5.42,176.0,484.0,435.0,AWD,5,Truck,76.0,2531.0,5,2,China,Mid-range,114800,3.48,3,3836045.11,52910.97,0.6647,3.5172,66.4747,₹25–50L
Ford,Mustang Mach-E,2025,Standard,68547.74,40.5,153.0,104.0,5.31,168.0,738.0,635.0,RWD,5,Coupe,22.0,1696.0,5,1,US,Premium,25642,3.34,5,5723736.29,141326.82,0.2673,3.7778,26.7308,₹50–75L
Kia,EV6,2025,Long Range,46513.0,99.0,349.0,87.7,4.41,182.0,443.0,412.0,FWD,5,Truck,75.1,2677.0,4,2,South Korea,Mid-range,124966,3.94,4,3883835.5,39230.66,0.8986,3.5253,89.8596,₹25–50L
BYD,Max,2022,Standard,72612.58,73.4,257.0,112.5,7.56,142.0,793.0,668.0,FWD,7,Van,64.3,1500.0,4,1,China,Premium,232843,3.32,4,6063150.43,82604.23,0.4239,3.5014,42.3872,₹50–75L
Kia,Niro EV,2022,Base,34817.25,56.3,207.0,107.7,5.43,173.0,236.0,242.0,RWD,7,Truck,56.4,2426.0,4,1,South Korea,Budget,109878,3.27,4,2907240.38,51638.37,0.712,3.6767,71.2015,₹25–50L
GM/Chevrolet,Bolt EV,2025,Base,34507.25,66.4,230.0,125.8,6.28,167.0,291.0,200.0,RWD,7,Truck,64.6,2166.0,5,1,US,Budget,18832,3.2,4,2881355.38,43393.91,0.7982,3.4639,79.8235,₹25–50L
BYD,Qin,2023,Long Range,27057.77,108.5,385.0,77.2,5.89,162.0,295.0,278.0,AWD,5,Sedan,31.5,1500.0,4,1,China,Budget,176350,3.6,4,2259323.8,20823.26,1.704,3.5484,170.405,<₹25L
Volkswagen,ID.4,2020,Premium,48608.56,41.4,163.0,71.1,5.45,175.0,443.0,450.0,AWD,5,Truck,57.3,2188.0,5,1,Germany,Mid-range,221203,3.43,4,4058814.76,98039.0,0.4016,3.9372,40.1595,₹25–50L
Tesla,Model X,2025,Base,30686.17,65.2,245.0,343.2,7.58,138.0,162.0,200.0,AWD,5,Sedan,24.8,1533.0,5,2,US,Budget,248383,3.55,4,2562295.19,39299.01,0.9562,3.7577,95.6174,₹25–50L
Tesla,Cybertruck,2023,Performance,56003.28,108.7,392.0,231.2,3.88,192.0,391.0,330.0,AWD,5,Truck,60.0,2669.0,4,3,US,Mid-range,102435,4.04,4,4676273.88,43020.0,0.8383,3.6063,83.8274,₹25–50L
BMW,i3,2025,Standard,75699.03,67.4,240.0,129.0,5.37,172.0,482.0,447.0,FWD,5,Sedan,19.9,1537.0,5,1,Germany,Premium,23009,3.46,6,6320869.0,93781.44,0.3797,3.5608,37.9695,₹50–75L
Tesla,Model S,2025,Premium,102510.62,40.8,150.0,229.2,7.08,140.0,755.0,692.0,AWD,5,Coupe,25.9,1648.0,4,2,US,Luxury,206373,3.59,6,8559636.77,209795.02,0.1752,3.6765,17.5241,₹75–100L
Hyundai,Ioniq,2022,Standard,39241.19,62.3,205.0,97.7,5.35,173.0,416.0,406.0,FWD,5,SUV,51.8,1948.0,5,0,South Korea,Mid-range,50222,3.32,4,3276639.36,52594.53,0.6256,3.2905,62.5641,₹25–50L
GM/Chevrolet,Bolt EUV,2025,Long Range,74596.82,94.2,323.0,59.2,5.24,178.0,1000.0,902.0,AWD,7,Truck,74.1,2456.0,4,0,US,Premium,14842,3.62,5,6228834.47,66123.51,0.5186,3.4289,51.8556,₹50–75L
Tesla,Model S,2024,Performance,62920.59,91.0,352.0,239.9,4.04,184.0,443.0,372.0,RWD,5,Van,71.7,1500.0,4,2,US,Mid-range,248485,4.42,4,5253869.26,57734.83,0.67,3.8681,66.9982,₹50–75L
Kia,EV9,2023,Long Range,62846.87,96.2,339.0,123.1,4.69,186.0,698.0,598.0,FWD,7,SUV,47.0,1905.0,5,0,South Korea,Mid-range,73090,3.76,4,5247713.65,54550.04,0.646,3.5239,64.5996,₹50–75L
BYD,Yuan Plus,2023,Premium,44973.03,70.2,272.0,98.7,6.41,156.0,493.0,472.0,RWD,5,Hatchback,36.3,2102.0,4,1,China,Mid-range,163237,3.63,4,3755248.0,53493.56,0.7243,3.8746,72.432,₹25–50L
Toyota,bZ Compact SUV,2026,Long Range,86892.09,84.1,298.0,115.8,4.23,186.0,1000.0,879.0,FWD,7,SUV,44.6,1924.0,4,1,Japan,Premium,27998,3.62,4,7255489.52,86272.17,0.4107,3.5434,41.0723,₹50–75L
Hyundai,Ioniq 6,2022,Performance,56768.4,117.3,400.0,156.7,3.2,200.0,588.0,539.0,RWD,5,Coupe,29.7,1611.0,5,1,South Korea,Mid-range,141874,4.18,4,4740161.4,40410.58,0.8439,3.4101,84.3853,₹25–50L
Ford,Explorer EV,2022,Long Range,86649.72,78.8,301.0,125.0,5.18,175.0,1000.0,889.0,RWD,5,Truck,74.4,2525.0,5,2,US,Premium,45060,3.95,4,7235251.62,91817.91,0.416,3.8198,41.6019,₹50–75L
Kia,Picanto EV,2023,Performance,84710.91,95.4,364.0,187.7,4.06,192.0,1000.0,925.0,AWD,7,Sedan,29.6,1715.0,4,0,South Korea,Premium,109134,3.67,4,7073360.98,74144.25,0.5146,3.8155,51.4607,₹50–75L
Tesla,Model S,2025,Base,93767.76,58.4,202.0,247.1,7.71,133.0,685.0,615.0,FWD,5,Sedan,38.9,1585.0,4,2,US,Premium,129076,3.36,4,7829607.96,134068.63,0.258,3.4589,25.7995,₹75–100L
BMW,iX,2025,Premium,133858.15,74.7,287.0,88.7,5.3,169.0,1000.0,890.0,AWD,5,SUV,50.4,2012.0,5,1,Germany,Luxury,27376,3.39,8,11177155.52,149627.25,0.2568,3.842,25.6774,₹100–150L
Toyota,bZ4X,2026,Premium,73010.4,55.3,213.0,72.3,6.41,152.0,910.0,807.0,AWD,5,Sedan,17.1,1595.0,4,0,Japan,Premium,9198,3.03,4,6096368.4,110241.74,0.3494,3.8517,34.9388,₹50–75L
Kia,Picanto EV,2026,Long Range,53569.81,105.4,370.0,145.4,5.36,168.0,550.0,484.0,FWD,7,Coupe,23.4,1883.0,5,1,South Korea,Mid-range,112650,3.77,4,4473079.14,42439.08,0.8272,3.5104,82.7171,₹25–50L
Ford,Mustang Mach-E,2023,Standard,61247.58,43.0,150.0,103.3,6.46,145.0,643.0,633.0,RWD,5,Hatchback,34.0,1664.0,4,0,US,Mid-range,76286,3.13,5,5114172.93,118934.25,0.2933,3.4884,29.3303,₹50–75L
Audi,Q4 e-tron,2024,Premium,130055.6,60.1,232.0,124.6,5.56,169.0,1000.0,860.0,AWD,5,Sedan,29.1,1715.0,4,1,Germany,Luxury,44054,3.23,7,10859642.6,180692.89,0.2136,3.8602,21.3635,₹100–150L
BYD,Qin,2022,Premium,39142.51,67.4,236.0,120.8,6.39,159.0,376.0,323.0,FWD,7,Hatchback,20.6,1500.0,3,0,China,Mid-range,143146,3.46,3,3268399.58,48492.58,0.7221,3.5015,72.2066,₹25–50L
BYD,Max,2023,Standard,26581.17,76.3,257.0,72.0,7.24,143.0,211.0,200.0,RWD,5,SUV,35.9,1699.0,5,0,China,Budget,206659,3.36,4,2219527.69,29089.48,1.1579,3.3683,115.7904,<₹25L
Kia,Sportage EV,2023,Performance,92527.86,110.6,404.0,196.5,2.7,200.0,1000.0,936.0,RWD,7,SUV,54.6,2003.0,4,0,South Korea,Premium,118664,3.6,4,7726076.31,69856.02,0.5229,3.6528,52.2904,₹75–100L
Volkswagen,ID. Aero,2022,Long Range,73265.41,102.2,363.0,88.3,4.82,187.0,722.0,624.0,FWD,5,Truck,50.8,2433.0,3,1,Germany,Premium,255210,3.55,4,6117661.74,59859.7,0.5934,3.5519,59.3364,₹50–75L
Mercedes,EQS,2022,Long Range,178840.11,102.1,380.0,97.5,4.62,182.0,1000.0,855.0,AWD,5,Truck,52.1,2548.0,5,1,Germany,Luxury,49341,4.26,6,14933149.18,146260.03,0.2545,3.7218,25.4467,₹100–150L
Audi,Q6 e-tron,2024,Standard,55700.85,69.1,229.0,110.1,5.42,173.0,224.0,200.0,RWD,5,SUV,54.8,2094.0,4,1,Germany,Mid-range,52734,3.21,8,4651020.97,67308.55,0.4924,3.314,49.2365,₹25–50L
BYD,Dolphin,2024,Long Range,75079.65,88.3,299.0,135.6,5.98,157.0,836.0,754.0,FWD,7,Sedan,20.8,1791.0,3,2,China,Premium,149633,3.65,5,6269150.78,70998.31,0.4769,3.3862,47.6939,₹50–75L
BYD,Qin,2022,Base,46766.53,44.5,150.0,53.5,6.3,162.0,484.0,431.0,AWD,5,Sedan,24.2,1500.0,3,1,China,Mid-range,150601,3.18,4,3905005.26,87752.93,0.3841,3.3708,38.4122,₹25–50L
Ford,Mustang Mach-E,2026,Base,43574.22,67.2,237.0,107.9,5.55,159.0,376.0,361.0,RWD,5,SUV,46.9,1834.0,5,2,US,Mid-range,55997,3.06,5,3638447.37,54143.56,0.6514,3.5268,65.1377,₹25–50L
BYD,Leaf 50X,2025,Premium,71227.02,54.5,216.0,96.7,5.05,174.0,851.0,788.0,RWD,5,Sedan,18.6,1500.0,4,0,China,Premium,114165,3.2,3,5947456.17,109127.64,0.3632,3.9633,36.318,₹50–75L
Mercedes,EQS,2024,Base,126359.58,40.6,150.0,112.6,7.47,135.0,711.0,582.0,AWD,5,Coupe,34.7,1760.0,5,1,Germany,Luxury,31657,3.57,6,10551024.93,259877.46,0.1422,3.6946,14.2166,₹100–150L
Volkswagen,ID. Buzz,2021,Long Range,35869.49,82.6,267.0,132.5,5.38,165.0,224.0,235.0,FWD,5,Truck,58.6,2542.0,3,0,Germany,Mid-range,202031,3.79,3,2995102.42,36260.32,0.8915,3.2324,89.1455,₹25–50L
BMW,i4,2025,Standard,84568.67,83.7,285.0,96.2,6.92,143.0,627.0,638.0,RWD,7,Sedan,31.5,1500.0,4,1,Germany,Premium,62828,3.51,5,7061483.94,84366.59,0.4036,3.405,40.3598,₹50–75L
Tesla,Model Y,2023,Base,106611.48,81.1,298.0,228.0,6.34,153.0,834.0,823.0,RWD,5,Hatchback,21.0,1582.0,5,2,US,Luxury,481578,4.09,4,8902058.58,109766.44,0.3348,3.6745,33.4754,₹75–100L
BMW,i4,2024,Performance,82827.92,98.2,348.0,182.7,4.06,195.0,550.0,495.0,AWD,5,Hatchback,35.2,1572.0,4,1,Germany,Premium,59167,3.9,6,6916131.32,70429.04,0.5032,3.5438,50.3171,₹50–75L
Volkswagen,ID.3,2024,Standard,38832.16,66.3,221.0,134.4,7.31,145.0,247.0,221.0,RWD,7,SUV,68.7,1808.0,5,2,Germany,Mid-range,256517,3.43,3,3242485.36,48906.26,0.6816,3.3333,68.1576,₹25–50L
Kia,Niro EV,2025,Performance,52082.5,92.9,337.0,235.5,3.28,200.0,501.0,445.0,RWD,5,Hatchback,33.7,1630.0,5,0,South Korea,Mid-range,99623,3.84,4,4348888.75,46812.58,0.7749,3.6276,77.4911,₹25–50L
Tesla,Cybertruck,2024,Standard,125176.94,68.4,258.0,217.3,6.57,154.0,910.0,830.0,AWD,7,Truck,56.6,2263.0,5,2,US,Luxury,162760,3.82,5,10452274.49,152811.03,0.2468,3.7719,24.6836,₹100–150L
GM/Chevrolet,Blazer EV,2024,Long Range,46760.47,102.4,343.0,59.7,4.0,195.0,478.0,443.0,AWD,5,Coupe,32.2,1592.0,4,0,US,Mid-range,22048,3.73,4,3904499.24,38129.88,0.8785,3.3496,87.8474,₹25–50L
Mercedes,GLE EV,2024,Premium,134953.72,64.8,248.0,76.7,5.51,167.0,801.0,766.0,RWD,7,Van,61.4,1736.0,5,1,Germany,Luxury,76804,3.93,6,11268635.62,173898.7,0.2201,3.8272,22.008,₹100–150L
BYD,Qin,2023,Premium,33832.39,82.8,276.0,148.1,7.96,128.0,343.0,302.0,AWD,7,SUV,67.7,1930.0,4,0,China,Budget,177176,3.68,4,2825004.56,34118.41,0.977,3.3333,97.699,₹25–50L
Tesla,Model S,2021,Premium,143043.08,60.0,222.0,229.1,6.27,153.0,1000.0,781.0,FWD,5,SUV,41.9,2265.0,5,2,US,Luxury,139115,3.55,5,11944097.18,199068.29,0.1859,3.7,18.5866,₹100–150L
Tesla,Model X,2021,Base,66814.08,57.8,194.0,347.5,7.17,136.0,493.0,397.0,AWD,7,Truck,79.2,2428.0,4,2,US,Premium,228985,3.76,6,5578975.68,96522.07,0.3477,3.3564,34.7734,₹50–75L
BMW,iX,2025,Long Range,135695.35,105.1,363.0,94.7,4.24,192.0,1000.0,868.0,AWD,5,Hatchback,33.8,1687.0,4,2,Germany,Luxury,36974,3.78,6,11330561.72,107807.44,0.3204,3.4539,32.0372,₹100–150L
Kia,Niro EV,2025,Premium,65977.95,56.0,198.0,88.6,7.95,130.0,810.0,733.0,RWD,7,Coupe,15.8,1625.0,4,0,South Korea,Premium,91348,3.44,5,5509158.82,98377.84,0.3594,3.5357,35.9402,₹50–75L
Kia,EV6,2026,Premium,95775.65,51.6,194.0,149.5,5.63,155.0,1000.0,870.0,RWD,7,Van,77.7,1877.0,5,1,South Korea,Premium,81075,3.4,4,7997266.78,154985.79,0.2426,3.7597,24.2583,₹75–100L
BYD,Qin,2026,Premium,79542.78,81.1,295.0,110.9,7.2,137.0,912.0,788.0,AWD,7,Van,71.2,1565.0,5,1,China,Premium,153987,3.28,5,6641822.13,81896.7,0.4442,3.6375,44.4155,₹50–75L
Volkswagen,ID.3,2023,Premium,92433.28,70.1,250.0,74.9,5.51,162.0,1000.0,906.0,AWD,5,Coupe,17.8,1765.0,4,2,Germany,Premium,212147,3.39,3,7718178.88,110102.41,0.3239,3.5663,32.3911,₹75–100L
Kia,Niro EV,2024,Long Range,56059.51,98.0,327.0,74.8,5.86,163.0,599.0,511.0,RWD,5,Coupe,20.6,1542.0,5,1,South Korea,Mid-range,117679,3.63,5,4680969.08,47764.99,0.6986,3.3367,69.8573,₹25–50L
Hyundai,Ioniq 5,2024,Standard,60016.36,71.0,273.0,53.0,5.77,164.0,706.0,655.0,AWD,5,Coupe,31.0,1925.0,5,0,South Korea,Mid-range,80671,3.31,3,5011366.06,70582.62,0.5448,3.8451,54.4762,₹50–75L
Porsche,Macan Electric,2024,Premium,184202.43,79.3,290.0,299.2,5.84,154.0,1000.0,849.0,AWD,7,Coupe,20.4,1714.0,5,1,Germany,Luxury,14726,3.66,6,15380902.9,193958.42,0.1885,3.657,18.8545,₹150–200L
Tesla,Cybertruck,2022,Performance,57537.68,103.2,386.0,238.5,3.15,199.0,393.0,380.0,FWD,5,Truck,55.4,2484.0,5,3,US,Mid-range,194936,4.06,6,4804396.28,46554.23,0.8034,3.7403,80.3431,₹25–50L
GM/Chevrolet,Bolt EV,2021,Performance,47454.86,102.7,354.0,232.6,2.76,200.0,521.0,455.0,FWD,5,Van,77.5,1612.0,4,0,US,Mid-range,7468,3.83,3,3962480.81,38583.07,0.8934,3.4469,89.338,₹25–50L
Volkswagen,ID.5,2024,Long Range,52456.57,106.8,377.0,127.6,4.43,177.0,470.0,420.0,RWD,5,SUV,64.1,1885.0,4,0,Germany,Mid-range,214608,3.82,4,4380123.6,41012.39,0.8607,3.53,86.0706,₹25–50L
Volkswagen,ID.5,2022,Base,27966.77,59.8,195.0,146.4,5.04,172.0,150.0,200.0,AWD,7,Sedan,31.0,1750.0,5,1,Germany,Budget,258777,3.29,3,2335225.3,39050.59,0.835,3.2609,83.5037,<₹25L
GM/Chevrolet,Equinox EV,2021,Long Range,61755.21,79.1,270.0,148.6,5.83,165.0,846.0,793.0,FWD,5,SUV,47.3,2033.0,5,1,US,Mid-range,9557,3.66,3,5156560.04,65190.39,0.5236,3.4134,52.3605,₹50–75L
GM/Chevrolet,Bolt EUV,2025,Standard,36433.27,44.4,150.0,74.5,5.63,161.0,349.0,331.0,FWD,5,Hatchback,23.6,1500.0,5,0,US,Mid-range,27128,3.23,3,3042178.04,68517.52,0.4931,3.3784,49.3068,₹25–50L
Volvo,XC40 Recharge,2026,Performance,111533.26,116.5,422.0,153.5,2.98,200.0,1000.0,882.0,AWD,5,SUV,54.6,1917.0,4,1,Sweden,Luxury,29548,3.71,5,9313027.21,79940.15,0.4531,3.6223,45.3129,₹75–100L
Tesla,Model S,2026,Standard,81673.28,69.3,252.0,299.0,6.12,153.0,595.0,529.0,AWD,5,SUV,69.8,2107.0,4,2,US,Premium,117880,3.75,6,6819718.88,98408.64,0.3695,3.6364,36.9517,₹50–75L
Tesla,Cybertruck,2026,Base,55329.7,56.6,217.0,328.7,6.63,151.0,378.0,320.0,RWD,7,Truck,69.8,2635.0,4,2,US,Mid-range,211999,3.34,5,4620029.95,81625.97,0.4697,3.8339,46.9694,₹25–50L
GM/Chevrolet,Equinox EV,2025,Long Range,49790.46,91.9,322.0,83.7,4.58,180.0,538.0,549.0,RWD,5,SUV,67.4,2327.0,5,2,US,Mid-range,29595,3.76,4,4157503.41,45239.43,0.7745,3.5038,77.4503,₹25–50L
Kia,Niro EV,2024,Long Range,82833.74,107.6,375.0,81.5,4.71,173.0,1000.0,897.0,AWD,5,Truck,70.0,2631.0,4,0,South Korea,Premium,98307,3.67,5,6916617.29,64280.83,0.5422,3.4851,54.2173,₹50–75L
BYD,Dolphin,2024,Premium,104505.82,41.7,159.0,125.5,6.37,153.0,1000.0,919.0,FWD,5,Hatchback,19.9,1790.0,5,1,China,Luxury,111020,3.1,4,8726235.97,209262.25,0.1822,3.8129,18.2209,₹75–100L
Tesla,Model Y,2022,Long Range,45169.5,98.8,340.0,234.2,5.08,170.0,274.0,233.0,RWD,5,Van,71.7,1563.0,4,2,US,Mid-range,416114,4.22,5,3771653.25,38174.63,0.9015,3.4413,90.1461,₹25–50L
Tesla,Model S,2025,Premium,135056.97,63.0,231.0,263.4,7.57,135.0,1000.0,916.0,RWD,7,SUV,36.8,2017.0,5,3,US,Luxury,107596,3.88,5,11277257.0,179004.08,0.2048,3.6667,20.4837,₹100–150L
Audi,Q6 e-tron,2026,Performance,79000.66,102.5,355.0,167.1,2.94,200.0,441.0,398.0,AWD,7,Coupe,34.9,1660.0,5,2,Germany,Premium,72672,4.03,7,6596555.11,64356.64,0.5382,3.4634,53.816,₹50–75L
Tesla,Model 3,2025,Base,50205.39,40.3,150.0,296.4,5.86,169.0,355.0,293.0,FWD,5,Van,68.2,1641.0,3,3,US,Mid-range,169041,3.2,4,4192150.06,104023.57,0.3578,3.7221,35.7812,₹25–50L
BYD,Max,2025,Base,24481.15,41.9,150.0,94.6,7.37,137.0,236.0,200.0,AWD,5,Sedan,17.4,1500.0,3,1,China,Budget,176238,3.06,3,2044176.02,48787.02,0.7338,3.58,73.3792,<₹25L
BYD,Dolphin,2024,Long Range,51538.03,99.3,365.0,74.4,4.53,175.0,546.0,469.0,FWD,7,SUV,55.2,1948.0,5,2,China,Mid-range,188274,3.73,4,4303425.5,43337.62,0.8482,3.6757,84.8162,₹25–50L
BYD,Atto 3,2024,Base,19083.54,44.4,151.0,90.6,7.76,141.0,150.0,200.0,AWD,7,Truck,59.3,2431.0,4,0,China,Budget,216310,3.28,3,1593475.59,35889.09,0.9476,3.4009,94.7614,<₹25L
Tesla,Model Y,2024,Performance,37255.18,113.7,383.0,346.6,2.62,200.0,272.0,218.0,RWD,7,SUV,62.3,1904.0,5,2,US,Mid-range,451073,4.23,5,3110807.53,27359.78,1.2312,3.3685,123.1192,₹25–50L
Hyundai,Ioniq,2022,Base,28093.63,47.2,167.0,85.3,7.79,139.0,150.0,200.0,RWD,7,Van,68.5,1572.0,3,0,South Korea,Budget,119899,3.25,4,2345818.1,49699.54,0.7119,3.5381,71.1905,<₹25L
Tesla,Cybertruck,2025,Base,88007.74,64.2,223.0,282.7,5.25,171.0,578.0,464.0,FWD,5,Truck,56.1,2585.0,4,2,US,Premium,102752,3.5,6,7348646.29,114464.9,0.3035,3.4735,30.3457,₹50–75L
Ford,Explorer EV,2025,Performance,75193.9,76.1,227.0,192.0,3.26,193.0,849.0,764.0,AWD,5,Sedan,38.2,1687.0,4,1,US,Premium,31804,3.45,3,6278690.65,82505.79,0.3615,2.9829,36.154,₹50–75L
BYD,Yuan Plus,2026,Standard,90374.6,57.6,191.0,101.5,6.82,145.0,944.0,832.0,AWD,5,Hatchback,19.7,1540.0,5,0,China,Premium,232416,3.5,4,7546279.1,131011.79,0.2531,3.316,25.3105,₹75–100L
Kia,Niro EV,2025,Performance,111745.56,82.5,289.0,172.9,4.1,183.0,1000.0,855.0,FWD,7,Truck,72.1,2484.0,4,0,South Korea,Luxury,96875,3.43,3,9330754.26,113100.05,0.3097,3.503,30.9728,₹75–100L
Audi,Q4 e-tron,2022,Premium,144615.75,49.5,161.0,72.5,6.0,152.0,1000.0,883.0,AWD,5,SUV,56.2,2232.0,5,2,Germany,Luxury,57074,3.06,6,12075415.12,243947.78,0.1333,3.2525,13.3329,₹100–150L
BMW,i5,2025,Standard,69328.91,57.6,225.0,75.8,7.24,142.0,351.0,366.0,RWD,5,SUV,39.0,2137.0,5,1,Germany,Premium,73975,3.26,8,5788963.98,100502.85,0.3887,3.9062,38.8671,₹50–75L
Hyundai,Ioniq 5,2022,Premium,39046.61,54.4,178.0,104.9,6.75,148.0,312.0,289.0,AWD,7,Coupe,19.3,1718.0,4,1,South Korea,Mid-range,57836,3.14,3,3260391.94,59933.68,0.5459,3.2721,54.5947,₹25–50L
BYD,Seagull,2025,Long Range,79832.09,92.0,328.0,103.3,5.19,171.0,875.0,790.0,FWD,7,SUV,70.0,2024.0,5,0,China,Premium,242291,3.55,4,6665979.52,72456.3,0.4921,3.5652,49.2051,₹50–75L
BYD,Seagull,2024,Premium,51226.67,79.6,271.0,64.5,5.31,167.0,544.0,486.0,AWD,7,Sedan,38.7,1756.0,5,2,China,Mid-range,143773,3.5,4,4277426.94,53736.52,0.6336,3.4045,63.3558,₹25–50L
BMW,i5,2024,Standard,70389.46,59.8,217.0,138.4,6.79,142.0,464.0,410.0,RWD,5,Coupe,19.9,1815.0,5,2,Germany,Premium,76685,3.38,5,5877519.91,98286.29,0.3692,3.6288,36.9203,₹50–75L
Volvo,XC90 Recharge,2022,Performance,90661.21,108.4,396.0,234.5,2.53,200.0,807.0,735.0,AWD,5,SUV,56.2,2143.0,5,0,Sweden,Premium,15699,3.68,5,7570211.04,69835.9,0.5231,3.6531,52.3103,₹75–100L
BMW,i7,2022,Performance,154009.88,79.0,275.0,162.1,4.46,180.0,1000.0,888.0,AWD,5,Coupe,33.0,1842.0,4,1,Germany,Luxury,26663,3.51,7,12859824.98,162782.59,0.2138,3.481,21.3844,₹100–150L
Kia,EV6,2025,Premium,61993.33,49.9,183.0,110.9,5.72,168.0,677.0,582.0,AWD,5,Sedan,34.6,1566.0,4,2,South Korea,Mid-range,65237,3.14,4,5176443.06,103736.33,0.3535,3.6673,35.3525,₹50–75L
GM/Chevrolet,Blazer EV,2025,Long Range,34424.61,103.6,370.0,71.7,5.72,163.0,285.0,250.0,RWD,5,Sedan,27.9,1690.0,4,1,US,Budget,20827,3.59,4,2874454.94,27745.7,1.2872,3.5714,128.7201,₹25–50L
Hyundai,Kona Electric,2025,Standard,53515.28,50.9,176.0,58.7,6.74,147.0,628.0,566.0,AWD,5,Hatchback,39.8,1607.0,5,1,South Korea,Mid-range,93480,3.41,4,4468525.88,87790.29,0.3939,3.4578,39.3866,₹25–50L
Tesla,Model S,2026,Long Range,127635.34,105.5,384.0,265.1,4.6,176.0,950.0,859.0,FWD,7,SUV,63.1,2140.0,5,2,US,Luxury,158325,4.24,5,10657550.89,101019.44,0.3603,3.6398,36.0308,₹100–150L
Kia,EV6,2024,Standard,31230.72,71.7,250.0,103.9,5.73,164.0,204.0,200.0,RWD,5,Sedan,25.8,1615.0,5,0,South Korea,Budget,74025,3.37,4,2607765.12,36370.5,0.9587,3.4868,95.8675,₹25–50L
Toyota,bZ4X,2025,Standard,46568.71,69.2,216.0,84.7,5.33,165.0,417.0,358.0,FWD,5,SUV,58.3,2099.0,5,0,Japan,Mid-range,1982,3.52,4,3888487.28,56192.01,0.5555,3.1214,55.5486,₹25–50L
Tesla,Model X,2025,Base,95625.9,64.1,229.0,299.1,7.66,138.0,681.0,637.0,RWD,5,Coupe,21.1,1896.0,5,2,US,Premium,233990,3.63,5,7984762.65,124567.28,0.2868,3.5725,28.6796,₹75–100L
BMW,i7,2022,Premium,116700.28,62.9,213.0,66.7,7.34,146.0,1000.0,869.0,RWD,5,Van,65.0,1527.0,5,2,Germany,Luxury,29505,3.78,5,9744473.38,154920.09,0.2186,3.3863,21.8585,₹75–100L
Tesla,Cybertruck,2022,Long Range,88720.74,92.2,341.0,247.8,4.93,175.0,616.0,532.0,FWD,5,Truck,55.6,2380.0,4,3,US,Premium,226922,4.02,5,7408181.79,80349.04,0.4603,3.6985,46.0302,₹50–75L
Hyundai,Ioniq 5,2026,Standard,59666.31,75.5,262.0,93.8,7.01,147.0,716.0,656.0,AWD,5,Sedan,15.7,1500.0,4,1,South Korea,Mid-range,130091,3.79,5,4982136.88,65988.57,0.5259,3.4702,52.5879,₹25–50L
Tesla,Cybertruck,2024,Premium,148667.6,71.3,250.0,253.6,7.89,135.0,1000.0,901.0,AWD,5,Truck,72.1,2309.0,5,2,US,Luxury,117109,3.79,4,12413744.6,174105.81,0.2014,3.5063,20.139,₹100–150L
Volkswagen,ID. Buzz,2025,Standard,48208.86,79.0,288.0,120.9,6.74,152.0,425.0,364.0,FWD,5,Sedan,28.2,1783.0,5,1,Germany,Mid-range,272524,3.48,3,4025439.81,50954.93,0.7154,3.6456,71.545,₹25–50L
GM/Chevrolet,Bolt EV,2021,Base,57965.58,67.0,237.0,86.4,6.45,159.0,732.0,664.0,RWD,5,Van,72.8,1500.0,4,1,US,Mid-range,3168,3.49,4,4840125.93,72240.69,0.4897,3.5373,48.9657,₹25–50L
BYD,Yuan Plus,2026,Long Range,92189.49,91.2,317.0,118.6,4.09,188.0,1000.0,956.0,FWD,7,Coupe,30.8,1766.0,4,2,China,Premium,158795,3.92,3,7697822.42,84405.95,0.4118,3.4759,41.1805,₹75–100L
BMW,i5,2020,Standard,94185.6,41.2,150.0,123.8,5.94,159.0,691.0,651.0,AWD,7,Coupe,38.9,1511.0,4,1,Germany,Premium,43577,3.37,8,7864497.6,190885.86,0.1907,3.6408,19.0731,₹75–100L
Ford,Mustang Mach-E,2024,Base,38196.95,78.2,261.0,60.0,5.44,160.0,270.0,204.0,FWD,5,Hatchback,15.1,1500.0,5,0,US,Mid-range,25281,3.55,4,3189445.32,40785.75,0.8183,3.3376,81.8324,₹25–50L
Rivian,R2,2020,Standard,74902.51,63.7,219.0,64.2,7.08,142.0,335.0,333.0,RWD,5,Coupe,29.5,1679.0,4,1,US,Premium,16890,3.32,5,6254359.58,98184.61,0.3502,3.438,35.0156,₹50–75L
BYD,Leaf 50X,2024,Long Range,77872.95,95.8,343.0,83.8,5.67,164.0,907.0,801.0,RWD,5,SUV,46.6,2029.0,4,0,China,Premium,152424,3.65,3,6502391.32,67874.65,0.5275,3.5804,52.7498,₹50–75L
Volkswagen,ID.4,2025,Standard,76084.88,51.2,165.0,65.3,6.3,149.0,816.0,711.0,FWD,5,Hatchback,34.2,1500.0,4,1,Germany,Premium,264457,3.12,3,6353087.48,124083.74,0.2597,3.2227,25.9716,₹50–75L
Tesla,Model X,2023,Base,55932.63,59.8,209.0,224.1,5.74,155.0,364.0,340.0,RWD,5,SUV,46.3,2166.0,3,3,US,Mid-range,183636,3.65,5,4670374.6,78099.91,0.4475,3.495,44.7502,₹25–50L
Volvo,C40 Recharge,2022,Base,45992.59,83.4,291.0,142.4,5.51,175.0,167.0,200.0,RWD,7,Hatchback,17.8,1500.0,5,0,Sweden,Mid-range,3048,3.39,4,3840381.26,46047.74,0.7577,3.4892,75.7737,₹25–50L
Rivian,R1T,2020,Base,64055.95,77.9,280.0,141.4,7.73,136.0,150.0,200.0,FWD,2,Truck,67.6,2714.0,5,0,US,Mid-range,12678,3.7,4,5348671.82,68660.74,0.5235,3.5944,52.3494,₹50–75L
Kia,EV9,2025,Long Range,39329.81,94.0,300.0,148.7,4.14,189.0,276.0,263.0,AWD,7,SUV,51.9,2029.0,5,0,South Korea,Mid-range,139592,3.62,4,3284039.14,34936.59,0.9135,3.1915,91.3509,₹25–50L
Mercedes,EQS,2024,Premium,200859.77,65.8,222.0,145.6,5.04,178.0,1000.0,880.0,RWD,5,Hatchback,39.6,1543.0,5,1,Germany,Luxury,50870,3.8,7,16771790.8,254890.44,0.1324,3.3739,13.2365,₹150–200L
Hyundai,Kona Electric,2025,Performance,83020.49,119.5,412.0,183.5,4.27,188.0,1000.0,914.0,RWD,5,Sedan,39.7,1500.0,4,0,South Korea,Premium,65013,3.72,4,6932210.92,58010.13,0.5943,3.4477,59.4327,₹50–75L
BMW,i7,2023,Long Range,131127.44,88.4,275.0,70.5,4.88,175.0,1000.0,893.0,RWD,7,Van,68.7,1543.0,4,2,Germany,Luxury,49932,3.32,7,10949141.24,123859.06,0.2512,3.1109,25.1161,₹100–150L
Tesla,Model Y,2023,Long Range,63692.69,107.7,357.0,240.9,4.17,188.0,446.0,387.0,FWD,7,Van,75.1,1500.0,3,3,US,Mid-range,462962,4.05,4,5318339.62,49381.05,0.6713,3.3148,67.1262,₹50–75L
GM/Chevrolet,Bolt EV,2025,Long Range,37683.39,98.3,363.0,60.9,5.89,166.0,410.0,390.0,AWD,7,Truck,71.9,2310.0,4,2,US,Mid-range,20559,3.37,4,3146563.06,32009.8,1.1536,3.6928,115.364,₹25–50L
Tesla,Model Y,2025,Premium,40474.28,53.8,163.0,301.5,6.49,148.0,226.0,200.0,RWD,5,SUV,53.5,2239.0,4,2,US,Mid-range,484636,3.69,5,3379602.38,62817.89,0.4823,3.0297,48.2305,₹25–50L
Mercedes,EQS,2024,Base,111876.0,48.8,150.0,52.4,6.45,153.0,558.0,450.0,AWD,7,Sedan,38.7,1698.0,4,1,Germany,Luxury,36359,3.55,8,9341646.0,191427.17,0.1606,3.0738,16.0571,₹75–100L
Ford,F-150 Lightning,2024,Performance,106766.97,109.9,376.0,166.2,3.18,200.0,1000.0,895.0,AWD,2,Truck,77.4,2776.0,4,1,US,Luxury,44309,3.77,3,8915041.99,81119.58,0.4218,3.4213,42.1759,₹75–100L
GM/Chevrolet,Bolt EUV,2025,Premium,47998.86,60.9,202.0,96.1,5.42,159.0,551.0,486.0,AWD,7,Van,70.8,1527.0,5,0,US,Mid-range,2175,3.23,4,4007904.81,65811.24,0.504,3.3169,50.4004,₹25–50L
Tesla,Model X,2024,Base,78351.88,83.5,303.0,324.6,6.81,152.0,546.0,448.0,FWD,5,Truck,54.1,2584.0,5,2,US,Premium,135414,3.99,4,6542381.98,78351.88,0.4631,3.6287,46.3134,₹50–75L
BYD,Qin,2025,Premium,101756.01,70.7,259.0,71.7,7.72,139.0,1000.0,893.0,RWD,5,Coupe,39.2,1710.0,5,0,China,Luxury,207780,3.62,3,8496626.83,120178.6,0.3048,3.6634,30.4827,₹75–100L
BYD,Yuan Plus,2021,Performance,36438.81,91.3,319.0,202.3,3.74,192.0,418.0,410.0,AWD,5,Coupe,29.8,1516.0,4,0,China,Mid-range,110969,3.76,4,3042640.64,33325.75,1.0484,3.494,104.8431,₹25–50L
Volkswagen,ID.4,2024,Standard,45113.98,80.8,294.0,94.5,7.15,140.0,373.0,306.0,RWD,7,Sedan,21.5,1516.0,4,0,Germany,Mid-range,248569,3.75,4,3767017.33,46621.5,0.7805,3.6386,78.0458,₹25–50L
Tesla,Model Y,2024,Base,117810.94,78.1,253.0,210.7,5.7,162.0,847.0,781.0,AWD,5,Coupe,25.0,1774.0,4,2,US,Luxury,402141,4.01,5,9837213.49,125956.64,0.2572,3.2394,25.7187,₹75–100L
NIO,EC6,2022,Standard,64086.32,52.7,161.0,59.1,5.34,169.0,491.0,423.0,AWD,5,SUV,50.8,2057.0,5,2,China,Mid-range,19395,3.46,4,5351207.72,101540.94,0.3009,3.055,30.0867,₹50–75L
Kia,Niro EV,2026,Performance,71757.16,96.0,336.0,236.2,4.45,181.0,816.0,742.0,AWD,5,Truck,67.5,2916.0,5,0,South Korea,Premium,123775,3.66,3,5991722.86,62413.78,0.5608,3.5,56.0774,₹50–75L
BYD,Max,2026,Performance,71385.39,109.6,380.0,150.6,4.08,193.0,830.0,743.0,AWD,5,Coupe,20.6,1527.0,4,0,China,Premium,234079,3.75,4,5960680.06,54385.77,0.6375,3.4672,63.7511,₹50–75L
Volkswagen,ID. Aero,2023,Performance,82345.29,78.4,276.0,162.1,2.61,200.0,961.0,853.0,RWD,7,Hatchback,27.1,1677.0,4,2,Germany,Premium,291745,3.72,4,6875831.72,87701.94,0.4014,3.5204,40.1406,₹50–75L
Volkswagen,ID.4,2024,Long Range,69646.08,82.9,303.0,106.8,5.02,175.0,708.0,650.0,RWD,5,Coupe,25.2,1500.0,4,0,Germany,Premium,292447,3.87,3,5815447.68,70150.15,0.521,3.655,52.1026,₹50–75L
Kia,Niro EV,2023,Performance,59632.87,90.3,325.0,160.4,3.84,196.0,682.0,638.0,AWD,5,Coupe,20.8,1529.0,5,0,South Korea,Mid-range,97616,3.74,4,4979344.65,55142.24,0.6527,3.5991,65.2696,₹25–50L
Hyundai,Ioniq,2024,Performance,44796.76,104.6,359.0,167.5,2.56,200.0,395.0,380.0,AWD,5,Sedan,39.3,1500.0,5,1,South Korea,Mid-range,113793,4.03,4,3740529.46,35760.32,0.9598,3.4321,95.9757,₹25–50L
Rivian,R3,2025,Standard,79722.65,80.9,261.0,102.2,5.1,173.0,649.0,596.0,AWD,7,SUV,53.8,2018.0,5,2,US,Premium,28225,3.26,5,6656841.28,82284.81,0.3921,3.2262,39.2078,₹50–75L
Hyundai,Ioniq 5,2025,Premium,65433.15,41.9,150.0,54.9,5.06,179.0,785.0,710.0,AWD,7,Sedan,32.3,1506.0,5,2,South Korea,Premium,78985,3.32,5,5463668.02,130397.8,0.2745,3.58,27.4541,₹50–75L
Volvo,XC90 Recharge,2024,Standard,75390.6,43.1,156.0,72.8,6.98,135.0,591.0,512.0,RWD,5,Van,72.6,1623.0,5,2,Sweden,Premium,16760,3.31,5,6295115.1,146058.35,0.2478,3.6195,24.7811,₹50–75L
Mercedes,EQG,2024,Long Range,95795.03,93.8,354.0,136.1,4.61,177.0,477.0,445.0,AWD,7,Truck,70.2,2380.0,3,1,Germany,Premium,37523,4.16,6,7998885.0,85275.96,0.4426,3.774,44.2562,₹75–100L
BYD,Yuan Plus,2024,Long Range,65610.36,86.2,270.0,67.6,5.11,176.0,724.0,637.0,FWD,5,Hatchback,18.9,1677.0,5,0,China,Premium,239905,3.59,4,5478465.06,63555.28,0.4928,3.1323,49.2839,₹50–75L
Rivian,R1S,2024,Standard,85223.91,55.2,206.0,65.2,7.32,146.0,972.0,858.0,RWD,7,Coupe,30.1,1500.0,5,1,US,Premium,18207,3.15,4,7116196.48,128916.6,0.2895,3.7319,28.948,₹50–75L
Tesla,Model S,2026,Performance,173601.0,82.0,301.0,340.2,4.49,184.0,1000.0,901.0,RWD,7,Truck,65.9,2374.0,4,2,US,Luxury,192234,3.86,4,14495683.5,176776.63,0.2076,3.6707,20.7648,₹100–150L
Ford,Explorer EV,2024,Long Range,93391.97,96.9,328.0,111.1,4.62,188.0,1000.0,877.0,RWD,5,Van,79.7,1566.0,4,2,US,Premium,53055,3.46,4,7798229.5,80477.08,0.4206,3.3849,42.0608,₹75–100L
Volkswagen,ID.5,2025,Standard,60858.6,63.9,242.0,79.9,5.77,165.0,619.0,583.0,AWD,5,Sedan,29.0,1783.0,4,0,Germany,Mid-range,280770,3.65,3,5081693.1,79525.71,0.4762,3.7872,47.6219,₹50–75L
Audi,Q6 e-tron,2024,Base,68629.02,66.7,254.0,132.2,5.48,173.0,359.0,342.0,RWD,5,Sedan,32.4,1555.0,5,1,Germany,Premium,32172,3.58,6,5730523.17,85914.89,0.4432,3.8081,44.3241,₹50–75L
Mercedes,EQG,2025,Premium,128362.44,46.9,168.0,115.3,7.18,141.0,668.0,576.0,AWD,5,Coupe,25.4,1630.0,4,1,Germany,Luxury,79528,3.66,8,10718263.74,228534.41,0.1567,3.5821,15.6742,₹100–150L
Ford,E-Transit,2024,Performance,115288.59,81.6,287.0,180.5,3.85,191.0,1000.0,926.0,AWD,7,Hatchback,16.7,1500.0,5,0,US,Luxury,28651,3.57,3,9626597.26,117973.01,0.2981,3.5172,29.8132,₹75–100L
Ford,Explorer EV,2021,Premium,97933.8,43.7,150.0,66.6,7.65,142.0,1000.0,911.0,RWD,5,SUV,54.5,1826.0,4,0,US,Premium,45842,3.05,4,8177472.3,187127.51,0.1834,3.4325,18.3431,₹75–100L
BYD,Yuan Plus,2024,Standard,42922.38,65.7,235.0,137.2,6.4,155.0,444.0,426.0,RWD,7,Van,64.8,1633.0,5,0,China,Mid-range,109861,3.54,5,3584018.73,54551.27,0.6557,3.5769,65.5689,₹25–50L
Tesla,Model 3,2025,Standard,103423.57,67.2,226.0,261.9,6.82,149.0,760.0,704.0,AWD,7,Hatchback,21.0,1500.0,5,2,US,Luxury,136780,3.7,4,8635868.1,128509.94,0.2617,3.3631,26.1699,₹75–100L
Volkswagen,ID.3,2025,Long Range,46681.91,83.1,285.0,117.4,5.0,181.0,391.0,288.0,RWD,5,Coupe,16.8,1552.0,5,0,Germany,Mid-range,243592,3.37,5,3897939.49,46906.61,0.7312,3.4296,73.1156,₹25–50L
Tesla,Model Y,2025,Base,38868.67,48.0,150.0,335.5,5.15,171.0,305.0,320.0,AWD,7,Coupe,33.1,1522.0,4,2,US,Mid-range,420151,3.64,4,3245533.94,67615.29,0.4622,3.125,46.2174,₹25–50L
GM/Chevrolet,Bolt EV,2023,Performance,39441.22,70.4,238.0,153.9,3.84,192.0,376.0,363.0,RWD,5,Coupe,25.0,1534.0,3,0,US,Mid-range,9783,3.17,5,3293341.87,46780.42,0.7227,3.3807,72.267,₹25–50L
BYD,Seagull,2025,Standard,53845.68,43.7,161.0,140.0,7.79,125.0,606.0,573.0,AWD,7,Hatchback,18.1,1522.0,4,1,China,Mid-range,196975,3.39,4,4496114.28,102885.91,0.3581,3.6842,35.8087,₹25–50L
Lucid,Air,2024,Performance,156097.02,97.8,351.0,293.5,3.51,196.0,687.0,578.0,RWD,5,SUV,54.5,2233.0,4,1,US,Luxury,13230,3.53,5,13034101.17,133273.02,0.2693,3.589,26.9294,₹100–150L
BMW,i3,2024,Performance,130176.15,89.9,326.0,244.3,2.77,200.0,1000.0,942.0,FWD,7,Van,75.6,1584.0,4,1,Germany,Luxury,59392,3.8,5,10869708.52,120908.88,0.2999,3.6263,29.9916,₹100–150L
Mercedes,EQG,2025,Premium,153235.91,48.7,182.0,123.0,7.52,133.0,973.0,889.0,RWD,7,Sedan,21.0,1585.0,5,2,Germany,Luxury,44720,3.56,7,12795198.48,262735.08,0.1422,3.7372,14.2241,₹100–150L
Tesla,Model X,2025,Premium,60275.05,61.4,220.0,267.6,7.92,143.0,423.0,399.0,AWD,7,SUV,69.8,1918.0,4,3,US,Mid-range,226355,3.72,6,5032966.68,81970.14,0.4371,3.5831,43.7118,₹50–75L
Mercedes,EQC,2025,Premium,202973.51,74.1,259.0,51.6,6.56,152.0,1000.0,877.0,AWD,7,Sedan,16.9,1500.0,5,1,Germany,Luxury,22987,3.81,8,16948288.08,228721.84,0.1528,3.4953,15.2818,₹150–200L
Rivian,R2,2021,Performance,113614.29,108.1,387.0,198.9,2.76,200.0,1000.0,887.0,AWD,5,Hatchback,17.5,1500.0,5,2,US,Luxury,4505,3.89,5,9486793.22,87759.42,0.4079,3.58,40.7936,₹75–100L
Hyundai,Ioniq 6,2024,Performance,77513.92,107.4,368.0,161.1,4.37,187.0,989.0,891.0,AWD,5,Hatchback,28.0,1500.0,4,1,South Korea,Premium,71992,4.07,4,6472412.32,60264.55,0.5686,3.4264,56.8567,₹50–75L
Kia,Sportage EV,2023,Base,47384.85,55.2,193.0,52.3,5.67,168.0,503.0,431.0,FWD,7,SUV,64.0,2270.0,4,2,South Korea,Mid-range,57685,3.6,4,3956634.98,71678.17,0.4878,3.4964,48.7788,₹25–50L
Ford,Explorer EV,2025,Long Range,69671.76,106.4,373.0,81.6,5.59,161.0,749.0,594.0,AWD,5,Coupe,16.5,1592.0,5,0,US,Premium,49288,3.95,4,5817591.96,54676.62,0.6412,3.5056,64.1159,₹50–75L
Tesla,Cybertruck,2024,Premium,110128.5,50.3,163.0,313.5,6.16,163.0,829.0,855.0,RWD,5,Truck,78.2,2528.0,5,2,US,Luxury,212436,3.54,6,9195729.75,182817.69,0.1773,3.2406,17.7256,₹75–100L
Hyundai,Ioniq 5,2025,Standard,63434.69,78.0,279.0,86.0,7.89,124.0,770.0,690.0,RWD,7,Truck,67.4,2434.0,5,0,South Korea,Mid-range,133046,3.73,4,5296796.62,67907.65,0.5267,3.5769,52.6733,₹50–75L
Volkswagen,ID. Aero,2022,Long Range,60508.93,105.5,362.0,110.2,5.38,171.0,611.0,632.0,AWD,5,Coupe,26.4,1710.0,5,0,Germany,Mid-range,222081,3.78,5,5052495.66,47890.95,0.7165,3.4313,71.6478,₹50–75L
Tesla,Model X,2023,Performance,111766.84,104.9,361.0,297.9,3.31,200.0,782.0,741.0,AWD,7,Hatchback,24.6,1774.0,4,2,US,Luxury,176852,4.05,5,9332531.14,88965.98,0.3868,3.4414,38.6819,₹75–100L
Volkswagen,ID.5,2025,Long Range,101757.37,83.1,278.0,142.8,4.8,176.0,1000.0,893.0,FWD,5,Sedan,39.7,1868.0,4,0,Germany,Luxury,269645,3.59,5,8496740.4,102247.18,0.3272,3.3454,32.7184,₹75–100L
Tesla,Model X,2021,Premium,118010.78,64.7,229.0,346.2,6.89,141.0,897.0,801.0,AWD,5,Hatchback,23.8,1554.0,4,3,US,Luxury,177339,3.7,5,9853900.13,152301.39,0.2324,3.5394,23.2395,₹75–100L
Tesla,Model X,2024,Premium,80831.47,71.2,278.0,254.0,5.58,169.0,563.0,540.0,RWD,5,Hatchback,33.4,1546.0,4,3,US,Premium,202000,3.76,5,6749427.74,94795.33,0.4119,3.9045,41.1887,₹50–75L
Tesla,Model X,2021,Long Range,118192.05,92.9,329.0,280.7,5.55,162.0,844.0,742.0,AWD,5,Coupe,18.7,1733.0,5,2,US,Luxury,123098,3.96,5,9869036.18,106232.9,0.3334,3.5414,33.3366,₹75–100L
Toyota,bZ4X,2025,Standard,48846.72,75.4,274.0,136.8,6.03,159.0,399.0,387.0,AWD,7,Coupe,20.1,1542.0,5,0,Japan,Mid-range,21759,3.51,5,4078701.12,54094.18,0.6718,3.634,67.1782,₹25–50L
Kia,EV6,2023,Premium,82403.5,78.6,288.0,121.4,6.15,151.0,1000.0,942.0,FWD,7,Van,76.2,1788.0,4,0,South Korea,Premium,95064,3.74,4,6880692.25,87540.61,0.4186,3.6641,41.8563,₹50–75L
Fisker,Ronin,2024,Base,85586.47,57.3,200.0,132.1,6.4,160.0,703.0,630.0,FWD,7,SUV,55.4,1923.0,4,1,US,Premium,25585,3.16,4,7146470.24,124720.25,0.2799,3.4904,27.9858,₹50–75L
Volkswagen,ID.3,2024,Performance,53590.91,74.7,258.0,203.2,2.73,200.0,504.0,466.0,RWD,5,Coupe,39.9,1653.0,3,1,Germany,Mid-range,209815,3.08,5,4474840.99,59904.16,0.5766,3.4538,57.6557,₹25–50L
BYD,Qin,2022,Standard,70030.57,41.8,150.0,149.7,7.64,133.0,743.0,623.0,FWD,7,Hatchback,18.7,1558.0,3,1,China,Premium,187796,3.45,4,5847552.6,139893.6,0.2565,3.5885,25.6518,₹50–75L
Hyundai,i30,2024,Standard,31256.77,68.1,218.0,145.7,7.74,136.0,233.0,200.0,RWD,5,Truck,72.8,2029.0,4,0,South Korea,Budget,83425,3.35,4,2609940.3,38325.11,0.8353,3.2012,83.5268,₹25–50L
Volkswagen,ID. Aero,2022,Performance,77144.75,109.8,367.0,177.7,2.66,200.0,840.0,732.0,RWD,7,Coupe,21.9,1500.0,5,1,Germany,Premium,280321,3.69,5,6441586.62,58666.54,0.5697,3.3424,56.9735,₹50–75L
Tesla,Model 3,2025,Performance,133323.67,89.5,316.0,268.1,2.52,200.0,963.0,873.0,AWD,7,Hatchback,22.8,1570.0,4,2,US,Luxury,119703,4.02,6,11132526.44,124385.77,0.2839,3.5307,28.3853,₹100–150L
BMW,i3,2025,Standard,61490.61,40.3,150.0,81.5,7.4,144.0,292.0,228.0,RWD,7,Coupe,34.1,1500.0,4,1,Germany,Mid-range,75130,3.39,5,5134465.93,127406.1,0.2921,3.7221,29.2143,₹50–75L
BYD,Leaf 50X,2024,Performance,56202.17,81.3,298.0,197.2,4.39,188.0,586.0,567.0,RWD,5,Coupe,31.1,1500.0,5,1,China,Mid-range,225829,3.87,4,4692881.2,57723.02,0.635,3.6654,63.5004,₹25–50L
BMW,i3,2025,Premium,113220.74,50.2,167.0,94.6,6.84,146.0,997.0,904.0,RWD,5,Truck,55.7,2431.0,3,1,Germany,Luxury,36980,3.17,6,9453931.79,188325.33,0.1766,3.3267,17.6646,₹75–100L
BMW,i5,2023,Premium,104739.58,54.5,189.0,91.0,6.88,151.0,884.0,789.0,RWD,5,Coupe,22.4,1510.0,5,1,Germany,Luxury,58894,3.16,8,8745754.93,160472.57,0.2161,3.4679,21.6105,₹75–100L
Tesla,Model S,2026,Performance,120237.63,106.4,374.0,218.4,3.84,197.0,876.0,755.0,AWD,5,Van,63.3,1725.0,3,2,US,Luxury,139118,4.36,5,10039842.1,94359.42,0.3725,3.515,37.2516,₹100–150L
Tesla,Model X,2025,Standard,86049.94,67.9,210.0,237.4,6.77,146.0,542.0,467.0,FWD,5,Hatchback,36.0,1653.0,5,2,US,Premium,244820,3.64,6,7185169.99,105819.88,0.2923,3.0928,29.2269,₹50–75L
Ford,F-150 Lightning,2024,Performance,113010.15,74.7,251.0,188.0,4.25,189.0,1000.0,902.0,FWD,2,Truck,79.2,2490.0,5,0,US,Luxury,26657,3.63,4,9436347.52,126323.26,0.266,3.3601,26.5993,₹75–100L
Hyundai,Ioniq 5,2022,Performance,87757.22,77.5,262.0,248.7,4.12,194.0,1000.0,920.0,RWD,5,Truck,50.7,2567.0,5,1,South Korea,Premium,73010,3.41,5,7327727.87,94551.33,0.3575,3.3806,35.7546,₹50–75L
Tesla,Model X,2022,Performance,77379.74,110.0,373.0,304.7,3.07,200.0,581.0,500.0,AWD,5,Sedan,20.8,1602.0,3,2,US,Premium,238571,4.04,4,6461208.29,58738.26,0.5773,3.3909,57.7291,₹50–75L
Volvo,C40 Recharge,2025,Base,87551.42,42.1,150.0,86.1,5.87,156.0,745.0,643.0,AWD,5,Truck,58.8,2197.0,4,1,Sweden,Premium,28712,3.0,3,7310543.57,173647.12,0.2052,3.5629,20.5183,₹50–75L
Tesla,Cybertruck,2023,Long Range,40789.91,106.8,379.0,243.7,4.65,177.0,282.0,226.0,RWD,7,Truck,59.9,2247.0,5,2,US,Mid-range,187262,4.38,6,3405957.49,31890.99,1.1128,3.5487,111.2756,₹25–50L
GM/Chevrolet,Equinox EV,2022,Base,32829.19,77.7,295.0,108.1,7.17,139.0,247.0,200.0,AWD,7,SUV,67.4,1866.0,5,0,US,Budget,26546,3.6,4,2741237.36,35279.76,1.0762,3.7967,107.6156,₹25–50L
Polestar,4,2023,Performance,90903.84,95.0,337.0,194.7,3.86,185.0,621.0,569.0,AWD,7,Coupe,28.5,1500.0,5,2,Sweden,Premium,18672,3.64,3,7590470.64,79899.69,0.444,3.5474,44.3978,₹75–100L
BYD,Max,2023,Long Range,98961.38,90.2,294.0,97.5,5.51,171.0,1000.0,899.0,RWD,5,Van,64.7,1594.0,4,2,China,Premium,230275,3.52,5,8263275.23,91610.59,0.3558,3.2594,35.5791,₹75–100L
Tesla,Model X,2025,Standard,108924.8,75.0,251.0,317.1,5.27,171.0,776.0,726.0,FWD,7,Hatchback,33.5,1665.0,5,2,US,Luxury,104109,3.74,6,9095220.8,121269.61,0.276,3.3467,27.5969,₹75–100L
Tesla,Model S,2021,Performance,76847.7,116.8,418.0,242.7,3.9,197.0,454.0,476.0,RWD,7,Coupe,20.0,1660.0,5,3,US,Premium,229674,4.0,5,6416782.95,54938.21,0.6514,3.5788,65.1417,₹50–75L
BYD,Qin,2023,Long Range,52355.75,87.1,286.0,147.8,4.29,184.0,510.0,435.0,FWD,5,Sedan,31.3,1582.0,5,1,China,Mid-range,146928,3.27,4,4371705.12,50191.79,0.6542,3.2836,65.4207,₹25–50L
Tesla,Model 3,2025,Base,91015.05,61.8,227.0,258.4,7.27,141.0,616.0,518.0,RWD,7,SUV,63.7,1936.0,5,3,US,Premium,229357,3.56,5,7599756.68,122973.41,0.2987,3.6731,29.8694,₹75–100L
GM/Chevrolet,Bolt EUV,2025,Performance,44784.34,93.2,321.0,217.0,4.45,182.0,436.0,366.0,AWD,5,Hatchback,37.8,1677.0,5,2,US,Mid-range,7434,3.72,4,3739492.39,40123.31,0.8584,3.4442,85.8405,₹25–50L
Tesla,Model 3,2025,Long Range,84994.49,96.6,315.0,253.0,5.61,161.0,617.0,558.0,RWD,5,Sedan,15.4,1655.0,4,2,US,Premium,246722,3.99,5,7097039.92,73468.32,0.4438,3.2609,44.3847,₹50–75L
Hyundai,i30,2026,Premium,95007.35,71.5,249.0,140.8,6.71,152.0,1000.0,893.0,FWD,5,Hatchback,18.3,1791.0,3,2,South Korea,Premium,111030,3.22,3,7933113.72,110952.64,0.3139,3.4825,31.3874,₹75–100L
Xiaomi,SU7,2024,Premium,89310.64,64.2,208.0,70.5,5.61,173.0,1000.0,910.0,AWD,5,SUV,56.5,1829.0,4,0,China,Premium,29176,3.31,3,7457438.44,116159.48,0.2789,3.2399,27.8916,₹50–75L
Ford,Mustang Mach-E,2024,Standard,67107.54,81.2,286.0,99.5,7.48,137.0,774.0,714.0,RWD,5,Hatchback,28.6,1516.0,5,1,US,Premium,58727,3.6,3,5603479.59,69008.37,0.5104,3.5222,51.0397,₹50–75L
Kia,Niro EV,2024,Base,56356.86,45.0,154.0,123.3,5.88,163.0,609.0,531.0,FWD,5,Hatchback,15.3,1503.0,5,0,South Korea,Mid-range,107160,3.3,3,4705797.81,104573.28,0.3273,3.4222,32.7256,₹25–50L
BYD,Leaf 50X,2024,Standard,21286.38,69.6,233.0,54.5,5.47,168.0,187.0,200.0,RWD,7,Sedan,17.7,1613.0,5,1,China,Budget,116507,3.18,4,1777412.73,25537.54,1.3109,3.3477,131.0894,<₹25L
BMW,i4,2025,Long Range,88308.2,95.5,308.0,89.7,5.09,174.0,690.0,695.0,RWD,5,Hatchback,15.7,1664.0,4,2,Germany,Premium,31503,3.49,6,7373734.7,77211.88,0.4177,3.2251,41.7699,₹50–75L
Hyundai,Ioniq,2024,Performance,103986.41,110.9,397.0,221.4,4.41,185.0,1000.0,904.0,AWD,7,Sedan,34.5,1595.0,5,1,South Korea,Luxury,106892,4.01,5,8682865.24,78294.55,0.4572,3.5798,45.7222,₹75–100L
Volkswagen,ID.4,2020,Base,27139.23,78.9,261.0,95.0,7.55,130.0,150.0,200.0,FWD,5,Hatchback,39.4,1500.0,4,2,Germany,Budget,271891,3.57,4,2266125.7,28721.49,1.1517,3.308,115.1745,<₹25L
Tesla,Model Y,2026,Standard,53435.31,80.3,259.0,339.8,5.59,162.0,390.0,389.0,RWD,7,Hatchback,33.0,1818.0,4,2,US,Mid-range,467122,3.87,4,4461848.38,55564.74,0.5805,3.2254,58.0477,₹25–50L
Audi,e-tron GT,2023,Premium,88280.78,42.7,156.0,52.7,5.05,173.0,560.0,546.0,AWD,5,Coupe,32.1,1737.0,4,1,Germany,Premium,66857,3.24,5,7371445.13,172633.38,0.2116,3.6534,21.1627,₹50–75L
Volkswagen,ID.5,2025,Base,76426.72,83.1,339.0,122.5,6.37,155.0,843.0,736.0,RWD,5,Van,78.0,1585.0,4,2,Germany,Premium,248734,3.73,4,6381631.12,76794.6,0.5312,4.0794,53.1212,₹50–75L
Tesla,Model S,2023,Base,45116.56,45.3,169.0,236.3,6.1,158.0,276.0,281.0,FWD,5,Sedan,20.6,1619.0,3,3,US,Mid-range,116884,3.58,5,3767232.76,83161.87,0.4486,3.7307,44.8605,₹25–50L
Volkswagen,ID.5,2024,Performance,68348.69,94.0,323.0,233.3,2.58,200.0,734.0,637.0,RWD,7,Hatchback,19.9,1694.0,4,2,Germany,Premium,238867,3.7,5,5707115.62,60714.0,0.566,3.4362,56.596,₹50–75L
Volkswagen,ID.4,2023,Long Range,49537.91,82.9,278.0,129.1,4.66,191.0,439.0,385.0,RWD,7,Coupe,31.7,1650.0,5,1,Germany,Mid-range,250021,3.64,3,4136415.49,49896.45,0.6721,3.3534,67.2079,₹25–50L
Mercedes,EQG,2025,Long Range,111628.51,84.7,274.0,137.8,5.58,166.0,601.0,537.0,AWD,5,SUV,47.3,1944.0,4,1,Germany,Luxury,76984,3.74,6,9320980.58,110047.0,0.294,3.2349,29.396,₹75–100L
GM/Chevrolet,Bolt EUV,2026,Long Range,54836.04,109.7,385.0,129.7,4.0,183.0,636.0,600.0,AWD,5,Hatchback,16.7,1600.0,5,0,US,Mid-range,17331,3.77,5,4578809.34,41739.37,0.8408,3.5096,84.083,₹25–50L
Ford,F-150 Lightning,2025,Base,34802.06,47.6,150.0,102.2,6.52,146.0,265.0,208.0,AWD,4,Truck,73.9,2056.0,4,1,US,Budget,51835,3.13,4,2905972.01,61049.83,0.5162,3.1513,51.6178,₹25–50L
Tesla,Model Y,2022,Standard,93506.44,60.2,206.0,272.3,7.47,137.0,695.0,611.0,RWD,5,Van,72.0,1646.0,5,3,US,Premium,464918,3.52,6,7807787.74,129697.47,0.2638,3.4219,26.3839,₹75–100L
Volkswagen,ID.4,2024,Standard,79224.44,48.4,164.0,79.6,6.88,136.0,891.0,780.0,FWD,5,SUV,41.2,2091.0,5,2,Germany,Premium,219453,3.46,4,6615240.74,136678.53,0.2479,3.3884,24.7912,₹50–75L
Hyundai,Kona Electric,2025,Long Range,43459.69,83.7,302.0,88.9,4.32,192.0,448.0,378.0,FWD,5,Truck,78.7,2699.0,5,2,South Korea,Mid-range,114002,3.56,3,3628884.12,43355.84,0.8322,3.6081,83.2212,₹25–50L
Tesla,Model X,2021,Premium,100894.61,84.8,304.0,288.9,6.04,161.0,727.0,655.0,RWD,7,SUV,62.5,1686.0,5,2,US,Luxury,201220,3.9,5,8424699.94,99347.88,0.3608,3.5849,36.0844,₹75–100L
BYD,Dolphin,2026,Performance,31398.12,100.6,352.0,226.6,3.63,200.0,296.0,289.0,AWD,5,Hatchback,37.5,1500.0,5,1,China,Budget,240918,3.58,3,2621743.02,26061.06,1.3426,3.499,134.2618,₹25–50L
GM/Chevrolet,Blazer EV,2024,Long Range,85774.4,106.0,388.0,78.3,4.51,181.0,1000.0,904.0,AWD,5,Van,78.7,1666.0,4,0,US,Premium,22091,3.72,4,7162162.4,67567.57,0.5417,3.6604,54.1736,₹50–75L
Tesla,Model 3,2023,Performance,53096.09,113.8,404.0,309.6,3.8,200.0,298.0,243.0,RWD,7,Van,62.1,1503.0,4,2,US,Mid-range,123687,4.34,5,4433523.51,38958.91,0.9112,3.5501,91.1239,₹25–50L
Hyundai,Ioniq 5,2023,Base,40063.52,83.0,298.0,123.0,7.7,134.0,373.0,388.0,FWD,5,Van,60.2,1526.0,5,0,South Korea,Mid-range,95016,3.55,4,3345303.92,40304.87,0.8908,3.5904,89.0801,₹25–50L
BYD,Seagull,2023,Base,72565.72,43.8,153.0,127.4,5.45,175.0,799.0,748.0,RWD,7,Hatchback,22.8,1591.0,5,1,China,Premium,193019,3.17,4,6059237.62,138338.76,0.2525,3.4932,25.2507,₹50–75L
Tesla,Model S,2023,Premium,90489.19,66.8,227.0,270.6,7.25,144.0,650.0,559.0,AWD,5,Van,64.7,1535.0,4,2,US,Premium,231411,3.84,4,7555847.36,113111.49,0.3004,3.3982,30.043,₹75–100L
BYD,Yuan Plus,2026,Premium,58741.09,43.2,166.0,146.8,5.12,171.0,609.0,553.0,RWD,5,Sedan,27.7,1654.0,5,0,China,Mid-range,193352,3.21,4,4904881.01,113538.91,0.3384,3.8426,33.8438,₹25–50L
Lucid,Gravity,2025,Performance,166388.92,75.9,281.0,207.6,3.27,195.0,740.0,654.0,AWD,5,Van,64.8,1555.0,5,0,US,Luxury,27265,3.3,5,13893474.82,183049.73,0.2023,3.7022,20.2253,₹100–150L
Ford,E-Transit,2022,Performance,72683.98,73.7,253.0,217.6,2.74,200.0,871.0,801.0,AWD,7,Coupe,21.3,1539.0,4,1,US,Premium,25267,3.64,4,6069112.33,82348.88,0.4169,3.4328,41.6865,₹50–75L
Toyota,bZ4X,2021,Performance,93898.99,117.1,375.0,200.2,3.95,182.0,1000.0,920.0,AWD,7,Coupe,31.0,1520.0,5,0,Japan,Premium,29112,3.93,3,7840565.66,66956.15,0.4783,3.2024,47.8282,₹75–100L
Hyundai,Ioniq 6,2023,Long Range,79421.07,79.2,250.0,81.2,5.56,164.0,981.0,917.0,FWD,7,Van,75.8,1500.0,5,2,South Korea,Premium,120050,3.41,3,6631659.35,83733.07,0.377,3.1566,37.698,₹50–75L
Tesla,Model 3,2022,Premium,78038.19,59.8,219.0,334.0,6.2,162.0,544.0,487.0,AWD,7,Coupe,26.6,1704.0,3,3,US,Premium,156841,3.58,4,6516188.86,108966.37,0.3361,3.6622,33.6086,₹50–75L
Kia,Niro EV,2026,Performance,89456.85,106.6,392.0,226.2,3.68,199.0,1000.0,879.0,RWD,7,Van,67.6,1577.0,4,0,South Korea,Premium,55244,3.99,4,7469646.98,70071.74,0.5248,3.6773,52.4791,₹50–75L
Volkswagen,ID.3,2020,Long Range,81317.3,77.9,298.0,145.7,4.33,182.0,894.0,772.0,RWD,7,Truck,71.7,2388.0,4,2,Germany,Premium,205086,3.62,3,6789994.55,87162.96,0.4389,3.8254,43.8881,₹50–75L
Mercedes,GLE EV,2021,Long Range,133886.35,108.5,379.0,137.9,5.63,159.0,810.0,741.0,AWD,5,Van,61.9,1500.0,4,2,Germany,Luxury,61011,4.0,7,11179510.22,103036.96,0.339,3.4931,33.9013,₹100–150L
Tesla,Model 3,2026,Premium,123396.13,65.5,201.0,235.6,7.67,135.0,904.0,801.0,AWD,5,Coupe,37.2,1684.0,4,3,US,Luxury,179193,3.78,5,10303576.86,157306.52,0.1951,3.0687,19.5078,₹100–150L
Hyundai,Kona Electric,2023,Long Range,89541.12,95.4,330.0,131.0,4.83,179.0,1000.0,880.0,RWD,7,SUV,69.6,1987.0,5,1,South Korea,Premium,122583,3.74,3,7476683.52,78371.94,0.4414,3.4591,44.1372,₹50–75L
Tesla,Model S,2025,Base,30387.16,46.7,183.0,294.1,7.88,130.0,199.0,200.0,FWD,5,Hatchback,17.8,1500.0,5,3,US,Budget,225676,3.51,6,2537327.86,54332.5,0.7212,3.9186,72.1231,₹25–50L
BYD,Atto 3,2024,Standard,21707.92,56.8,176.0,141.1,7.77,135.0,199.0,213.0,AWD,5,Hatchback,34.7,1776.0,4,0,China,Budget,240735,3.31,4,1812611.32,31912.17,0.971,3.0986,97.0975,<₹25L
GM/Chevrolet,Bolt EV,2024,Premium,52232.74,42.0,150.0,134.4,5.26,171.0,623.0,597.0,RWD,5,Van,76.8,1529.0,4,0,US,Mid-range,17461,3.32,3,4361433.79,103843.66,0.3439,3.5714,34.3924,₹25–50L
Hyundai,Ioniq,2025,Premium,78178.94,79.4,290.0,53.7,5.34,169.0,1000.0,852.0,AWD,5,SUV,66.1,2435.0,5,1,South Korea,Premium,93827,3.71,4,6527941.49,82215.89,0.4442,3.6524,44.4244,₹50–75L
Volkswagen,ID.5,2025,Base,32608.87,54.0,178.0,63.1,5.66,169.0,218.0,243.0,FWD,5,Truck,68.4,2358.0,3,1,Germany,Budget,223686,3.31,3,2722840.64,50422.97,0.6537,3.2963,65.3729,₹25–50L
Volkswagen,ID. Aero,2024,Standard,64646.52,70.7,219.0,52.4,7.72,140.0,656.0,529.0,FWD,5,Hatchback,17.5,1566.0,4,0,Germany,Mid-range,229331,3.6,4,5397984.42,76350.56,0.4057,3.0976,40.5707,₹50–75L
Hyundai,Kona Electric,2026,Standard,40896.41,84.8,286.0,56.7,7.09,148.0,339.0,284.0,RWD,7,Truck,78.3,2639.0,4,0,South Korea,Mid-range,60452,3.61,4,3414850.24,40269.46,0.8375,3.3726,83.7518,₹25–50L
Ford,E-Transit,2024,Performance,99172.17,96.1,340.0,150.4,3.5,200.0,1000.0,919.0,AWD,5,SUV,58.0,2017.0,5,1,US,Premium,55818,3.69,4,8280876.2,86169.37,0.4106,3.538,41.0585,₹75–100L
Audi,Q6 e-tron,2025,Standard,97077.65,52.8,197.0,133.8,7.59,132.0,714.0,605.0,AWD,7,Hatchback,33.6,1677.0,5,2,Germany,Premium,69050,3.19,6,8105983.78,153522.42,0.243,3.7311,24.303,₹75–100L
Toyota,bZ4X,2025,Long Range,75339.45,86.8,325.0,141.0,4.49,184.0,939.0,924.0,RWD,5,Hatchback,26.0,1541.0,5,0,Japan,Premium,12682,3.5,3,6290844.08,72475.16,0.5166,3.7442,51.6624,₹50–75L
Ford,Mustang Mach-E,2025,Performance,72824.56,94.6,347.0,161.1,4.26,180.0,915.0,803.0,RWD,5,Van,66.5,1939.0,3,2,US,Premium,45964,3.7,4,6080850.76,64279.61,0.5706,3.6681,57.0644,₹50–75L
BYD,Atto 3,2025,Long Range,26097.55,99.0,367.0,56.9,4.77,176.0,270.0,217.0,AWD,5,Truck,71.7,2861.0,5,2,China,Budget,233286,3.51,5,2179145.42,22011.57,1.6841,3.7071,168.4146,<₹25L
BMW,i3,2023,Base,89086.86,79.5,279.0,115.5,5.03,179.0,643.0,655.0,RWD,7,Truck,57.6,2730.0,4,2,Germany,Premium,63501,3.78,5,7438752.81,93569.22,0.3751,3.5094,37.5063,₹50–75L
Volkswagen,ID.5,2026,Performance,72231.36,115.0,387.0,230.9,3.15,200.0,746.0,695.0,AWD,5,Sedan,16.2,1564.0,4,0,Germany,Premium,241869,4.05,4,6031318.56,52446.25,0.6417,3.3652,64.1651,₹50–75L
BYD,Leaf 50X,2022,Long Range,80180.18,86.6,329.0,52.3,4.79,183.0,857.0,747.0,AWD,5,Truck,76.8,2565.0,5,1,China,Premium,170493,3.64,3,6695045.03,77309.99,0.4914,3.7991,49.1408,₹50–75L
Mercedes,EQS,2023,Premium,111693.41,44.9,154.0,66.0,6.74,144.0,636.0,581.0,AWD,5,Hatchback,25.7,1500.0,4,1,Germany,Luxury,72096,3.64,6,9326399.74,207714.92,0.1651,3.4298,16.5123,₹75–100L
Tesla,Model S,2026,Base,119620.48,41.3,150.0,231.4,5.76,162.0,850.0,762.0,FWD,5,Van,64.2,1667.0,4,2,US,Luxury,186324,3.52,5,9988310.08,241847.7,0.1502,3.632,15.0176,₹75–100L
Audi,Q4 e-tron,2025,Standard,63113.08,44.0,150.0,134.7,7.23,146.0,322.0,241.0,RWD,5,Van,68.2,1501.0,4,2,Germany,Mid-range,79880,3.21,7,5269942.18,119771.41,0.2846,3.4091,28.4633,₹50–75L
Hyundai,i30,2026,Premium,83199.83,49.6,161.0,52.9,7.68,135.0,1000.0,924.0,AWD,5,Sedan,33.1,1500.0,3,0,South Korea,Premium,92496,3.22,3,6947185.8,140064.23,0.2317,3.246,23.1749,₹50–75L
BMW,iX,2023,Long Range,130324.5,105.0,370.0,58.0,4.3,186.0,1000.0,885.0,AWD,5,Sedan,25.0,1679.0,5,2,Germany,Luxury,62481,3.82,6,10882095.75,103639.01,0.34,3.5238,34.0008,₹100–150L
BMW,i5,2024,Premium,92379.17,50.8,150.0,92.1,7.5,136.0,781.0,690.0,AWD,7,Truck,61.5,2455.0,5,1,Germany,Premium,64158,3.31,7,7713660.7,151843.71,0.1945,2.9528,19.446,₹75–100L
Audi,Q4 e-tron,2025,Premium,154475.14,69.7,246.0,132.7,6.23,161.0,1000.0,879.0,AWD,5,Sedan,22.6,1646.0,5,2,Germany,Luxury,20728,3.43,5,12898674.19,185059.89,0.1907,3.5294,19.0717,₹100–150L
BMW,i5,2024,Standard,78676.53,80.3,292.0,142.6,6.38,155.0,489.0,453.0,RWD,5,Hatchback,22.8,1501.0,5,1,Germany,Premium,28903,3.53,6,6569490.26,81811.83,0.4445,3.6364,44.4479,₹50–75L
Kia,EV9,2021,Long Range,56383.76,77.6,294.0,107.4,5.95,162.0,689.0,647.0,FWD,5,SUV,46.4,1920.0,5,1,South Korea,Mid-range,85632,3.6,3,4708043.96,60670.67,0.6245,3.7887,62.4463,₹25–50L
Tesla,Model Y,2025,Performance,51114.48,78.3,274.0,222.3,3.51,190.0,299.0,241.0,RWD,7,SUV,62.1,2000.0,5,2,US,Mid-range,484952,4.03,6,4268059.08,54509.06,0.642,3.4994,64.1978,₹25–50L
Hyundai,Ioniq 6,2024,Performance,44088.19,81.5,270.0,231.5,4.01,188.0,402.0,391.0,RWD,5,Hatchback,25.5,1685.0,3,0,South Korea,Mid-range,119102,3.6,4,3681363.86,45170.11,0.7334,3.3129,73.3424,₹25–50L
Tesla,Model 3,2023,Premium,98229.28,82.6,290.0,268.4,7.42,142.0,730.0,668.0,RWD,7,Sedan,33.9,1500.0,4,2,US,Premium,151125,4.05,4,8202144.88,99299.57,0.3536,3.5109,35.3566,₹75–100L
GM/Chevrolet,Equinox EV,2026,Performance,71801.02,84.4,304.0,228.3,2.8,200.0,950.0,836.0,AWD,7,SUV,50.0,1829.0,4,1,US,Premium,4745,3.45,4,5995385.17,71035.37,0.5071,3.6019,50.7057,₹50–75L
Hyundai,Ioniq 6,2024,Standard,63404.54,72.2,253.0,88.9,5.5,168.0,777.0,662.0,RWD,7,Sedan,29.9,1532.0,5,0,South Korea,Mid-range,79234,3.49,3,5294279.09,73327.97,0.4779,3.5042,47.7874,₹50–75L
BMW,i3,2023,Premium,126296.04,69.4,238.0,100.7,5.91,158.0,1000.0,891.0,RWD,5,Truck,56.1,2766.0,4,1,Germany,Luxury,27018,3.73,8,10545719.34,151955.61,0.2257,3.4294,22.5684,₹100–150L
Tesla,Model S,2024,Long Range,91117.32,101.0,364.0,271.1,4.86,172.0,639.0,640.0,RWD,7,Hatchback,16.2,1500.0,4,2,US,Premium,174122,4.0,5,7608296.22,75329.67,0.4784,3.604,47.8425,₹75–100L
Tesla,Cybertruck,2026,Standard,39888.42,83.1,277.0,296.8,7.31,136.0,260.0,259.0,AWD,5,Truck,50.5,2479.0,4,2,US,Mid-range,224642,3.64,5,3330683.07,40080.42,0.8317,3.3333,83.1661,₹25–50L
GM/Chevrolet,Bolt EUV,2024,Premium,75461.19,77.9,275.0,102.6,5.43,168.0,1000.0,966.0,AWD,5,SUV,54.4,2063.0,4,0,US,Premium,10961,3.51,5,6301009.36,80885.87,0.4364,3.5302,43.6438,₹50–75L
Tesla,Cybertruck,2023,Performance,182463.57,109.2,389.0,312.3,2.97,200.0,1000.0,870.0,AWD,5,Truck,71.1,2927.0,5,3,US,Luxury,202403,3.98,5,15235708.1,139521.14,0.2553,3.5623,25.5321,₹150–200L
Tesla,Model X,2023,Premium,43481.03,65.2,217.0,246.0,7.02,143.0,236.0,223.0,RWD,5,SUV,60.9,1871.0,5,2,US,Mid-range,134257,3.73,6,3630666.0,55685.06,0.5977,3.3282,59.7686,₹25–50L
Tesla,Model 3,2025,Base,70038.71,65.7,235.0,344.8,6.65,149.0,510.0,448.0,RWD,7,Sedan,21.6,1837.0,5,3,US,Premium,164008,3.74,6,5848232.28,89014.19,0.4018,3.5769,40.1831,₹50–75L
Toyota,bZ4X,2024,Base,60316.9,48.0,165.0,127.7,7.53,138.0,659.0,620.0,RWD,7,Coupe,22.2,1500.0,4,2,Japan,Mid-range,23683,3.15,5,5036461.15,104926.27,0.3276,3.4375,32.7611,₹50–75L
GM/Chevrolet,Bolt EV,2024,Standard,46964.58,62.4,204.0,57.8,7.81,140.0,566.0,525.0,AWD,7,Sedan,21.6,1530.0,5,1,US,Mid-range,15168,3.46,4,3921542.43,62845.23,0.5202,3.2692,52.0203,₹25–50L
BYD,Dolphin,2021,Premium,107053.36,82.6,300.0,135.7,5.34,164.0,1000.0,856.0,AWD,7,Coupe,37.6,2029.0,3,0,China,Luxury,216609,3.76,4,8938955.56,108219.8,0.3356,3.632,33.561,₹75–100L
BYD,Atto 3,2023,Base,73542.57,52.6,178.0,76.5,6.84,142.0,795.0,760.0,AWD,5,Hatchback,26.5,1839.0,5,0,China,Premium,164917,3.0,4,6140804.6,116745.33,0.2899,3.384,28.9864,₹50–75L
BYD,Qin,2025,Standard,52251.33,63.4,238.0,134.0,5.93,161.0,547.0,460.0,AWD,7,Van,63.6,1538.0,5,0,China,Mid-range,174435,3.19,3,4362986.06,68816.81,0.5455,3.7539,54.5498,₹25–50L
Ford,Explorer EV,2025,Base,67752.89,58.7,237.0,62.3,5.47,162.0,734.0,686.0,FWD,5,Truck,65.4,2613.0,5,0,US,Premium,21665,3.61,5,5657366.32,96377.62,0.4189,4.0375,41.8923,₹50–75L
BMW,i5,2025,Base,48714.2,45.4,161.0,90.9,7.71,136.0,178.0,200.0,FWD,5,Van,74.7,1633.0,4,1,Germany,Mid-range,75073,3.18,6,4067635.7,89595.5,0.3958,3.5463,39.5807,₹25–50L
Tesla,Model X,2026,Base,31180.54,72.3,241.0,338.0,6.7,142.0,208.0,200.0,FWD,5,Van,65.2,1525.0,4,2,US,Budget,143060,3.87,4,2603575.09,36010.72,0.9257,3.3333,92.565,₹25–50L
Tesla,Model Y,2025,Long Range,68461.67,80.8,305.0,310.2,4.5,183.0,508.0,430.0,FWD,7,Coupe,19.2,1614.0,4,2,US,Premium,443244,3.91,4,5716549.44,70749.37,0.5335,3.7748,53.3539,₹50–75L
Tesla,Model S,2023,Premium,51643.69,41.7,150.0,282.3,6.36,153.0,364.0,303.0,AWD,5,Truck,65.8,2333.0,5,2,US,Mid-range,247691,3.41,6,4312248.12,103411.23,0.3478,3.5971,34.7846,₹25–50L
BMW,iX,2025,Standard,66272.64,70.2,263.0,100.5,6.96,144.0,418.0,412.0,AWD,5,Sedan,22.2,1554.0,4,1,Germany,Premium,66889,3.62,6,5533765.44,78828.57,0.4753,3.7464,47.5264,₹50–75L
Ford,F-150 Lightning,2025,Standard,68957.58,70.1,262.0,65.6,7.66,142.0,719.0,687.0,AWD,4,Truck,78.3,2809.0,5,1,US,Premium,69276,3.36,5,5757957.93,82139.2,0.455,3.7375,45.5022,₹50–75L
BYD,Dolphin,2024,Standard,51238.4,51.6,185.0,122.5,6.52,153.0,593.0,509.0,FWD,5,Hatchback,24.2,1637.0,5,1,China,Mid-range,242985,3.46,3,4278406.4,82914.85,0.4324,3.5853,43.2404,₹25–50L
Tesla,Model Y,2025,Base,114587.9,67.3,242.0,324.4,7.79,120.0,860.0,798.0,FWD,5,Coupe,34.6,1534.0,3,2,US,Luxury,458139,3.77,5,9568089.65,142170.72,0.2529,3.5958,25.2924,₹75–100L
Tesla,Cybertruck,2024,Standard,43048.0,78.2,305.0,284.8,5.32,167.0,283.0,238.0,FWD,7,Truck,69.0,2507.0,5,2,US,Mid-range,249983,3.24,5,3594508.0,45965.58,0.8485,3.9003,84.8517,₹25–50L
Fisker,Ocean,2025,Premium,54042.0,69.8,254.0,61.6,6.62,157.0,343.0,288.0,RWD,5,Truck,68.2,2045.0,4,2,US,Mid-range,17793,3.42,5,4512507.0,64649.1,0.5629,3.639,56.288,₹25–50L
BYD,Atto 3,2025,Premium,34873.27,63.6,236.0,57.6,6.36,149.0,380.0,328.0,AWD,7,Coupe,21.2,1500.0,4,0,China,Budget,145087,3.26,4,2911918.04,45784.87,0.8105,3.7107,81.0462,₹25–50L
Ford,Explorer EV,2025,Standard,47275.39,64.9,242.0,148.9,5.12,166.0,415.0,361.0,FWD,5,Coupe,38.2,1509.0,3,1,US,Mid-range,20597,3.51,5,3947495.06,60824.27,0.613,3.7288,61.3047,₹25–50L
BMW,i4,2024,Long Range,69815.81,81.1,291.0,69.8,5.43,172.0,444.0,391.0,FWD,7,SUV,41.1,2056.0,4,1,Germany,Premium,42961,3.63,5,5829620.14,71881.88,0.4992,3.5882,49.9175,₹50–75L
Volkswagen,ID.5,2025,Long Range,95115.92,83.0,275.0,136.0,5.38,170.0,1000.0,873.0,AWD,7,Sedan,28.0,1693.0,3,1,Germany,Premium,223250,3.54,4,7942179.32,95688.91,0.3463,3.3133,34.6253,₹75–100L
BYD,Qin,2025,Premium,33846.45,52.4,171.0,126.2,7.36,138.0,348.0,349.0,FWD,5,Truck,75.5,2279.0,5,2,China,Budget,220677,3.2,5,2826178.58,53934.71,0.6051,3.2634,60.5057,₹25–50L
Tesla,Cybertruck,2025,Premium,98891.22,78.9,301.0,269.9,6.78,143.0,712.0,623.0,FWD,5,Truck,75.4,2642.0,4,2,US,Premium,113008,3.85,4,8257416.87,104656.74,0.3645,3.815,36.4521,₹75–100L
Kia,Picanto EV,2020,Performance,51182.15,115.1,444.0,158.4,3.23,200.0,509.0,422.0,FWD,7,Van,78.2,1712.0,5,0,South Korea,Mid-range,106543,3.82,4,4273709.53,37130.4,1.0389,3.8575,103.891,₹25–50L
Ford,E-Transit,2023,Standard,53190.35,62.2,200.0,78.1,7.05,148.0,511.0,461.0,FWD,7,Hatchback,39.0,1682.0,4,2,US,Mid-range,73417,3.13,4,4441394.22,71405.05,0.4503,3.2154,45.0309,₹25–50L
BMW,i5,2024,Base,73900.67,72.4,258.0,101.5,7.83,134.0,438.0,406.0,FWD,5,Coupe,35.2,1522.0,5,2,Germany,Premium,78616,3.2,6,6170705.94,85230.75,0.4181,3.5635,41.8105,₹50–75L
Hyundai,Kona Electric,2023,Long Range,49376.97,105.9,348.0,77.3,4.75,175.0,509.0,436.0,FWD,7,Hatchback,37.4,1766.0,5,1,South Korea,Mid-range,113770,3.51,4,4122977.0,38932.74,0.8441,3.2861,84.405,₹25–50L
Tesla,Model 3,2025,Premium,129475.2,46.6,150.0,264.8,6.99,144.0,897.0,779.0,AWD,7,SUV,54.9,1856.0,4,2,US,Luxury,225901,3.6,5,10811179.2,231999.55,0.1387,3.2189,13.8745,₹100–150L
Fisker,Ocean,2023,Base,81514.31,48.1,186.0,57.9,6.12,157.0,683.0,634.0,FWD,5,Hatchback,27.3,1690.0,4,1,US,Premium,16427,3.38,3,6806444.88,141506.13,0.2733,3.8669,27.327,₹50–75L
Ford,F-150 Lightning,2024,Base,33054.57,55.6,203.0,137.2,6.73,145.0,173.0,200.0,AWD,2,Truck,61.0,2425.0,5,1,US,Budget,77480,3.1,3,2760056.6,49641.31,0.7355,3.6511,73.5492,₹25–50L
BYD,Dolphin,2024,Long Range,38277.53,87.8,282.0,141.6,4.54,181.0,343.0,313.0,RWD,5,Coupe,34.1,1685.0,5,1,China,Mid-range,237305,3.52,4,3196173.76,36402.89,0.8823,3.2118,88.2305,₹25–50L
Polestar,3,2023,Long Range,77182.19,88.8,337.0,77.9,5.68,160.0,442.0,379.0,RWD,5,Hatchback,21.3,1500.0,5,0,Sweden,Premium,5412,3.55,3,6444712.86,72575.6,0.5229,3.795,52.2909,₹50–75L
Kia,Picanto EV,2025,Premium,80721.44,72.9,256.0,58.9,6.67,144.0,912.0,808.0,RWD,5,Hatchback,21.1,1503.0,3,1,South Korea,Premium,130227,3.54,4,6740240.24,92458.71,0.3798,3.5117,37.9808,₹50–75L
Kia,EV6,2021,Premium,36092.98,41.6,150.0,105.9,5.2,170.0,254.0,233.0,AWD,5,SUV,45.9,2561.0,5,1,South Korea,Mid-range,73706,3.0,3,3013763.83,72446.25,0.4977,3.6058,49.7717,₹25–50L
GM/Chevrolet,Equinox EV,2022,Performance,59493.52,71.9,270.0,162.1,3.04,200.0,761.0,683.0,FWD,5,SUV,48.3,1650.0,3,0,US,Mid-range,16751,3.44,4,4967708.92,69091.92,0.5435,3.7552,54.351,₹25–50L
Ford,Explorer EV,2023,Standard,38433.81,45.5,152.0,93.2,7.84,137.0,247.0,257.0,FWD,5,Truck,76.1,2667.0,4,1,US,Mid-range,31451,3.08,3,3209223.14,70532.38,0.4736,3.3407,47.3635,₹25–50L
BMW,i3,2024,Performance,73301.49,109.7,367.0,196.4,3.4,200.0,489.0,443.0,FWD,7,Coupe,31.1,1547.0,5,1,Germany,Premium,50214,3.67,6,6120674.42,55794.66,0.5996,3.3455,59.9607,₹50–75L
Tesla,Model Y,2025,Long Range,113868.37,86.6,301.0,250.9,4.84,185.0,826.0,761.0,AWD,7,Sedan,24.3,1500.0,4,2,US,Luxury,455459,3.98,5,9508008.9,109792.25,0.3166,3.4758,31.6575,₹75–100L
BYD,Dolphin,2024,Premium,100526.02,84.9,300.0,124.8,6.95,147.0,1000.0,935.0,AWD,7,Hatchback,25.6,1569.0,4,0,China,Luxury,178707,3.53,4,8393922.67,98868.35,0.3574,3.5336,35.7401,₹75–100L
Rivian,R3,2025,Base,78088.2,42.4,150.0,144.6,5.92,161.0,622.0,542.0,AWD,5,Hatchback,28.6,1769.0,3,0,US,Premium,26875,3.25,5,6520364.7,153782.19,0.23,3.5377,23.0048,₹50–75L
BYD,Qin,2025,Performance,101418.24,74.3,239.0,183.8,3.67,200.0,1000.0,942.0,AWD,5,Hatchback,17.6,1696.0,3,0,China,Luxury,115025,3.58,4,8468423.04,113976.08,0.2822,3.2167,28.2225,₹75–100L
Volkswagen,ID.3,2023,Premium,99609.58,83.8,287.0,55.7,7.43,141.0,1000.0,862.0,AWD,7,Coupe,20.1,1973.0,4,0,Germany,Premium,245824,3.56,5,8317399.93,99252.98,0.3451,3.4248,34.506,₹75–100L
Volkswagen,ID.3,2025,Base,66620.77,53.1,196.0,125.1,7.65,132.0,710.0,644.0,AWD,5,Coupe,31.4,1570.0,5,0,Germany,Premium,206717,3.56,4,5562834.3,104761.47,0.3523,3.6911,35.2338,₹50–75L
Volkswagen,ID.3,2021,Long Range,70654.72,88.4,317.0,84.0,4.82,163.0,711.0,644.0,FWD,7,Hatchback,27.6,1724.0,4,0,Germany,Premium,211095,3.8,5,5899669.12,66738.34,0.5373,3.586,53.7318,₹50–75L
Kia,Niro EV,2025,Performance,110498.55,107.7,407.0,182.1,2.85,200.0,1000.0,893.0,RWD,5,SUV,53.4,1849.0,4,0,South Korea,Luxury,55383,3.92,4,9226628.93,85669.72,0.4411,3.779,44.1115,₹75–100L
NIO,EL8,2025,Premium,104953.65,69.0,237.0,102.5,7.78,132.0,1000.0,879.0,AWD,7,Sedan,34.2,1974.0,5,2,China,Luxury,26944,3.47,3,8763629.78,127009.13,0.2704,3.4348,27.0436,₹75–100L
BYD,Leaf 50X,2024,Long Range,42041.16,108.4,373.0,83.6,4.95,176.0,422.0,409.0,FWD,7,Truck,66.5,2360.0,3,0,China,Mid-range,120124,3.79,4,3510436.86,32384.1,1.0625,3.441,106.2546,₹25–50L
Tesla,Model S,2025,Long Range,120338.19,101.1,324.0,304.9,5.12,178.0,857.0,741.0,RWD,7,Truck,66.5,2561.0,4,2,US,Luxury,236717,4.06,5,10048238.86,99389.11,0.3224,3.2047,32.2445,₹100–150L
Tesla,Model Y,2025,Long Range,147345.82,89.5,311.0,235.0,4.48,191.0,1000.0,893.0,AWD,5,Van,72.0,1709.0,5,2,US,Luxury,458246,3.66,5,12303375.97,137467.89,0.2528,3.4749,25.2776,₹100–150L
Audi,e-tron GT,2025,Base,69716.21,72.8,250.0,73.8,7.04,145.0,400.0,342.0,AWD,5,SUV,36.4,1869.0,5,1,Germany,Premium,21802,3.43,5,5821303.54,79962.96,0.4295,3.4341,42.9457,₹50–75L
BMW,i7,2025,Premium,88626.17,42.7,150.0,121.0,7.91,129.0,638.0,538.0,AWD,7,Coupe,28.6,1728.0,4,1,Germany,Premium,40644,3.5,7,7400285.2,173308.79,0.2027,3.5129,20.2695,₹50–75L
BYD,Max,2022,Standard,68088.93,51.8,170.0,149.8,5.24,173.0,757.0,731.0,AWD,5,Hatchback,30.7,1668.0,4,1,China,Premium,201225,3.25,5,5685425.65,109757.25,0.299,3.2819,29.901,₹50–75L
Ford,E-Transit,2024,Premium,97929.01,50.3,198.0,106.3,6.92,139.0,1000.0,928.0,RWD,7,SUV,50.1,2018.0,5,0,US,Premium,20102,3.3,5,8177072.34,162566.05,0.2421,3.9364,24.214,₹75–100L
Mercedes,EQE,2022,Long Range,118966.22,83.4,306.0,122.6,4.73,187.0,634.0,605.0,RWD,5,Hatchback,38.1,1668.0,4,2,Germany,Luxury,78467,3.86,8,9933679.37,119108.87,0.308,3.6691,30.8043,₹75–100L
Mercedes,GLE EV,2021,Performance,167760.51,110.2,367.0,161.0,4.22,189.0,1000.0,912.0,RWD,7,Hatchback,38.9,1571.0,5,1,Germany,Luxury,66576,3.8,8,14008002.58,127114.36,0.262,3.3303,26.1993,₹100–150L
Rivian,R3,2024,Performance,105996.52,77.2,274.0,218.4,3.13,196.0,1000.0,918.0,RWD,7,Hatchback,16.2,1630.0,5,0,US,Luxury,1509,3.58,5,8850709.42,114646.5,0.3096,3.5492,30.958,₹75–100L
BYD,Max,2023,Long Range,94064.69,95.8,342.0,104.0,4.95,180.0,1000.0,918.0,AWD,5,Hatchback,37.9,1679.0,5,0,China,Premium,117049,3.64,5,7854401.62,81987.49,0.4354,3.5699,43.5425,₹75–100L
GM/Chevrolet,Equinox EV,2025,Long Range,58372.94,95.2,341.0,119.0,5.77,159.0,790.0,762.0,FWD,5,SUV,61.6,2173.0,5,1,US,Mid-range,5246,3.78,5,4874140.49,51198.95,0.6996,3.5819,69.9611,₹25–50L
Hyundai,Ioniq 5,2025,Premium,64470.9,46.6,166.0,128.6,5.27,172.0,778.0,729.0,AWD,7,Sedan,17.1,1574.0,4,0,South Korea,Mid-range,90740,3.34,4,5383320.15,115521.89,0.3084,3.5622,30.836,₹50–75L
Mercedes,EQG,2022,Long Range,140186.97,89.7,340.0,103.8,5.28,162.0,842.0,758.0,FWD,5,Hatchback,24.7,1500.0,4,1,Germany,Luxury,31832,4.04,8,11705612.0,130497.35,0.2905,3.7904,29.0459,₹100–150L
GM/Chevrolet,Silverado EV,2025,Premium,70759.08,83.3,278.0,111.1,6.63,157.0,1000.0,910.0,FWD,7,Coupe,27.5,1500.0,4,0,US,Premium,11923,3.61,4,5908383.18,70928.97,0.4705,3.3373,47.0518,₹50–75L
Ford,Explorer EV,2025,Standard,57566.92,54.3,184.0,70.1,7.12,140.0,608.0,572.0,FWD,5,SUV,48.4,1896.0,4,2,US,Mid-range,64630,3.23,5,4806837.82,88523.72,0.3828,3.3886,38.2788,₹25–50L
BMW,i5,2026,Long Range,125686.6,91.1,335.0,93.0,5.83,160.0,1000.0,891.0,AWD,5,Truck,65.5,2713.0,5,1,Germany,Luxury,50691,3.66,6,10494831.1,115201.22,0.3192,3.6773,31.9205,₹100–150L
Tesla,Model S,2024,Performance,64261.34,116.7,433.0,322.7,2.86,200.0,402.0,369.0,FWD,5,Hatchback,18.5,1894.0,3,2,US,Mid-range,145470,4.1,5,5365821.89,45979.62,0.807,3.7104,80.6959,₹50–75L
Kia,Sportage EV,2023,Base,31014.43,43.7,167.0,135.5,6.68,149.0,200.0,200.0,AWD,5,SUV,45.5,2106.0,5,1,South Korea,Budget,68930,3.05,4,2589704.9,59260.98,0.6449,3.8215,64.4861,₹25–50L
Polestar,3,2024,Standard,116528.23,75.6,282.0,77.2,7.01,144.0,886.0,811.0,AWD,5,Truck,76.9,2331.0,4,1,Sweden,Luxury,14704,3.58,4,9730107.2,128705.12,0.2898,3.7302,28.9822,₹75–100L
NIO,EL6,2024,Performance,144156.68,92.7,331.0,163.8,2.82,200.0,1000.0,847.0,AWD,5,Hatchback,23.3,1500.0,5,0,China,Luxury,28598,3.78,3,12037082.78,129849.87,0.275,3.5707,27.4984,₹100–150L
Tesla,Model X,2024,Base,97305.17,40.9,150.0,341.6,6.29,158.0,732.0,658.0,FWD,7,Van,77.3,1545.0,3,3,US,Premium,135420,3.42,5,8124981.7,198654.81,0.1846,3.6675,18.4616,₹75–100L
Tesla,Cybertruck,2021,Base,64613.56,49.8,175.0,218.9,7.79,130.0,429.0,370.0,RWD,5,Truck,57.4,2450.0,4,3,US,Mid-range,243316,3.49,5,5395232.26,108338.0,0.3244,3.5141,32.436,₹50–75L
Tesla,Model Y,2024,Premium,142240.31,46.3,166.0,245.7,5.49,152.0,1000.0,929.0,RWD,5,Truck,60.1,2813.0,5,2,US,Luxury,461025,3.45,6,11877065.88,256524.1,0.1398,3.5853,13.9765,₹100–150L
GM/Chevrolet,Blazer EV,2023,Standard,45534.53,61.3,201.0,148.1,7.67,130.0,476.0,404.0,AWD,7,Sedan,38.9,1500.0,5,2,US,Mid-range,7422,3.31,3,3802133.26,62025.01,0.5287,3.279,52.8651,₹25–50L
Ford,F-150 Lightning,2024,Long Range,88743.58,80.1,265.0,69.6,4.68,187.0,1000.0,902.0,FWD,2,Truck,78.0,2611.0,5,0,US,Premium,63330,3.64,4,7410088.93,92510.47,0.3576,3.3084,35.7621,₹50–75L
BYD,Dolphin,2021,Standard,36671.61,51.7,195.0,147.1,5.93,166.0,378.0,358.0,FWD,7,Truck,51.5,2585.0,4,1,China,Mid-range,112221,3.41,4,3062079.44,59227.84,0.6368,3.7718,63.6822,₹25–50L
Hyundai,Ioniq 5,2025,Standard,37110.33,75.5,266.0,79.4,7.93,130.0,269.0,275.0,AWD,7,Hatchback,31.6,1594.0,5,1,South Korea,Mid-range,143597,3.54,4,3098712.56,41042.55,0.8584,3.5232,85.8421,₹25–50L
Mercedes,EQE,2025,Performance,103655.43,79.6,307.0,201.7,3.25,197.0,574.0,523.0,RWD,7,Van,62.1,1865.0,4,2,Germany,Luxury,54248,3.94,8,8655228.4,108734.03,0.3547,3.8568,35.4699,₹75–100L
GM/Chevrolet,Blazer EV,2024,Performance,41328.5,93.2,342.0,182.4,4.37,186.0,448.0,355.0,RWD,5,Hatchback,26.7,1818.0,5,2,US,Mid-range,18258,3.87,4,3450929.75,37027.14,0.991,3.6695,99.1037,₹25–50L
Kia,Picanto EV,2025,Base,28245.98,68.8,222.0,54.1,5.42,171.0,171.0,200.0,RWD,5,Sedan,37.2,1730.0,4,0,South Korea,Budget,75515,3.26,4,2358539.33,34281.09,0.9413,3.2267,94.1261,<₹25L
Kia,Niro EV,2025,Base,55056.42,81.0,274.0,99.8,6.27,160.0,541.0,502.0,RWD,7,Coupe,20.3,1500.0,4,0,South Korea,Mid-range,118841,3.38,3,4597211.07,56755.69,0.596,3.3827,59.6014,₹25–50L
Hyundai,Kona Electric,2024,Premium,69523.19,77.9,274.0,115.1,6.78,145.0,852.0,751.0,RWD,7,Hatchback,18.4,1807.0,4,2,South Korea,Premium,133082,3.52,4,5805186.36,74521.01,0.472,3.5173,47.1992,₹50–75L
BYD,Atto 3,2024,Long Range,25253.73,99.1,355.0,139.7,5.45,167.0,197.0,200.0,FWD,7,Van,73.4,1891.0,4,0,China,Budget,158999,3.61,4,2108686.46,21278.37,1.6835,3.5822,168.3512,<₹25L
Kia,Sportage EV,2022,Long Range,89447.77,97.2,328.0,73.1,4.03,187.0,1000.0,921.0,FWD,5,SUV,69.6,2041.0,5,0,South Korea,Premium,135902,3.67,4,7468888.8,76840.42,0.4392,3.3745,43.9155,₹50–75L
BMW,iX,2025,Base,76098.9,67.8,221.0,149.8,6.59,150.0,535.0,453.0,FWD,5,SUV,40.4,1969.0,5,1,Germany,Premium,36766,3.35,8,6354258.15,93720.62,0.3478,3.2596,34.7798,₹50–75L
Audi,Q4 e-tron,2024,Base,103666.6,66.4,243.0,142.2,6.98,141.0,742.0,633.0,FWD,5,Truck,64.1,2348.0,4,2,Germany,Luxury,59232,3.4,6,8656161.1,130363.87,0.2807,3.6596,28.0725,₹75–100L
BMW,i4,2024,Standard,86675.29,62.4,204.0,145.8,5.1,172.0,640.0,578.0,FWD,5,Truck,67.2,2345.0,4,2,Germany,Premium,72572,3.35,8,7237386.72,115983.76,0.2819,3.2692,28.187,₹50–75L
GM/Chevrolet,Bolt EUV,2021,Standard,64473.77,77.6,293.0,135.5,6.86,143.0,834.0,769.0,FWD,5,Truck,66.0,2241.0,4,0,US,Mid-range,9147,3.72,4,5383559.8,69375.77,0.5442,3.7758,54.425,₹50–75L
Tesla,Cybertruck,2025,Base,55743.68,46.8,183.0,220.8,5.76,168.0,398.0,339.0,AWD,5,Truck,52.1,2748.0,4,2,US,Mid-range,237895,3.33,5,4654597.28,99457.21,0.3932,3.9103,39.316,₹25–50L
Hyundai,i30,2025,Performance,72352.97,86.6,289.0,157.1,3.15,200.0,921.0,811.0,RWD,5,Van,63.6,1868.0,3,0,South Korea,Premium,107166,3.51,4,6041473.0,69762.97,0.4784,3.3372,47.836,₹50–75L
Tesla,Model 3,2024,Performance,92846.92,75.3,265.0,226.2,4.28,180.0,653.0,618.0,RWD,5,Sedan,21.8,1500.0,3,2,US,Premium,187727,3.9,4,7752717.82,102957.74,0.3418,3.5193,34.1816,₹75–100L
BYD,Dolphin,2025,Base,64952.61,79.2,299.0,135.5,7.42,144.0,769.0,669.0,AWD,7,Coupe,35.0,1563.0,5,2,China,Mid-range,246706,3.79,4,5423542.94,68479.08,0.5513,3.7753,55.13,₹50–75L
GM/Chevrolet,Equinox EV,2024,Base,32869.42,73.8,276.0,87.4,5.87,157.0,282.0,288.0,FWD,5,SUV,40.0,2125.0,3,0,US,Budget,10258,3.6,4,2744596.57,37189.66,1.0056,3.7398,100.5612,₹25–50L
Volvo,C40 Recharge,2022,Base,46215.01,45.9,150.0,127.8,5.43,165.0,215.0,200.0,FWD,5,Hatchback,20.7,1790.0,5,1,Sweden,Mid-range,17974,3.32,3,3858953.34,84073.06,0.3887,3.268,38.8706,₹25–50L
Tesla,Model 3,2025,Premium,109716.37,72.9,254.0,269.0,7.48,140.0,761.0,696.0,AWD,7,Truck,75.7,2588.0,5,2,US,Luxury,176733,3.77,4,9161316.9,125669.64,0.2773,3.4842,27.7253,₹75–100L
Volkswagen,ID.4,2022,Long Range,82795.09,103.2,345.0,103.7,4.66,181.0,931.0,861.0,AWD,7,Coupe,20.5,1581.0,4,0,Germany,Premium,263434,3.53,5,6913390.02,66990.21,0.499,3.343,49.9032,₹50–75L
Ford,Mustang Mach-E,2026,Long Range,61924.92,108.2,354.0,77.3,5.13,168.0,651.0,587.0,FWD,7,Van,68.3,1684.0,4,1,US,Mid-range,37462,3.75,5,5170730.82,47788.64,0.6846,3.2717,68.4623,₹50–75L
BYD,Leaf 50X,2025,Long Range,51480.21,84.7,320.0,50.9,5.99,158.0,596.0,507.0,AWD,5,Hatchback,21.7,1730.0,5,0,China,Mid-range,132415,3.44,5,4298597.54,50750.86,0.7444,3.778,74.4429,₹25–50L
Kia,Sportage EV,2026,Standard,75695.59,58.1,208.0,85.2,6.28,151.0,904.0,810.0,AWD,5,SUV,56.3,1910.0,4,2,South Korea,Premium,99994,3.36,4,6320581.76,108787.98,0.3291,3.58,32.9084,₹50–75L
GM/Chevrolet,Blazer EV,2023,Base,30572.73,55.2,208.0,113.6,7.82,134.0,222.0,209.0,AWD,7,Coupe,34.1,1561.0,4,0,US,Budget,13459,3.31,4,2552822.96,46246.79,0.8148,3.7681,81.4784,₹25–50L
Kia,Sportage EV,2021,Performance,92296.55,118.8,403.0,218.8,3.5,197.0,1000.0,906.0,RWD,5,SUV,49.7,2329.0,5,0,South Korea,Premium,79309,3.97,4,7706761.92,64871.73,0.5229,3.3923,52.2917,₹75–100L
Tesla,Model S,2023,Base,41460.27,53.8,191.0,277.0,6.4,155.0,277.0,278.0,RWD,5,Van,78.4,1500.0,4,2,US,Mid-range,119951,3.56,4,3461932.54,64348.19,0.5517,3.5502,55.1715,₹25–50L
Volkswagen,ID.3,2025,Standard,53934.12,54.5,187.0,68.5,6.33,143.0,534.0,464.0,FWD,7,Sedan,33.7,1763.0,5,1,Germany,Mid-range,220093,3.36,3,4503499.02,82633.01,0.4152,3.4312,41.5233,₹25–50L
Ford,Explorer EV,2024,Premium,86809.78,64.0,201.0,144.5,7.58,126.0,1000.0,931.0,AWD,7,Truck,78.6,2676.0,4,2,US,Premium,40976,3.0,3,7248616.63,113259.63,0.2773,3.1406,27.7294,₹50–75L
Kia,EV9,2024,Performance,107669.85,101.4,345.0,247.6,2.61,200.0,1000.0,905.0,AWD,7,SUV,42.4,1870.0,5,0,South Korea,Luxury,128063,4.17,4,8990432.48,88663.04,0.3837,3.4024,38.3741,₹75–100L
Tesla,Cybertruck,2025,Premium,113505.79,80.7,286.0,323.1,6.52,155.0,854.0,760.0,RWD,5,Truck,51.4,2737.0,4,3,US,Luxury,162101,3.9,5,9477733.46,117444.03,0.3018,3.544,30.176,₹75–100L
GM/Chevrolet,Bolt EV,2024,Standard,37659.35,52.6,166.0,66.3,6.06,154.0,425.0,341.0,AWD,7,Sedan,29.7,1500.0,5,0,US,Mid-range,14766,3.22,4,3144555.72,59782.43,0.5279,3.1559,52.7897,₹25–50L
Tesla,Cybertruck,2025,Long Range,118632.47,86.9,300.0,238.9,4.75,168.0,867.0,784.0,FWD,5,Truck,62.8,2731.0,5,2,US,Luxury,209669,3.98,5,9905811.24,113990.92,0.3029,3.4522,30.2853,₹75–100L
GM/Chevrolet,Bolt EUV,2026,Premium,71451.17,77.0,267.0,102.3,7.57,130.0,979.0,856.0,AWD,7,Van,71.5,1633.0,5,0,US,Premium,1367,3.49,3,5966172.7,77482.76,0.4475,3.4675,44.7523,₹50–75L
Tesla,Model S,2025,Base,66113.76,42.6,168.0,261.0,7.33,137.0,469.0,481.0,RWD,7,Sedan,34.0,1665.0,4,2,US,Premium,185813,3.27,5,5520498.96,129589.18,0.3043,3.9437,30.432,₹50–75L
Toyota,bZ4X,2022,Premium,46862.78,63.4,215.0,101.5,6.6,151.0,390.0,345.0,AWD,7,Sedan,26.9,1614.0,5,0,Japan,Mid-range,1920,3.39,4,3913042.13,61719.91,0.5494,3.3912,54.9445,₹25–50L
Volkswagen,ID.3,2023,Performance,70444.74,90.5,338.0,176.8,4.38,185.0,775.0,702.0,FWD,7,Truck,67.1,2184.0,4,2,Germany,Premium,214221,3.69,4,5882135.79,64995.98,0.5746,3.7348,57.4621,₹50–75L
BYD,Qin,2022,Long Range,77020.14,86.6,333.0,87.9,5.6,161.0,792.0,733.0,FWD,5,Van,74.4,1500.0,5,1,China,Premium,167490,3.58,4,6431181.69,74263.07,0.5178,3.8453,51.779,₹50–75L
Tesla,Model S,2025,Performance,169177.37,89.9,303.0,309.6,3.53,200.0,1000.0,898.0,RWD,7,SUV,66.8,2131.0,4,3,US,Luxury,130032,3.68,6,14126310.4,157133.6,0.2145,3.3704,21.4493,₹100–150L
BYD,Atto 3,2025,Base,39603.87,75.1,266.0,100.7,5.93,158.0,525.0,432.0,AWD,5,Van,76.7,1754.0,5,0,China,Mid-range,195375,3.46,4,3306923.14,44033.6,0.8044,3.5419,80.4373,₹25–50L
Audi,Q4 e-tron,2023,Base,48523.32,82.6,283.0,91.7,7.19,137.0,157.0,200.0,AWD,5,SUV,55.9,2208.0,5,2,Germany,Mid-range,57366,3.57,6,4051697.22,49052.02,0.6985,3.4262,69.8473,₹25–50L
Xiaomi,SU7,2021,Long Range,49221.78,80.4,266.0,104.9,4.65,176.0,353.0,314.0,AWD,5,Hatchback,28.7,1717.0,5,2,China,Mid-range,23659,3.6,3,4110018.63,51119.63,0.6472,3.3085,64.7199,₹25–50L
Volkswagen,ID.3,2023,Premium,57817.4,40.4,167.0,88.6,5.78,156.0,536.0,511.0,AWD,5,Truck,70.7,2281.0,5,1,Germany,Mid-range,227778,3.41,3,4827752.9,119498.83,0.3459,4.1337,34.5917,₹25–50L
Volkswagen,ID. Buzz,2020,Standard,72240.69,59.6,178.0,99.9,6.94,143.0,750.0,689.0,FWD,5,Sedan,34.8,1734.0,4,1,Germany,Premium,255858,3.29,3,6032097.62,101209.69,0.2951,2.9866,29.5088,₹50–75L
GM/Chevrolet,Equinox EV,2022,Premium,82968.06,75.4,253.0,145.5,5.92,163.0,1000.0,913.0,AWD,7,SUV,36.1,2053.0,4,0,US,Premium,7825,3.4,4,6927833.01,91881.07,0.3652,3.3554,36.5194,₹50–75L
Audi,e-tron,2023,Long Range,82135.99,78.3,272.0,70.7,4.67,170.0,456.0,415.0,AWD,5,Sedan,35.8,1600.0,4,1,Germany,Premium,56851,3.65,6,6858355.16,87590.74,0.3966,3.4738,39.6597,₹50–75L
Kia,EV9,2020,Base,33055.17,58.2,200.0,83.2,6.11,158.0,176.0,200.0,AWD,7,SUV,55.5,2035.0,4,0,South Korea,Budget,139463,3.31,3,2760106.7,47424.51,0.7246,3.4364,72.461,₹25–50L
Volkswagen,ID.4,2022,Performance,97372.99,74.1,240.0,226.0,2.5,200.0,1000.0,878.0,AWD,5,Sedan,26.0,1616.0,4,0,Germany,Premium,246097,3.31,4,8130644.66,109725.3,0.2952,3.2389,29.518,₹75–100L
Volkswagen,ID.3,2024,Long Range,62606.34,101.2,370.0,104.7,4.37,186.0,640.0,593.0,RWD,5,Coupe,27.3,1892.0,4,0,Germany,Mid-range,233529,3.84,3,5227629.39,51656.42,0.7078,3.6561,70.7778,₹50–75L
GM/Chevrolet,Silverado EV,2024,Premium,80871.59,62.6,196.0,135.2,5.27,170.0,1000.0,911.0,AWD,5,Hatchback,15.1,1778.0,3,1,US,Premium,24840,3.52,3,6752777.76,107871.85,0.2903,3.131,29.0251,₹50–75L
Tesla,Model 3,2025,Standard,27829.58,72.9,249.0,215.3,5.62,177.0,169.0,200.0,RWD,7,Van,65.9,1500.0,4,2,US,Budget,110913,3.78,6,2323769.93,31876.13,1.0715,3.4156,107.1535,<₹25L
BMW,i3,2025,Standard,104401.84,73.3,250.0,133.4,5.28,178.0,879.0,791.0,RWD,5,Coupe,38.9,1612.0,5,1,Germany,Luxury,64517,3.56,5,8717553.64,118929.79,0.2868,3.4106,28.6778,₹75–100L
Volkswagen,ID.3,2026,Performance,77434.92,112.5,381.0,202.0,3.97,195.0,813.0,732.0,RWD,5,Sedan,33.6,1972.0,5,1,Germany,Premium,250773,3.82,3,6465815.82,57473.92,0.5893,3.3867,58.9253,₹50–75L
Ford,F-150 Lightning,2025,Performance,55789.82,103.1,355.0,158.0,2.55,200.0,526.0,443.0,AWD,2,Truck,57.8,2494.0,3,0,US,Mid-range,58686,4.0,4,4658449.97,45183.8,0.7621,3.4433,76.2056,₹25–50L
Tesla,Model Y,2026,Long Range,43501.07,92.1,328.0,316.0,4.82,177.0,282.0,240.0,FWD,7,Hatchback,28.1,1575.0,4,2,US,Mid-range,417203,3.88,6,3632339.34,39439.08,0.903,3.5613,90.2999,₹25–50L
Kia,EV9,2024,Premium,73063.27,55.1,176.0,114.3,7.87,137.0,826.0,792.0,RWD,7,SUV,46.4,1899.0,5,0,South Korea,Premium,143775,3.53,4,6100783.04,110722.02,0.2885,3.1942,28.8488,₹50–75L
Hyundai,Ioniq 5,2022,Standard,34455.09,43.1,150.0,86.2,5.04,165.0,227.0,212.0,AWD,5,Van,72.0,1606.0,5,1,South Korea,Budget,120724,3.13,5,2877000.01,66751.74,0.5214,3.4803,52.1376,₹25–50L
BMW,i3,2024,Performance,123235.74,117.3,428.0,187.9,3.59,186.0,1000.0,922.0,AWD,7,Truck,54.0,2571.0,5,1,Germany,Luxury,49531,3.97,6,10290184.29,87725.36,0.4159,3.6488,41.593,₹100–150L
Tesla,Cybertruck,2024,Premium,117988.5,65.2,250.0,315.7,5.38,160.0,846.0,761.0,FWD,5,Truck,57.5,2492.0,4,2,US,Luxury,117423,3.81,5,9852039.75,151104.9,0.2538,3.8344,25.3755,₹75–100L
Kia,Niro EV,2024,Standard,39013.49,67.3,235.0,97.3,5.22,171.0,263.0,250.0,RWD,7,Van,60.9,1500.0,4,1,South Korea,Mid-range,124150,3.57,4,3257626.42,48404.55,0.7214,3.4918,72.1384,₹25–50L
Kia,Picanto EV,2024,Long Range,50328.06,106.7,389.0,137.5,5.25,165.0,491.0,455.0,RWD,5,Hatchback,22.9,1655.0,4,0,South Korea,Mid-range,79174,3.94,3,4202393.01,39385.13,0.9257,3.6457,92.5663,₹25–50L
Kia,Picanto EV,2025,Base,48934.98,67.0,228.0,121.3,6.09,154.0,439.0,379.0,FWD,7,Coupe,17.9,1500.0,5,1,South Korea,Mid-range,106640,3.38,4,4086070.83,60986.13,0.558,3.403,55.7993,₹25–50L
Kia,Sportage EV,2025,Premium,89200.56,62.2,211.0,64.2,6.77,149.0,1000.0,893.0,AWD,7,SUV,37.1,2168.0,4,1,South Korea,Premium,55676,3.0,5,7448246.76,119746.73,0.2833,3.3923,28.3288,₹50–75L
BMW,iX,2025,Long Range,133417.07,99.6,348.0,95.3,5.06,178.0,1000.0,946.0,RWD,7,Van,73.3,1852.0,4,1,Germany,Luxury,53580,3.85,8,11140325.34,111850.66,0.3124,3.494,31.2379,₹100–150L
Ford,Explorer EV,2025,Performance,63490.76,108.0,370.0,240.1,3.78,196.0,712.0,688.0,RWD,5,Sedan,32.3,1500.0,4,0,US,Mid-range,37708,3.81,4,5301478.46,49087.76,0.6979,3.4259,69.7919,₹50–75L
BYD,Leaf 50X,2025,Premium,109495.59,62.3,209.0,109.9,6.81,147.0,1000.0,906.0,RWD,7,Hatchback,29.5,1641.0,4,0,China,Luxury,180168,3.53,4,9142881.76,146755.73,0.2286,3.3547,22.8593,₹75–100L
Mercedes,EQE,2023,Standard,112177.54,67.5,236.0,115.6,7.88,128.0,598.0,509.0,RWD,7,Van,76.5,1500.0,4,1,Germany,Luxury,38676,3.75,6,9366824.59,138767.77,0.252,3.4963,25.1953,₹75–100L
Hyundai,Ioniq 6,2022,Premium,45588.01,53.8,175.0,86.1,5.73,159.0,446.0,421.0,AWD,5,Truck,75.2,2462.0,4,1,South Korea,Mid-range,103603,3.49,4,3806598.84,70754.63,0.4597,3.2528,45.9728,₹25–50L
Tesla,Model Y,2022,Long Range,79776.37,94.5,332.0,311.4,5.72,163.0,586.0,542.0,FWD,5,Truck,51.9,2482.0,3,2,US,Premium,488350,4.0,4,6661326.9,70490.23,0.4984,3.5132,49.8399,₹50–75L
Tesla,Model X,2024,Performance,138879.13,102.3,358.0,284.2,3.61,197.0,1000.0,899.0,AWD,5,Sedan,29.3,1500.0,4,2,US,Luxury,187901,4.23,5,11596407.36,113356.87,0.3087,3.4995,30.8716,₹100–150L
BYD,Qin,2021,Premium,78313.97,76.1,270.0,72.1,7.6,135.0,953.0,926.0,AWD,5,Sedan,25.7,1856.0,4,0,China,Premium,235914,3.5,4,6539216.5,85929.26,0.4129,3.548,41.2894,₹50–75L
Ford,E-Transit,2024,Standard,81564.12,82.3,294.0,77.8,6.96,151.0,942.0,877.0,AWD,5,Van,70.0,1521.0,5,0,US,Premium,70445,3.48,3,6810604.02,82753.39,0.4317,3.5723,43.168,₹50–75L
GM/Chevrolet,Silverado EV,2025,Base,62818.0,73.6,282.0,143.3,6.75,140.0,828.0,701.0,RWD,7,Hatchback,22.9,1500.0,5,0,US,Mid-range,4921,3.66,4,5245303.0,71267.7,0.5376,3.8315,53.7624,₹50–75L
Ford,Explorer EV,2026,Premium,99667.98,62.4,220.0,125.5,5.05,163.0,1000.0,983.0,RWD,5,Sedan,24.7,1528.0,5,0,US,Premium,21835,3.4,3,8322276.33,133369.81,0.2644,3.5256,26.4351,₹75–100L
Hyundai,i30,2023,Standard,33062.26,78.5,266.0,67.8,7.78,128.0,260.0,262.0,AWD,5,Van,72.6,1627.0,5,0,South Korea,Budget,88310,3.39,4,2760698.71,35168.14,0.9635,3.3885,96.3524,₹25–50L
Volkswagen,ID.3,2025,Performance,46781.6,118.1,405.0,195.5,2.63,200.0,384.0,393.0,RWD,5,Truck,54.2,2545.0,5,2,Germany,Mid-range,268903,3.86,5,3906263.6,33075.9,1.0368,3.4293,103.6796,₹25–50L
Tesla,Model S,2022,Standard,127540.88,49.1,186.0,349.5,5.72,163.0,905.0,847.0,RWD,5,Coupe,33.3,1500.0,3,2,US,Luxury,136670,3.54,5,10649663.48,216897.42,0.1747,3.7882,17.4653,₹100–150L
BYD,Seagull,2024,Standard,53792.67,73.2,287.0,103.2,7.36,136.0,515.0,469.0,RWD,5,SUV,58.7,1740.0,4,0,China,Mid-range,246202,3.6,5,4491687.94,61361.86,0.639,3.9208,63.8958,₹25–50L
Volkswagen,ID. Buzz,2023,Performance,110994.9,76.8,250.0,178.2,3.16,198.0,1000.0,854.0,RWD,5,SUV,64.6,2041.0,5,2,Germany,Luxury,225518,3.24,4,9268074.15,120678.05,0.2697,3.2552,26.9743,₹75–100L
Tesla,Model X,2022,Long Range,85291.7,102.2,332.0,213.5,4.09,184.0,551.0,472.0,FWD,7,Van,72.4,1585.0,5,3,US,Premium,146415,3.95,4,7121856.95,69685.49,0.4662,3.2485,46.6171,₹50–75L
BYD,Seagull,2024,Standard,83643.93,76.5,285.0,54.8,6.71,154.0,928.0,833.0,FWD,5,Van,62.2,1686.0,5,0,China,Premium,218991,3.84,4,6984268.15,91297.62,0.4081,3.7255,40.806,₹50–75L
Kia,EV6,2025,Performance,117355.84,92.1,333.0,226.6,4.5,191.0,1000.0,877.0,AWD,5,Coupe,17.9,1599.0,4,2,South Korea,Luxury,136386,3.73,4,9799212.64,106397.53,0.3398,3.6156,33.9823,₹75–100L
GM/Chevrolet,Silverado EV,2023,Performance,95648.05,112.2,409.0,226.3,2.96,200.0,1000.0,920.0,RWD,5,Truck,61.7,2567.0,4,0,US,Premium,20948,3.66,5,7986612.18,71181.93,0.5121,3.6453,51.2107,₹75–100L
Xiaomi,SU7,2025,Base,55836.28,53.9,182.0,113.5,7.22,137.0,481.0,404.0,AWD,5,SUV,64.3,2092.0,4,1,China,Mid-range,22178,3.55,5,4662329.38,86499.62,0.3904,3.3766,39.0363,₹25–50L
Rivian,R2,2025,Long Range,102186.85,81.0,292.0,92.6,4.5,180.0,1000.0,892.0,RWD,5,Hatchback,30.2,1603.0,5,0,US,Luxury,2112,3.37,4,8532601.98,105340.77,0.3422,3.6049,34.2217,₹75–100L
BMW,i4,2025,Long Range,101731.56,98.6,360.0,120.9,5.12,183.0,853.0,812.0,FWD,5,Truck,55.2,2234.0,4,1,Germany,Luxury,41594,3.71,7,8494585.26,86151.98,0.4238,3.6511,42.3799,₹75–100L
Volkswagen,ID. Aero,2023,Base,44658.67,73.2,219.0,131.4,7.67,140.0,326.0,304.0,FWD,5,Sedan,27.4,1726.0,5,1,Germany,Mid-range,256210,3.39,5,3728998.94,50942.61,0.5873,2.9918,58.7289,₹25–50L
BMW,i3,2024,Premium,104797.89,46.5,162.0,73.9,5.75,160.0,916.0,795.0,AWD,7,Hatchback,17.2,1658.0,5,2,Germany,Luxury,26942,3.17,7,8750623.82,188185.46,0.1851,3.4839,18.513,₹75–100L
Ford,F-150 Lightning,2025,Premium,53246.45,42.9,171.0,69.9,8.0,137.0,543.0,481.0,RWD,2,Truck,66.6,2253.0,4,2,US,Mid-range,30016,3.29,3,4446078.58,103638.2,0.3846,3.986,38.4609,₹25–50L
Tesla,Model S,2025,Premium,176582.51,50.4,188.0,237.2,6.19,153.0,1000.0,901.0,RWD,5,SUV,49.2,1951.0,4,2,US,Luxury,199834,3.74,4,14744639.58,292552.37,0.1275,3.7302,12.7504,₹100–150L
Volkswagen,ID.4,2023,Long Range,78653.83,94.4,350.0,75.5,4.49,189.0,818.0,716.0,FWD,7,Coupe,25.0,1665.0,5,0,Germany,Premium,204287,3.97,4,6567594.8,69571.98,0.5329,3.7076,53.292,₹50–75L
Mercedes,EQC,2024,Standard,113687.69,81.5,274.0,139.1,7.69,128.0,650.0,556.0,FWD,7,Van,60.8,1500.0,4,2,Germany,Luxury,59376,3.82,8,9492922.12,116477.57,0.2886,3.362,28.8636,₹75–100L
Volkswagen,ID.4,2024,Performance,61036.31,77.7,243.0,248.0,3.41,193.0,616.0,531.0,AWD,5,Coupe,36.0,1750.0,4,1,Germany,Mid-range,274419,3.18,4,5096531.88,65592.43,0.4768,3.1274,47.6795,₹50–75L
Kia,EV6,2026,Performance,46823.3,98.4,366.0,151.7,3.16,198.0,473.0,442.0,RWD,5,Sedan,34.7,1581.0,3,0,South Korea,Mid-range,141318,3.75,3,3909745.55,39733.19,0.9361,3.7195,93.6122,₹25–50L
Kia,Picanto EV,2022,Long Range,73622.08,94.4,291.0,141.7,4.02,187.0,852.0,746.0,FWD,5,SUV,41.4,1901.0,5,2,South Korea,Premium,128389,3.38,4,6147443.68,65121.23,0.4734,3.0826,47.3367,₹50–75L
Tesla,Cybertruck,2026,Performance,70200.56,85.0,286.0,209.3,3.65,189.0,498.0,438.0,RWD,5,Truck,73.4,2486.0,5,2,US,Premium,166507,3.89,4,5861746.76,68961.73,0.4879,3.3647,48.7909,₹50–75L
Volkswagen,ID. Aero,2025,Performance,86735.2,77.5,296.0,203.5,4.31,188.0,975.0,841.0,AWD,7,Van,72.5,1665.0,5,0,Germany,Premium,261533,3.15,3,7242389.2,93450.18,0.4087,3.8194,40.8705,₹50–75L
BYD,Max,2024,Premium,105441.86,57.2,209.0,54.8,6.44,152.0,1000.0,896.0,AWD,7,Truck,53.1,2431.0,5,0,China,Luxury,226549,3.32,5,8804395.31,153922.99,0.2374,3.6538,23.7381,₹75–100L
Tesla,Cybertruck,2025,Base,98106.32,49.7,172.0,224.2,7.4,143.0,674.0,592.0,AWD,5,Truck,52.7,2705.0,4,2,US,Premium,221459,3.6,5,8191877.72,164826.51,0.21,3.4608,20.9964,₹75–100L
Tesla,Model 3,2024,Premium,128470.34,75.7,268.0,263.7,7.17,140.0,913.0,812.0,RWD,7,Truck,77.7,2712.0,3,2,US,Luxury,244654,3.62,6,10727273.39,141707.71,0.2498,3.5403,24.983,₹100–150L
Mercedes,GLE EV,2025,Premium,92407.64,58.0,199.0,90.5,6.1,167.0,380.0,329.0,RWD,5,Sedan,21.4,1500.0,4,1,Germany,Premium,22464,3.52,5,7716037.94,133035.14,0.2579,3.431,25.7904,₹75–100L
BYD,Dolphin,2022,Base,71011.58,47.4,159.0,97.0,7.76,132.0,792.0,662.0,FWD,5,SUV,45.2,2283.0,4,0,China,Premium,210658,3.09,4,5929466.93,125094.24,0.2682,3.3544,26.8152,₹50–75L
Hyundai,Kona Electric,2025,Long Range,92989.48,91.0,315.0,115.3,5.49,166.0,1000.0,954.0,RWD,7,SUV,50.4,1766.0,5,2,South Korea,Premium,132728,3.62,4,7764621.58,85325.51,0.4057,3.4615,40.5686,₹75–100L
BYD,Leaf 50X,2023,Standard,74284.45,84.2,286.0,132.1,6.13,162.0,865.0,781.0,FWD,5,Truck,57.8,2198.0,5,1,China,Premium,128075,3.77,5,6202751.58,73666.88,0.4611,3.3967,46.1086,₹50–75L
NIO,ET6,2024,Standard,78059.06,66.6,252.0,118.3,6.02,157.0,657.0,597.0,FWD,7,SUV,36.6,2102.0,5,0,China,Premium,24158,3.33,5,6517931.51,97866.84,0.3866,3.7838,38.6626,₹50–75L
BYD,Seagull,2023,Premium,109450.6,64.2,232.0,67.3,7.02,143.0,1000.0,898.0,AWD,5,Sedan,31.0,1504.0,5,2,China,Luxury,128508,3.59,4,9139125.1,142353.97,0.2539,3.6137,25.3854,₹75–100L
Volkswagen,ID.3,2024,Premium,49550.91,41.8,150.0,143.1,6.85,153.0,490.0,386.0,AWD,7,Coupe,32.0,1737.0,3,1,Germany,Mid-range,222078,3.54,4,4137500.99,98983.28,0.3625,3.5885,36.2538,₹25–50L
Mercedes,EQG,2025,Long Range,102050.83,92.4,312.0,53.2,4.32,178.0,474.0,389.0,AWD,5,Coupe,24.1,1700.0,5,1,Germany,Luxury,26785,3.93,7,8521244.3,92221.26,0.3661,3.3766,36.6144,₹75–100L
Mercedes,EQE,2026,Premium,93286.78,82.1,282.0,142.9,7.41,136.0,457.0,407.0,FWD,5,Hatchback,37.5,1500.0,3,1,Germany,Premium,49781,3.74,8,7789446.13,94877.54,0.362,3.4348,36.2028,₹75–100L
Tesla,Model X,2023,Performance,164467.67,113.9,371.0,279.4,3.22,200.0,1000.0,848.0,RWD,5,Van,66.0,1822.0,5,2,US,Luxury,146842,3.92,4,13733050.44,120571.12,0.2702,3.2572,27.0151,₹100–150L
Ford,Mustang Mach-E,2025,Long Range,62237.09,86.7,299.0,97.0,5.35,166.0,680.0,604.0,FWD,5,Sedan,25.1,1557.0,5,1,US,Mid-range,34572,3.49,4,5196797.01,59939.99,0.5754,3.4487,57.5354,₹50–75L
Hyundai,Ioniq 5,2023,Standard,55335.52,51.9,156.0,87.3,5.55,176.0,665.0,612.0,FWD,5,Van,60.1,1644.0,3,0,South Korea,Mid-range,84896,3.28,5,4620515.92,89027.28,0.3376,3.0058,33.7625,₹25–50L
Hyundai,Ioniq,2026,Standard,37257.29,52.5,164.0,104.7,5.96,160.0,257.0,213.0,AWD,5,SUV,43.0,2264.0,3,1,South Korea,Mid-range,64933,3.24,5,3110983.72,59256.83,0.5272,3.1238,52.7164,₹25–50L
Tesla,Cybertruck,2025,Long Range,45726.22,92.1,327.0,234.9,5.54,161.0,336.0,360.0,RWD,5,Truck,58.1,2592.0,5,2,US,Mid-range,240212,3.99,5,3818139.37,41456.45,0.8564,3.5505,85.6438,₹25–50L
Tesla,Model Y,2025,Long Range,107944.96,81.0,289.0,219.3,5.45,162.0,773.0,713.0,AWD,7,Hatchback,37.4,1644.0,4,2,US,Luxury,410789,3.91,5,9013404.16,111276.59,0.3206,3.5679,32.0634,₹75–100L
GM/Chevrolet,Silverado EV,2020,Long Range,45327.78,86.2,305.0,77.6,4.96,174.0,493.0,447.0,AWD,5,Coupe,35.5,1796.0,4,0,US,Mid-range,20824,3.63,3,3784869.63,43908.0,0.8058,3.5383,80.584,₹25–50L
Hyundai,Ioniq 5,2023,Long Range,41738.1,88.1,330.0,140.9,5.47,167.0,392.0,339.0,RWD,7,Hatchback,36.5,1697.0,5,0,South Korea,Mid-range,92151,3.69,4,3485131.35,39558.81,0.9469,3.7457,94.688,₹25–50L
Volkswagen,ID. Aero,2026,Base,69452.44,63.6,224.0,70.1,6.86,148.0,732.0,617.0,RWD,7,Van,65.3,1614.0,4,0,Germany,Premium,260693,3.66,5,5799278.74,91183.63,0.3863,3.522,38.6255,₹50–75L
GM/Chevrolet,Equinox EV,2021,Performance,65656.76,86.5,340.0,170.0,4.06,190.0,876.0,788.0,AWD,5,SUV,59.1,2129.0,5,0,US,Premium,12802,3.96,5,5482339.46,63379.65,0.6202,3.9306,62.0173,₹50–75L
Ford,E-Transit,2025,Base,61660.35,67.9,221.0,89.6,5.21,167.0,673.0,572.0,RWD,7,Coupe,27.1,1660.0,4,2,US,Mid-range,27087,3.6,5,5148639.22,75826.79,0.4292,3.2548,42.924,₹50–75L
Tesla,Model 3,2025,Standard,72436.36,83.0,289.0,317.2,5.85,147.0,541.0,464.0,AWD,7,Van,64.4,1777.0,3,3,US,Premium,139369,3.74,5,6048436.06,72872.72,0.4778,3.4819,47.7809,₹50–75L
Kia,EV9,2025,Long Range,49012.19,102.8,368.0,149.2,4.48,185.0,484.0,432.0,AWD,5,SUV,52.7,1708.0,5,0,South Korea,Mid-range,114969,3.93,4,4092517.86,39810.49,0.8992,3.5798,89.9202,₹25–50L
Tesla,Model S,2026,Base,119417.95,65.3,248.0,212.2,7.14,145.0,885.0,775.0,AWD,7,Sedan,24.6,1500.0,5,2,US,Luxury,170811,3.7,4,9971398.82,152701.36,0.2487,3.7979,24.8711,₹75–100L
GM/Chevrolet,Equinox EV,2024,Standard,34301.37,70.0,218.0,59.2,5.68,163.0,333.0,310.0,RWD,7,SUV,39.4,2077.0,4,1,US,Budget,738,3.6,3,2864164.4,40916.63,0.7611,3.1143,76.1129,₹25–50L
BMW,i3,2023,Long Range,122665.71,102.1,360.0,92.0,4.21,190.0,1000.0,935.0,FWD,5,Hatchback,38.3,1500.0,5,2,Germany,Luxury,66187,3.78,7,10242586.78,100319.17,0.3515,3.526,35.1474,₹100–150L
Toyota,bZ4X,2024,Performance,66816.55,110.6,367.0,236.3,4.25,181.0,783.0,733.0,AWD,5,Hatchback,23.1,1863.0,4,0,Japan,Premium,11062,3.79,4,5579181.92,50444.68,0.6578,3.3183,65.7803,₹50–75L
Tesla,Model 3,2025,Long Range,49281.26,90.6,325.0,325.6,5.55,167.0,351.0,324.0,RWD,7,Truck,74.6,2920.0,3,3,US,Mid-range,224804,4.1,6,4114985.21,45419.26,0.7898,3.5872,78.9796,₹25–50L
Tesla,Model X,2026,Premium,139665.73,70.7,248.0,330.7,5.07,175.0,1000.0,875.0,RWD,5,Coupe,34.8,1500.0,3,2,US,Luxury,165373,3.66,4,11662088.46,164951.75,0.2127,3.5078,21.2655,₹100–150L
BYD,Qin,2025,Premium,47547.88,67.4,246.0,67.2,6.76,156.0,522.0,494.0,RWD,5,Coupe,28.5,1512.0,4,0,China,Mid-range,214113,3.41,4,3970247.98,58905.76,0.6196,3.6499,61.9609,₹25–50L
