brand,model,year,variant,horsepower,torque_nm,acceleration_0_60_mph,top_speed_mph,price_inr,market_segment,power_to_price
Tesla,Model X,2023,Performance,1000.0,848.0,3.22,200.0,13733050.44,Luxury,72.817
BYD,Seagull,2023,Premium,1000.0,898.0,7.02,143.0,9139125.1,Luxury,109.4197
Hyundai,Kona Electric,2025,Long Range,1000.0,954.0,5.49,166.0,7764621.58,Premium,128.7893
BYD,Max,2024,Premium,1000.0,896.0,6.44,152.0,8804395.31,Luxury,113.5796
Kia,Niro EV,2024,Performance,1000.0,919.0,3.24,200.0,8846546.11,Luxury,113.0385
Hyundai,Ioniq 6,2025,Performance,1000.0,905.0,3.08,200.0,7184820.12,Premium,139.1823
Ford,Mustang Mach-E,2025,Performance,1000.0,924.0,3.87,188.0,8060049.59,Premium,124.0687
BYD,Yuan Plus,2024,Performance,1000.0,902.0,3.42,200.0,9589108.27,Luxury,104.285
Kia,Picanto EV,2025,Premium,1000.0,855.0,7.95,135.0,8921824.7,Luxury,112.0847
Tesla,Model S,2025,Premium,1000.0,901.0,6.19,153.0,14744639.58,Luxury,67.8213
Rivian,R2,2025,Long Range,1000.0,892.0,4.5,180.0,8532601.98,Luxury,117.1975
GM/Chevrolet,Silverado EV,2023,Performance,1000.0,920.0,2.96,200.0,7986612.18,Premium,125.2095
Kia,EV6,2025,Performance,1000.0,877.0,4.5,191.0,9799212.64,Luxury,102.049
Volkswagen,ID. Buzz,2023,Performance,1000.0,854.0,3.16,198.0,9268074.15,Luxury,107.8973
Ford,Explorer EV,2026,Premium,1000.0,983.0,5.05,163.0,8322276.33,Premium,120.1594
Tesla,Model X,2024,Performance,1000.0,899.0,3.61,197.0,11596407.36,Luxury,86.2336
BYD,Leaf 50X,2025,Premium,1000.0,906.0,6.81,147.0,9142881.76,Luxury,109.3747
BMW,i3,2024,Long Range,1000.0,988.0,4.2,193.0,10052347.9,Luxury,99.4792
BMW,i7,2025,Performance,1000.0,908.0,4.2,190.0,13090619.82,Luxury,76.3906
BMW,iX,2025,Long Range,1000.0,946.0,5.06,178.0,11140325.34,Luxury,89.764
Kia,Sportage EV,2025,Premium,1000.0,893.0,6.77,149.0,7448246.76,Premium,134.2598
BMW,i3,2024,Performance,1000.0,922.0,3.59,186.0,10290184.29,Luxury,97.18
GM/Chevrolet,Silverado EV,2024,Premium,1000.0,911.0,5.27,170.0,6752777.76,Premium,148.0872
Volkswagen,ID.4,2022,Performance,1000.0,878.0,2.5,200.0,8130644.66,Premium,122.9915
GM/Chevrolet,Equinox EV,2022,Premium,1000.0,913.0,5.92,163.0,6927833.01,Premium,144.3453
Tesla,Model S,2025,Performance,1000.0,898.0,3.53,200.0,14126310.4,Luxury,70.7899
Kia,EV9,2024,Performance,1000.0,905.0,2.61,200.0,8990432.48,Luxury,111.2294
Ford,Explorer EV,2024,Premium,1000.0,931.0,7.58,126.0,7248616.63,Premium,137.9574
Kia,Sportage EV,2021,Performance,1000.0,906.0,3.5,197.0,7706761.92,Premium,129.7562
Kia,Sportage EV,2022,Long Range,1000.0,921.0,4.03,187.0,7468888.8,Premium,133.8887
Ford,F-150 Lightning,2024,Long Range,1000.0,902.0,4.68,187.0,7410088.93,Premium,134.9511
Tesla,Model Y,2024,Premium,1000.0,929.0,5.49,152.0,11877065.88,Luxury,84.1959
NIO,EL6,2024,Performance,1000.0,847.0,2.82,200.0,12037082.78,Luxury,83.0766
BMW,i5,2026,Long Range,1000.0,891.0,5.83,160.0,10494831.1,Luxury,95.285
GM/Chevrolet,Silverado EV,2025,Premium,1000.0,910.0,6.63,157.0,5908383.18,Premium,169.251
Volkswagen,ID.4,2023,Long Range,1000.0,868.0,5.17,177.0,7876570.86,Premium,126.9588
Mercedes,EQC,2025,Performance,1000.0,943.0,4.32,185.0,15723228.69,Luxury,63.6002
Kia,Sportage EV,2024,Long Range,1000.0,842.0,4.04,194.0,7952936.62,Premium,125.7397
Fisker,Ronin,2020,Performance,1000.0,935.0,3.68,197.0,11949416.96,Luxury,83.6861
BYD,Max,2023,Long Range,1000.0,918.0,4.95,180.0,7854401.62,Premium,127.3171
Rivian,R3,2024,Performance,1000.0,918.0,3.13,196.0,8850709.42,Luxury,112.9853
Mercedes,GLE EV,2021,Performance,1000.0,912.0,4.22,189.0,14008002.58,Luxury,71.3878
Ford,E-Transit,2024,Premium,1000.0,928.0,6.92,139.0,8177072.34,Premium,122.2932
Tesla,Model Y,2025,Long Range,1000.0,893.0,4.48,191.0,12303375.97,Luxury,81.2785
NIO,EL8,2025,Premium,1000.0,879.0,7.78,132.0,8763629.78,Luxury,114.108
Kia,Niro EV,2025,Performance,1000.0,893.0,2.85,200.0,9226628.93,Luxury,108.3819
Volkswagen,ID.3,2023,Premium,1000.0,862.0,7.43,141.0,8317399.93,Premium,120.2299
BYD,Qin,2025,Performance,1000.0,942.0,3.67,200.0,8468423.04,Luxury,118.0857
BYD,Dolphin,2024,Premium,1000.0,935.0,6.95,147.0,8393922.67,Luxury,119.1338
Tesla,Model 3,2025,Performance,1000.0,931.0,3.06,200.0,14142096.9,Luxury,70.7109
GM/Chevrolet,Equinox EV,2024,Long Range,1000.0,916.0,4.44,179.0,6568821.42,Premium,152.2343
GM/Chevrolet,Bolt EUV,2025,Performance,1000.0,893.0,4.21,192.0,8521123.23,Luxury,117.3554
Volkswagen,ID.5,2025,Long Range,1000.0,873.0,5.38,170.0,7942179.32,Premium,125.91
BYD,Dolphin,2021,Premium,1000.0,856.0,5.34,164.0,8938955.56,Luxury,111.8699
Tesla,Cybertruck,2023,Performance,1000.0,870.0,2.97,200.0,15235708.1,Luxury,65.6353
GM/Chevrolet,Bolt EUV,2024,Premium,1000.0,966.0,5.43,168.0,6301009.36,Premium,158.7047
BMW,i3,2023,Premium,1000.0,891.0,5.91,158.0,10545719.34,Luxury,94.8252
Audi,Q4 e-tron,2025,Premium,1000.0,879.0,6.23,161.0,12898674.19,Luxury,77.5273
BMW,iX,2023,Long Range,1000.0,885.0,4.3,186.0,10882095.75,Luxury,91.8941
Hyundai,i30,2026,Premium,1000.0,924.0,7.68,135.0,6947185.8,Premium,143.9432
Ford,E-Transit,2024,Performance,1000.0,919.0,3.5,200.0,8280876.2,Premium,120.7602
Hyundai,Ioniq,2025,Premium,1000.0,852.0,5.34,169.0,6527941.49,Premium,153.1876
Hyundai,Kona Electric,2023,Long Range,1000.0,880.0,4.83,179.0,7476683.52,Premium,133.7491
Kia,Niro EV,2026,Performance,1000.0,879.0,3.68,199.0,7469646.98,Premium,133.8751
Toyota,bZ4X,2021,Performance,1000.0,920.0,3.95,182.0,7840565.66,Premium,127.5418
GM/Chevrolet,Blazer EV,2024,Long Range,1000.0,904.0,4.51,181.0,7162162.4,Premium,139.6226
Kia,Niro EV,2023,Premium,1000.0,874.0,6.08,158.0,7731623.22,Premium,129.3389
GM/Chevrolet,Blazer EV,2024,Long Range,1000.0,882.0,4.19,184.0,6392800.08,Premium,156.426
BYD,Leaf 50X,2024,Premium,1000.0,888.0,6.15,155.0,8380075.86,Luxury,119.3307
Tesla,Cybertruck,2024,Long Range,1000.0,962.0,4.06,186.0,13270312.65,Luxury,75.3562
BYD,Max,2026,Performance,1000.0,906.0,2.59,200.0,8480368.55,Luxury,117.9194
Hyundai,Ioniq,2024,Performance,1000.0,904.0,4.41,185.0,8682865.24,Luxury,115.1694
Xiaomi,SU7,2024,Premium,1000.0,910.0,5.61,173.0,7457438.44,Premium,134.0943
Hyundai,i30,2026,Premium,1000.0,893.0,6.71,152.0,7933113.72,Premium,126.0539
BYD,Max,2023,Long Range,1000.0,899.0,5.51,171.0,8263275.23,Premium,121.0174
Hyundai,Ioniq 5,2022,Performance,1000.0,920.0,4.12,194.0,7327727.87,Premium,136.4679
Ford,F-150 Lightning,2024,Performance,1000.0,902.0,4.25,189.0,9436347.52,Luxury,105.9732
Kia,EV6,2023,Premium,1000.0,942.0,6.15,151.0,6880692.25,Premium,145.3342
Volkswagen,ID.5,2025,Long Range,1000.0,893.0,4.8,176.0,8496740.4,Luxury,117.6922
Rivian,R2,2021,Performance,1000.0,887.0,2.76,200.0,9486793.22,Luxury,105.4097
Mercedes,EQC,2025,Premium,1000.0,877.0,6.56,152.0,16948288.08,Luxury,59.003
BMW,i3,2024,Performance,1000.0,942.0,2.77,200.0,10869708.52,Luxury,91.9988
Tesla,Model 3,2025,Premium,1000.0,857.0,6.63,155.0,12750961.86,Luxury,78.4255
Hyundai,Kona Electric,2022,Long Range,1000.0,907.0,5.88,165.0,7056887.27,Premium,141.7055
Tesla,Cybertruck,2024,Performance,1000.0,868.0,3.79,193.0,14858331.52,Luxury,67.3023
Tesla,Model X,2023,Performance,1000.0,915.0,3.73,198.0,15426279.31,Luxury,64.8244
Ford,Explorer EV,2021,Premium,1000.0,911.0,7.65,142.0,8177472.3,Premium,122.2872
Ford,E-Transit,2024,Performance,1000.0,926.0,3.85,191.0,9626597.26,Luxury,103.8789
Ford,Explorer EV,2024,Long Range,1000.0,877.0,4.62,188.0,7798229.5,Premium,128.2342
Tesla,Model S,2026,Performance,1000.0,901.0,4.49,184.0,14495683.5,Luxury,68.9861
BYD,Qin,2025,Premium,1000.0,893.0,7.72,139.0,8496626.83,Luxury,117.6938
Ford,F-150 Lightning,2024,Performance,1000.0,895.0,3.18,200.0,8915041.99,Luxury,112.17
BMW,i7,2023,Long Range,1000.0,893.0,4.88,175.0,10949141.24,Luxury,91.3314
Hyundai,Kona Electric,2025,Performance,1000.0,914.0,4.27,188.0,6932210.92,Premium,144.2541
Mercedes,EQS,2024,Premium,1000.0,880.0,5.04,178.0,16771790.8,Luxury,59.6239
BYD,Yuan Plus,2026,Long Range,1000.0,956.0,4.09,188.0,7697822.42,Premium,129.9069
Tesla,Cybertruck,2024,Premium,1000.0,901.0,7.89,135.0,12413744.6,Luxury,80.5559
BMW,i7,2022,Premium,1000.0,869.0,7.34,146.0,9744473.38,Luxury,102.6223
BMW,i7,2022,Performance,1000.0,888.0,4.46,180.0,12859824.98,Luxury,77.7616
Audi,Q6 e-tron,2024,Long Range,1000.0,873.0,5.2,169.0,10905611.02,Luxury,91.6959
Mercedes,EQG,2023,Long Range,1000.0,946.0,4.66,180.0,13687728.32,Luxury,73.0581
BMW,i3,2025,Performance,1000.0,867.0,2.76,200.0,13595693.78,Luxury,73.5527
Audi,Q4 e-tron,2022,Premium,1000.0,883.0,6.0,152.0,12075415.12,Luxury,82.8129
Kia,Niro EV,2025,Performance,1000.0,855.0,4.1,183.0,9330754.26,Luxury,107.1725
Tesla,Model S,2025,Premium,1000.0,916.0,7.57,135.0,11277257.0,Luxury,88.674
BYD,Dolphin,2024,Premium,1000.0,919.0,6.37,153.0,8726235.97,Luxury,114.5969
Kia,Niro EV,2024,Long Range,1000.0,897.0,4.71,173.0,6916617.29,Premium,144.5793
Volvo,XC40 Recharge,2026,Performance,1000.0,882.0,2.98,200.0,9313027.21,Luxury,107.3765
Porsche,Macan Electric,2024,Premium,1000.0,849.0,5.84,154.0,15380902.9,Luxury,65.0157
Volkswagen,ID.3,2023,Premium,1000.0,906.0,5.51,162.0,7718178.88,Premium,129.5642
Kia,EV6,2026,Premium,1000.0,870.0,5.63,155.0,7997266.78,Premium,125.0427
BMW,iX,2025,Long Range,1000.0,868.0,4.24,192.0,11330561.72,Luxury,88.2569
Tesla,Model S,2021,Premium,1000.0,781.0,6.27,153.0,11944097.18,Luxury,83.7234
BYD,Dolphin,2024,Premium,1000.0,861.0,7.58,132.0,7459922.56,Premium,134.0496
Hyundai,Ioniq 5,2025,Long Range,1000.0,949.0,4.08,194.0,7851408.98,Premium,127.3657
BYD,Atto 3,2025,Long Range,1000.0,895.0,5.38,164.0,7569572.26,Premium,132.1079
Tesla,Model 3,2024,Long Range,1000.0,928.0,5.24,175.0,11586540.16,Luxury,86.307
Hyundai,i30,2025,Performance,1000.0,914.0,3.92,192.0,8180075.83,Premium,122.2483
Mercedes,EQS,2022,Long Range,1000.0,855.0,4.62,182.0,14933149.18,Luxury,66.9651
Kia,Sportage EV,2023,Performance,1000.0,936.0,2.7,200.0,7726076.31,Premium,129.4318
Audi,Q4 e-tron,2024,Premium,1000.0,860.0,5.56,169.0,10859642.6,Luxury,92.0841
BMW,iX,2025,Premium,1000.0,890.0,5.3,169.0,11177155.52,Luxury,89.4682
Kia,Picanto EV,2023,Performance,1000.0,925.0,4.06,192.0,7073360.98,Premium,141.3755
Ford,Explorer EV,2022,Long Range,1000.0,889.0,5.18,175.0,7235251.62,Premium,138.2122
Toyota,bZ Compact SUV,2026,Long Range,1000.0,879.0,4.23,186.0,7255489.52,Premium,137.8267
GM/Chevrolet,Bolt EUV,2025,Long Range,1000.0,902.0,5.24,178.0,6228834.47,Premium,160.5437
BYD,Atto 3,2025,Long Range,1000.0,903.0,4.19,186.0,8703366.15,Luxury,114.8981
Hyundai,Kona Electric,2025,Performance,1000.0,880.0,3.9,193.0,7606933.5,Premium,131.459
NIO,EL8,2024,Long Range,1000.0,871.0,5.39,168.0,9963628.32,Luxury,100.365
Tesla,Model 3,2024,Performance,1000.0,906.0,3.97,184.0,11866787.04,Luxury,84.2688
BYD,Qin,2024,Performance,1000.0,891.0,2.61,200.0,8298343.56,Premium,120.506
Kia,Sportage EV,2025,Performance,1000.0,897.0,3.15,196.0,8349428.02,Premium,119.7687
Rivian,R2,2024,Long Range,1000.0,896.0,4.47,179.0,8080896.2,Premium,123.7487
BYD,Max,2023,Performance,1000.0,912.0,2.9,200.0,7801812.48,Premium,128.1753
BMW,i5,2025,Long Range,1000.0,900.0,4.24,183.0,9981524.04,Luxury,100.1851
Toyota,bZ Compact SUV,2023,Long Range,1000.0,898.0,4.43,176.0,6673000.2,Premium,149.8576
Ford,E-Transit,2025,Long Range,1000.0,897.0,5.16,173.0,8136281.75,Premium,122.9063
Volkswagen,ID. Buzz,2025,Premium,1000.0,880.0,6.87,146.0,7402355.16,Premium,135.0921
Hyundai,Ioniq,2023,Long Range,1000.0,899.0,5.18,178.0,7129882.97,Premium,140.2548
Hyundai,Ioniq 6,2024,Performance,1000.0,921.0,2.76,200.0,8905090.46,Luxury,112.2953
Volkswagen,ID. Aero,2023,Premium,1000.0,931.0,5.43,169.0,8988836.79,Luxury,111.2491
Volkswagen,ID.4,2021,Premium,1000.0,918.0,7.41,143.0,8777182.66,Luxury,113.9318
Volkswagen,ID. Aero,2025,Standard,1000.0,893.0,7.75,129.0,7347787.91,Premium,136.0954
Volkswagen,ID. Buzz,2025,Standard,1000.0,936.0,6.58,133.0,7325144.38,Premium,136.5161
Lucid,Air,2026,Premium,1000.0,889.0,8.0,125.0,18837111.52,Luxury,53.0867
BMW,i5,2024,Performance,1000.0,891.0,2.74,200.0,10959146.21,Luxury,91.248
Mercedes,GLE EV,2024,Premium,1000.0,932.0,7.92,136.0,16205402.78,Luxury,61.7078
Hyundai,Ioniq,2021,Premium,1000.0,933.0,5.26,175.0,6807689.87,Premium,146.8927
BMW,iX,2025,Long Range,1000.0,865.0,5.97,158.0,10425182.92,Luxury,95.9216
Volkswagen,ID. Buzz,2025,Long Range,1000.0,912.0,5.01,172.0,7817234.1,Premium,127.9225
Rivian,R2,2025,Premium,1000.0,909.0,6.8,137.0,8368778.32,Luxury,119.4918
Kia,Picanto EV,2024,Premium,1000.0,904.0,6.23,166.0,7675074.51,Premium,130.2919
Toyota,bZ4X,2026,Performance,1000.0,924.0,3.3,195.0,9077504.6,Luxury,110.1624
GM/Chevrolet,Bolt EUV,2024,Performance,1000.0,866.0,3.97,195.0,8192817.1,Premium,122.0581
BMW,i4,2025,Premium,1000.0,918.0,7.71,132.0,11189172.84,Luxury,89.3721
Tesla,Model X,2025,Premium,1000.0,909.0,5.06,177.0,12992964.9,Luxury,76.9647
Hyundai,Ioniq 6,2024,Performance,1000.0,850.0,2.96,200.0,8178755.7,Premium,122.268
Rivian,R3,2025,Long Range,1000.0,900.0,4.17,187.0,8782981.74,Luxury,113.8566
Volkswagen,ID. Aero,2024,Performance,1000.0,926.0,3.65,193.0,7711645.0,Premium,129.674
Hyundai,Ioniq 5,2025,Performance,1000.0,874.0,4.32,187.0,8136939.73,Premium,122.8963
Tesla,Model Y,2025,Performance,1000.0,870.0,3.52,193.0,11278207.22,Luxury,88.6666
BYD,Atto 3,2022,Performance,1000.0,876.0,3.71,192.0,8248299.5,Premium,121.2371
BYD,Atto 3,2026,Premium,1000.0,960.0,5.22,182.0,8547500.04,Luxury,116.9933
Audi,e-tron GT,2026,Performance,1000.0,899.0,4.2,190.0,10588933.1,Luxury,94.4382
Rivian,R3,2023,Performance,1000.0,932.0,3.1,200.0,8734843.98,Luxury,114.484
NIO,ET6,2025,Long Range,1000.0,882.0,4.01,200.0,9056678.87,Luxury,110.4158
BYD,Max,2023,Performance,1000.0,925.0,4.41,174.0,8549939.92,Luxury,116.9599
BMW,i7,2025,Performance,1000.0,910.0,4.14,193.0,13593552.0,Luxury,73.5643
BYD,Leaf 50X,2025,Premium,1000.0,925.0,5.51,164.0,8030647.57,Premium,124.523
Tesla,Model 3,2025,Premium,1000.0,867.0,6.85,152.0,10900220.26,Luxury,91.7413
Mercedes,EQC,2026,Performance,1000.0,953.0,4.37,192.0,15497003.81,Luxury,64.5286
BYD,Qin,2023,Performance,1000.0,911.0,4.07,192.0,7482798.22,Premium,133.6398
Tesla,Model S,2023,Premium,1000.0,870.0,6.75,147.0,13637270.93,Luxury,73.3285
BMW,iX,2024,Performance,1000.0,928.0,4.15,190.0,11240575.44,Luxury,88.9634
Volkswagen,ID. Buzz,2025,Premium,1000.0,920.0,7.11,147.0,9734269.68,Luxury,102.7298
Mercedes,EQE,2025,Premium,1000.0,936.0,5.28,170.0,16597138.86,Luxury,60.2513
Volkswagen,ID. Buzz,2023,Performance,1000.0,934.0,3.92,197.0,9573160.6,Luxury,104.4587
BYD,Qin,2026,Performance,1000.0,897.0,3.29,200.0,9352670.51,Luxury,106.9213
Ford,Explorer EV,2024,Performance,1000.0,860.0,3.18,200.0,8817885.57,Luxury,113.4059
Audi,Q6 e-tron,2025,Premium,1000.0,963.0,7.99,133.0,11565647.62,Luxury,86.4629
Hyundai,Ioniq 6,2025,Long Range,1000.0,895.0,4.38,181.0,6683373.4,Premium,149.625
BYD,Leaf 50X,2026,Long Range,1000.0,924.0,4.62,183.0,8515318.31,Luxury,117.4354
BMW,i7,2026,Premium,1000.0,870.0,7.12,151.0,10490713.72,Luxury,95.3224
Lucid,Air,2024,Premium,1000.0,928.0,5.11,163.0,22526229.2,Luxury,44.3927
Hyundai,Ioniq 5,2023,Performance,1000.0,920.0,4.08,184.0,8935942.04,Luxury,111.9076
BYD,Seagull,2021,Performance,1000.0,861.0,3.23,200.0,8332161.06,Premium,120.0169
BMW,i3,2021,Premium,1000.0,915.0,7.75,133.0,9977934.37,Luxury,100.2211
Tesla,Model Y,2024,Performance,1000.0,892.0,2.82,200.0,13544875.68,Luxury,73.8287
BMW,i5,2024,Long Range,1000.0,892.0,5.1,180.0,9801439.58,Luxury,102.0258
Tesla,Model Y,2024,Premium,1000.0,933.0,7.43,136.0,13888084.06,Luxury,72.0042
Kia,EV6,2021,Premium,1000.0,818.0,6.42,156.0,7625390.34,Premium,131.1408
Kia,Picanto EV,2025,Performance,1000.0,908.0,2.6,200.0,7348202.07,Premium,136.0877
Tesla,Cybertruck,2023,Premium,1000.0,859.0,6.94,147.0,14378128.02,Luxury,69.5501
Tesla,Model Y,2024,Premium,1000.0,891.0,7.94,124.0,14035741.28,Luxury,71.2467
Volkswagen,ID. Aero,2026,Performance,1000.0,867.0,3.3,196.0,8586118.8,Luxury,116.4671
Tesla,Model Y,2024,Long Range,1000.0,900.0,4.55,182.0,13252303.37,Luxury,75.4586
Tesla,Model S,2023,Performance,1000.0,935.0,3.44,200.0,14276216.28,Luxury,70.0466
BMW,i3,2023,Premium,1000.0,895.0,6.56,152.0,11518976.14,Luxury,86.8133
BYD,Seagull,2025,Premium,1000.0,922.0,7.45,136.0,9273696.2,Luxury,107.8319
Tesla,Model X,2024,Premium,1000.0,867.0,7.4,134.0,13156425.33,Luxury,76.0085
Tesla,Model 3,2026,Long Range,1000.0,925.0,5.28,173.0,12252215.52,Luxury,81.6179
Ford,E-Transit,2024,Long Range,1000.0,870.0,4.71,179.0,7055853.54,Premium,141.7263
BMW,i7,2023,Performance,1000.0,931.0,2.68,200.0,10164867.49,Luxury,98.3781
GM/Chevrolet,Silverado EV,2026,Long Range,1000.0,939.0,5.01,178.0,6267287.89,Premium,159.5587
Volkswagen,ID. Aero,2024,Performance,1000.0,870.0,2.83,200.0,9635713.8,Luxury,103.7806
BYD,Atto 3,2026,Premium,1000.0,870.0,5.53,163.0,7316267.5,Premium,136.6817
BYD,Max,2025,Performance,1000.0,913.0,3.74,191.0,9859450.38,Luxury,101.4255
Volkswagen,ID. Aero,2021,Performance,1000.0,935.0,2.82,200.0,8546049.65,Luxury,117.0131
BMW,i7,2025,Performance,1000.0,883.0,2.81,200.0,12603093.38,Luxury,79.3456
Volkswagen,ID. Aero,2022,Performance,1000.0,943.0,2.91,200.0,7869403.22,Premium,127.0744
BYD,Atto 3,2022,Long Range,1000.0,848.0,4.59,177.0,8441241.28,Luxury,118.466
BMW,i5,2024,Performance,1000.0,915.0,2.98,197.0,12013675.22,Luxury,83.2385
Tesla,Model 3,2024,Performance,1000.0,933.0,3.51,196.0,14297009.44,Luxury,69.9447
BMW,i5,2025,Performance,1000.0,873.0,3.52,194.0,11077659.43,Luxury,90.2718
BYD,Yuan Plus,2024,Premium,1000.0,888.0,7.41,132.0,8964466.48,Luxury,111.5515
Kia,Picanto EV,2022,Performance,1000.0,964.0,3.67,190.0,9283144.23,Luxury,107.7221
Hyundai,Ioniq 5,2024,Long Range,1000.0,924.0,4.33,189.0,6978107.52,Premium,143.3053
BMW,i4,2026,Performance,1000.0,904.0,2.9,200.0,11176662.04,Luxury,89.4722
BYD,Yuan Plus,2025,Performance,1000.0,947.0,3.12,200.0,9511179.39,Luxury,105.1394
Volkswagen,ID.4,2024,Premium,1000.0,896.0,6.84,142.0,9420243.72,Luxury,106.1544
Fisker,Ronin,2024,Performance,1000.0,948.0,4.15,178.0,13282107.86,Luxury,75.2893
Tesla,Model Y,2023,Premium,1000.0,899.0,6.26,156.0,12097973.48,Luxury,82.6585
Tesla,Model Y,2025,Premium,1000.0,900.0,7.02,146.0,12861855.7,Luxury,77.7493
BYD,Seagull,2021,Performance,1000.0,828.0,2.82,200.0,8885363.59,Luxury,112.5446
Kia,EV9,2025,Long Range,1000.0,929.0,4.93,179.0,7808424.01,Premium,128.0668
GM/Chevrolet,Equinox EV,2025,Long Range,1000.0,852.0,4.19,185.0,7044621.12,Premium,141.9523
Kia,Picanto EV,2026,Premium,1000.0,937.0,6.85,140.0,8114084.11,Premium,123.2425
Mercedes,GLE EV,2023,Long Range,1000.0,903.0,5.11,174.0,15234050.62,Luxury,65.6424
Mercedes,EQG,2023,Performance,1000.0,801.0,2.8,200.0,15115719.43,Luxury,66.1563
Mercedes,EQS,2025,Long Range,1000.0,849.0,4.04,193.0,15362866.9,Luxury,65.092
Tesla,Model S,2024,Long Range,1000.0,867.0,5.34,157.0,13084657.92,Luxury,76.4254
Hyundai,Kona Electric,2024,Premium,1000.0,936.0,6.87,148.0,8120510.27,Premium,123.145
GM/Chevrolet,Silverado EV,2023,Premium,1000.0,883.0,7.9,134.0,6169915.2,Premium,162.0768
Kia,Picanto EV,2021,Performance,1000.0,847.0,3.27,200.0,8893605.88,Luxury,112.4403
GM/Chevrolet,Blazer EV,2025,Premium,1000.0,888.0,5.67,176.0,6721967.1,Premium,148.766
Volkswagen,ID. Buzz,2025,Long Range,1000.0,891.0,4.11,191.0,8102761.51,Premium,123.4147
Rivian,R1S,2022,Premium,1000.0,930.0,6.37,161.0,8590366.44,Luxury,116.4095
Audi,e-tron GT,2024,Performance,1000.0,889.0,2.63,200.0,10176286.95,Luxury,98.2677
Tesla,Model S,2020,Performance,1000.0,877.0,4.08,187.0,13752768.14,Luxury,72.7126
BYD,Max,2024,Premium,1000.0,882.0,5.67,158.0,7366257.28,Premium,135.7542
Toyota,bZ Compact SUV,2025,Premium,1000.0,917.0,5.34,167.0,6643275.03,Premium,150.5282
Audi,e-tron GT,2025,Long Range,1000.0,873.0,5.26,176.0,10553812.16,Luxury,94.7525
Volkswagen,ID. Aero,2025,Premium,1000.0,906.0,6.05,158.0,9419061.36,Luxury,106.1677
Toyota,bZ Compact SUV,2024,Long Range,1000.0,915.0,4.78,181.0,7116006.1,Premium,140.5283
Ford,Explorer EV,2025,Long Range,1000.0,868.0,5.02,178.0,7744752.76,Premium,129.1197
BYD,Leaf 50X,2024,Performance,1000.0,892.0,3.33,200.0,9892148.14,Luxury,101.0903
Volkswagen,ID.4,2021,Premium,1000.0,872.0,5.06,176.0,8969385.46,Luxury,111.4904
GM/Chevrolet,Equinox EV,2025,Performance,1000.0,948.0,3.53,195.0,8464385.82,Luxury,118.1421
Volvo,XC90 Recharge,2025,Performance,1000.0,898.0,4.12,193.0,8877441.11,Luxury,112.6451
Kia,EV9,2025,Premium,1000.0,935.0,5.67,174.0,7513937.04,Premium,133.086
Xiaomi,SU7,2024,Long Range,1000.0,931.0,4.7,168.0,7965443.26,Premium,125.5423
NIO,ET5,2023,Premium,1000.0,939.0,5.99,162.0,9539082.58,Luxury,104.8319
BYD,Max,2024,Premium,1000.0,907.0,6.32,154.0,9454882.02,Luxury,105.7655
GM/Chevrolet,Bolt EUV,2025,Performance,1000.0,927.0,2.85,200.0,6776838.29,Premium,147.5614
Tesla,Model 3,2024,Long Range,1000.0,910.0,5.61,165.0,12411100.16,Luxury,80.573
Tesla,Model 3,2025,Premium,1000.0,906.0,6.4,158.0,11516037.77,Luxury,86.8354
Toyota,bZ4X,2026,Long Range,1000.0,879.0,4.89,178.0,7451423.94,Premium,134.2025
Kia,EV6,2025,Performance,1000.0,905.0,2.71,200.0,9797201.96,Luxury,102.07
Kia,EV6,2022,Long Range,1000.0,874.0,4.21,179.0,7579391.02,Premium,131.9367
BMW,i7,2025,Premium,1000.0,905.0,5.28,170.0,12567765.36,Luxury,79.5686
Mercedes,EQC,2024,Long Range,1000.0,874.0,5.15,172.0,14144502.54,Luxury,70.6988
Rivian,R1S,2024,Standard,1000.0,929.0,5.38,170.0,7191014.99,Premium,139.0624
Rivian,R3,2026,Performance,1000.0,935.0,3.03,200.0,9497242.4,Luxury,105.2937
Porsche,Macan Electric,2025,Standard,1000.0,936.0,7.79,132.0,15611985.82,Luxury,64.0534
BYD,Dolphin,2025,Performance,1000.0,930.0,3.74,189.0,8251603.6,Premium,121.1886
Mercedes,EQS,2024,Performance,1000.0,941.0,3.1,200.0,15359817.48,Luxury,65.1049
Mercedes,EQC,2024,Premium,1000.0,943.0,5.18,175.0,13982985.98,Luxury,71.5155
Volkswagen,ID. Buzz,2023,Premium,1000.0,879.0,7.86,134.0,8338613.1,Premium,119.924
BYD,Max,2025,Premium,1000.0,904.0,7.14,143.0,8374745.22,Luxury,119.4066
Ford,F-150 Lightning,2025,Long Range,1000.0,875.0,5.32,165.0,7604695.7,Premium,131.4977
Tesla,Model X,2025,Long Range,1000.0,955.0,4.56,177.0,12851939.24,Luxury,77.8093
GM/Chevrolet,Blazer EV,2023,Performance,1000.0,925.0,3.57,195.0,6496484.54,Premium,153.9294
Volkswagen,ID.5,2024,Performance,1000.0,884.0,4.38,192.0,8909756.44,Luxury,112.2365
BYD,Seagull,2025,Premium,1000.0,891.0,6.74,143.0,8231351.51,Premium,121.4867
Tesla,Model Y,2024,Performance,1000.0,942.0,3.11,200.0,11802633.98,Luxury,84.7269
BMW,i3,2023,Long Range,1000.0,874.0,4.43,177.0,11192339.16,Luxury,89.3468
Hyundai,Ioniq 5,2024,Premium,1000.0,898.0,5.97,162.0,6759234.82,Premium,147.9457
Tesla,Cybertruck,2022,Performance,1000.0,875.0,3.88,186.0,14205714.72,Luxury,70.3942
Volkswagen,ID.3,2024,Premium,1000.0,918.0,7.9,133.0,8249097.76,Premium,121.2254
Tesla,Cybertruck,2025,Performance,1000.0,903.0,3.46,200.0,13908827.13,Luxury,71.8968
Volkswagen,ID. Aero,2026,Standard,1000.0,837.0,7.31,145.0,7209356.6,Premium,138.7086
Rivian,R1S,2024,Performance,1000.0,911.0,3.41,194.0,9859385.24,Luxury,101.4262
Kia,Niro EV,2022,Premium,1000.0,944.0,6.81,152.0,7830081.4,Premium,127.7126
Audi,e-tron GT,2022,Premium,1000.0,941.0,5.31,168.0,11492269.5,Luxury,87.015
Kia,Picanto EV,2024,Performance,1000.0,892.0,3.07,200.0,8830882.35,Luxury,113.239
Rivian,R2,2025,Performance,1000.0,922.0,3.79,199.0,9842233.51,Luxury,101.603
Tesla,Model 3,2024,Premium,1000.0,937.0,5.34,172.0,12762556.66,Luxury,78.3542
BMW,i3,2026,Performance,1000.0,922.0,4.17,187.0,12391963.62,Luxury,80.6975
Ford,Explorer EV,2026,Premium,1000.0,909.0,6.12,167.0,8181750.0,Premium,122.2232
Hyundai,Ioniq 6,2025,Premium,1000.0,907.0,7.91,135.0,8429143.8,Luxury,118.636
Tesla,Cybertruck,2025,Premium,1000.0,886.0,7.93,132.0,14240742.14,Luxury,70.2211
Toyota,bZ4X,2024,Performance,1000.0,897.0,2.58,200.0,7866516.63,Premium,127.1211
BMW,i5,2021,Premium,1000.0,950.0,7.84,131.0,11608212.58,Luxury,86.1459
Mercedes,EQE,2021,Performance,1000.0,842.0,4.02,194.0,13796988.9,Luxury,72.4796
GM/Chevrolet,Blazer EV,2025,Premium,1000.0,881.0,6.97,148.0,6754816.84,Premium,148.0425
Kia,Niro EV,2026,Performance,1000.0,949.0,3.44,194.0,7601279.72,Premium,131.5568
BYD,Seagull,2026,Performance,1000.0,922.0,3.84,181.0,7996053.52,Premium,125.0617
Tesla,Model 3,2026,Performance,1000.0,883.0,3.36,195.0,12281203.38,Luxury,81.4252
Audi,Q4 e-tron,2026,Long Range,1000.0,872.0,5.46,173.0,12188107.56,Luxury,82.0472
BMW,i3,2025,Premium,1000.0,895.0,5.26,171.0,10685496.67,Luxury,93.5848
BYD,Atto 3,2021,Performance,1000.0,900.0,3.28,193.0,7657962.02,Premium,130.583
BMW,i7,2026,Premium,1000.0,906.0,5.05,168.0,10499834.42,Luxury,95.2396
BYD,Dolphin,2024,Performance,1000.0,954.0,3.26,188.0,9093904.01,Luxury,109.9638
Tesla,Model S,2022,Premium,1000.0,907.0,6.55,154.0,13651648.8,Luxury,73.2512
BMW,i4,2023,Performance,1000.0,878.0,2.51,200.0,10937136.44,Luxury,91.4316
Volkswagen,ID.3,2025,Performance,1000.0,916.0,2.63,200.0,7361243.94,Premium,135.8466
Kia,Niro EV,2026,Premium,1000.0,918.0,5.83,165.0,8208049.16,Premium,121.8316
Toyota,bZ4X,2025,Long Range,1000.0,840.0,5.04,180.0,6481062.08,Premium,154.2957
BYD,Seagull,2024,Performance,1000.0,869.0,3.76,195.0,9793038.65,Luxury,102.1134
Ford,Explorer EV,2025,Performance,1000.0,873.0,2.58,200.0,8871657.9,Luxury,112.7185
Kia,Niro EV,2026,Performance,1000.0,881.0,2.89,200.0,9228078.48,Luxury,108.3649
Audi,Q4 e-tron,2026,Performance,1000.0,897.0,3.82,196.0,13649821.82,Luxury,73.261
Xiaomi,SU7,2024,Performance,1000.0,872.0,3.52,194.0,9658676.3,Luxury,103.5339
Volkswagen,ID.4,2024,Performance,1000.0,921.0,4.29,189.0,9311190.21,Luxury,107.3977
Rivian,R1S,2026,Premium,1000.0,896.0,7.01,146.0,9246712.35,Luxury,108.1465
BYD,Atto 3,2025,Long Range,1000.0,894.0,4.56,177.0,8275477.92,Premium,120.8389
Tesla,Cybertruck,2022,Premium,1000.0,884.0,7.79,135.0,12939380.44,Luxury,77.2835
Mercedes,EQC,2026,Premium,1000.0,939.0,6.41,153.0,12641459.96,Luxury,79.1048
Rivian,R2,2026,Long Range,1000.0,952.0,5.61,160.0,8230007.16,Premium,121.5066
Kia,Niro EV,2025,Premium,1000.0,911.0,5.25,165.0,9065423.82,Luxury,110.3092
Rivian,R3,2025,Performance,1000.0,857.0,3.34,197.0,9115228.24,Luxury,109.7065
Mercedes,GLE EV,2025,Premium,1000.0,889.0,5.44,164.0,13219455.3,Luxury,75.6461
Tesla,Model Y,2026,Standard,1000.0,923.0,6.65,152.0,11008500.56,Luxury,90.8389
Toyota,bZ Compact SUV,2025,Long Range,1000.0,868.0,5.79,165.0,7029507.62,Premium,142.2575
Hyundai,Ioniq,2025,Performance,1000.0,888.0,4.44,187.0,7966083.7,Premium,125.5322
Volkswagen,ID.5,2022,Premium,1000.0,914.0,6.59,147.0,7562369.55,Premium,132.2337
Tesla,Model 3,2024,Premium,1000.0,906.0,5.49,180.0,14484531.24,Luxury,69.0392
Kia,EV9,2025,Premium,1000.0,919.0,7.65,124.0,8643289.57,Luxury,115.6967
Tesla,Model S,2025,Premium,1000.0,851.0,7.64,132.0,13529708.74,Luxury,73.9114
Hyundai,Ioniq 5,2026,Premium,1000.0,867.0,5.55,171.0,7258708.44,Premium,137.7656
BYD,Atto 3,2025,Performance,1000.0,907.0,3.93,190.0,7924159.18,Premium,126.1964
BYD,Max,2023,Long Range,1000.0,900.0,5.55,171.0,8337481.68,Premium,119.9403
Volkswagen,ID. Aero,2025,Long Range,1000.0,910.0,4.2,194.0,7697272.15,Premium,129.9162
Ford,F-150 Lightning,2026,Premium,1000.0,887.0,5.0,176.0,7991304.04,Premium,125.136
BYD,Atto 3,2026,Long Range,1000.0,908.0,5.22,172.0,8733590.65,Luxury,114.5004
GM/Chevrolet,Equinox EV,2026,Premium,1000.0,849.0,7.51,145.0,6804526.06,Premium,146.961
BYD,Atto 3,2026,Performance,1000.0,912.0,2.97,200.0,9194166.63,Luxury,108.7646
BYD,Max,2026,Long Range,1000.0,871.0,5.7,159.0,7739936.48,Premium,129.2
BMW,iX,2021,Performance,1000.0,890.0,3.68,194.0,10226933.88,Luxury,97.781
Kia,Picanto EV,2023,Premium,1000.0,845.0,5.52,166.0,7982473.08,Premium,125.2745
Volkswagen,ID.5,2025,Performance,1000.0,912.0,3.48,200.0,8133134.64,Premium,122.9538
Tesla,Model X,2026,Long Range,1000.0,871.0,4.61,176.0,11917632.69,Luxury,83.9093
BMW,i7,2025,Performance,1000.0,908.0,3.16,199.0,9489450.18,Luxury,105.3802
Hyundai,i30,2025,Long Range,1000.0,882.0,5.8,171.0,6766252.16,Premium,147.7923
Volkswagen,ID. Aero,2025,Long Range,1000.0,875.0,5.42,167.0,8102603.7,Premium,123.4171
Volkswagen,ID. Aero,2025,Long Range,1000.0,854.0,5.33,174.0,8581437.78,Luxury,116.5306
Mercedes,GLE EV,2024,Performance,1000.0,924.0,4.48,187.0,14939132.8,Luxury,66.9383
GM/Chevrolet,Silverado EV,2024,Performance,1000.0,943.0,2.81,200.0,5986168.44,Premium,167.0518
Rivian,R1S,2026,Standard,1000.0,898.0,6.22,150.0,7271049.74,Premium,137.5317
BMW,i7,2022,Long Range,1000.0,863.0,4.94,167.0,9635411.52,Luxury,103.7838
Tesla,Cybertruck,2025,Premium,1000.0,885.0,6.64,153.0,13419421.94,Luxury,74.5189
Kia,EV6,2025,Performance,1000.0,911.0,3.71,187.0,8962490.04,Luxury,111.5761
Rivian,R2,2025,Performance,1000.0,875.0,3.37,200.0,8709483.36,Luxury,114.8174
Audi,e-tron,2024,Long Range,1000.0,858.0,5.61,163.0,10865987.76,Luxury,92.0303
Tesla,Model 3,2026,Long Range,1000.0,855.0,4.28,186.0,12780262.84,Luxury,78.2457
Tesla,Model S,2025,Performance,1000.0,854.0,3.77,188.0,11317660.14,Luxury,88.3575
Tesla,Cybertruck,2022,Performance,1000.0,924.0,2.54,200.0,13486377.25,Luxury,74.1489
BMW,iX,2026,Standard,1000.0,922.0,5.59,167.0,9296695.44,Luxury,107.5651
Tesla,Cybertruck,2024,Performance,1000.0,912.0,4.35,193.0,15778552.45,Luxury,63.3772
Kia,Niro EV,2021,Premium,1000.0,846.0,5.45,170.0,8461338.06,Luxury,118.1846
Tesla,Model 3,2025,Premium,1000.0,937.0,5.02,170.0,12906506.49,Luxury,77.4803
BYD,Atto 3,2022,Premium,1000.0,899.0,7.71,137.0,8970913.52,Luxury,111.4714
Volkswagen,ID.4,2025,Performance,1000.0,891.0,3.02,199.0,7638904.82,Premium,130.9088
Hyundai,Ioniq 5,2022,Performance,1000.0,888.0,3.79,197.0,6824058.38,Premium,146.5404
Hyundai,Kona Electric,2024,Long Range,1000.0,923.0,4.7,179.0,7596395.8,Premium,131.6414
Tesla,Model 3,2025,Premium,1000.0,918.0,6.99,152.0,12632146.36,Luxury,79.1631
Rivian,R2,2025,Long Range,1000.0,866.0,4.64,173.0,8823893.4,Luxury,113.3287
Ford,Mustang Mach-E,2024,Premium,1000.0,862.0,7.7,140.0,8076733.72,Premium,123.8124
Hyundai,Ioniq 6,2025,Performance,1000.0,906.0,2.87,200.0,8943631.56,Luxury,111.8114
Rivian,R1S,2024,Long Range,1000.0,900.0,5.14,169.0,8269871.73,Premium,120.9209
Ford,E-Transit,2024,Performance,1000.0,873.0,4.19,181.0,8191710.72,Premium,122.0746
BYD,Leaf 50X,2023,Long Range,1000.0,892.0,5.21,177.0,8363130.38,Luxury,119.5725
Hyundai,Ioniq 6,2026,Long Range,1000.0,892.0,4.97,181.0,7780524.15,Premium,128.526
BMW,i7,2024,Long Range,1000.0,906.0,4.57,190.0,10548006.4,Luxury,94.8046
Tesla,Model Y,2025,Performance,1000.0,863.0,3.18,200.0,12234576.98,Luxury,81.7356
Tesla,Model S,2024,Standard,1000.0,900.0,5.66,168.0,11101959.6,Luxury,90.0742
Tesla,Model 3,2024,Premium,1000.0,922.0,6.48,159.0,13769463.96,Luxury,72.6245
Mercedes,EQS,2024,Performance,1000.0,867.0,2.98,200.0,14670593.46,Luxury,68.1636
Volkswagen,ID. Aero,2025,Long Range,1000.0,925.0,5.08,178.0,8187139.1,Premium,122.1428
Volkswagen,ID.5,2023,Premium,1000.0,866.0,5.68,162.0,7296109.76,Premium,137.0593
BYD,Max,2026,Performance,1000.0,928.0,2.7,200.0,7579001.08,Premium,131.9435
GM/Chevrolet,Equinox EV,2025,Performance,1000.0,888.0,3.06,200.0,6940298.72,Premium,144.086
Kia,Niro EV,2023,Premium,1000.0,965.0,7.25,146.0,8057167.17,Premium,124.1131
Hyundai,Ioniq 6,2024,Long Range,1000.0,924.0,5.49,169.0,7076771.12,Premium,141.3074
BMW,i7,2026,Performance,1000.0,909.0,3.87,190.0,9767363.24,Luxury,102.3818
Volkswagen,ID.3,2025,Premium,1000.0,888.0,6.75,149.0,7858247.62,Premium,127.2548
Kia,Sportage EV,2023,Premium,1000.0,940.0,5.56,163.0,8522899.28,Luxury,117.331
Volkswagen,ID.4,2024,Premium,1000.0,941.0,5.06,169.0,7766722.44,Premium,128.7544
BYD,Atto 3,2020,Performance,1000.0,913.0,3.62,194.0,8582777.12,Luxury,116.5124
BYD,Qin,2024,Performance,1000.0,907.0,2.95,200.0,8640610.9,Luxury,115.7326
Mercedes,EQC,2024,Performance,1000.0,941.0,3.4,200.0,14019549.8,Luxury,71.329
Kia,Sportage EV,2024,Long Range,1000.0,907.0,5.55,168.0,8270523.03,Premium,120.9113
Xiaomi,SU7,2024,Performance,1000.0,937.0,3.7,195.0,8565771.52,Luxury,116.7437
Fisker,Ocean,2024,Premium,1000.0,845.0,6.04,153.0,10134808.32,Luxury,98.6698
Porsche,Taycan,2023,Performance,1000.0,936.0,3.9,190.0,21210426.18,Luxury,47.1466
GM/Chevrolet,Equinox EV,2025,Premium,1000.0,923.0,5.45,169.0,7601397.45,Premium,131.5548
BMW,i5,2023,Premium,1000.0,942.0,6.9,137.0,11768383.96,Luxury,84.9734
BYD,Qin,2025,Performance,1000.0,873.0,2.78,200.0,10230242.14,Luxury,97.7494
GM/Chevrolet,Silverado EV,2024,Performance,1000.0,892.0,3.55,197.0,6200958.83,Premium,161.2654
Fisker,Ocean,2024,Long Range,1000.0,895.0,4.86,170.0,9463189.44,Luxury,105.6726
BYD,Max,2025,Standard,1000.0,911.0,5.25,174.0,7205108.12,Premium,138.7904
Tesla,Model X,2026,Performance,1000.0,866.0,4.37,186.0,13946846.35,Luxury,71.7008
BYD,Max,2025,Premium,1000.0,890.0,5.5,170.0,8707533.64,Luxury,114.8431
Volkswagen,ID.3,2026,Long Range,1000.0,867.0,4.44,188.0,7735141.9,Premium,129.2801
BMW,i4,2025,Premium,1000.0,842.0,6.71,152.0,9505361.94,Luxury,105.2038
BYD,Max,2025,Performance,1000.0,876.0,2.99,200.0,7751296.65,Premium,129.0107
Volkswagen,ID. Aero,2025,Premium,1000.0,885.0,6.68,143.0,7463488.85,Premium,133.9856
Fisker,Ocean,2025,Premium,1000.0,877.0,6.37,168.0,11775754.5,Luxury,84.9202
Mercedes,EQC,2025,Long Range,1000.0,889.0,4.35,185.0,13589716.85,Luxury,73.5851
Tesla,Model S,2023,Premium,1000.0,907.0,7.05,142.0,11494576.6,Luxury,86.9975
Tesla,Model Y,2025,Long Range,1000.0,875.0,5.56,163.0,13452888.74,Luxury,74.3335
Volkswagen,ID.4,2024,Premium,1000.0,911.0,6.55,150.0,9549466.64,Luxury,104.7179
GM/Chevrolet,Bolt EV,2025,Premium,1000.0,850.0,6.96,145.0,7778192.0,Premium,128.5646
Porsche,Taycan,2026,Long Range,1000.0,915.0,5.9,161.0,18431536.16,Luxury,54.2548
Toyota,bZ Compact SUV,2024,Long Range,1000.0,858.0,4.57,170.0,7307554.27,Premium,136.8447
Volkswagen,ID.4,2022,Performance,1000.0,886.0,4.12,189.0,8555967.78,Luxury,116.8775
Ford,Mustang Mach-E,2024,Performance,1000.0,917.0,4.22,183.0,7743368.32,Premium,129.1428
Tesla,Model X,2026,Premium,1000.0,875.0,5.07,175.0,11662088.46,Luxury,85.7479
BMW,i3,2023,Long Range,1000.0,935.0,4.21,190.0,10242586.78,Luxury,97.6316
Mercedes,EQG,2025,Performance,1000.0,919.0,2.84,200.0,17602795.32,Luxury,56.8092
Tesla,Model 3,2022,Long Range,1000.0,883.0,5.64,165.0,12030669.14,Luxury,83.1209
Volkswagen,ID. Buzz,2023,Performance,1000.0,895.0,3.04,195.0,8757546.8,Luxury,114.1872
GM/Chevrolet,Bolt EUV,2023,Performance,999.0,887.0,3.22,200.0,6166827.37,Premium,161.9958
BMW,i3,2025,Premium,997.0,904.0,6.84,146.0,9453931.79,Luxury,105.4588
Tesla,Model 3,2025,Standard,997.0,944.0,7.33,144.0,11030469.4,Luxury,90.386
Tesla,Model Y,2025,Performance,997.0,903.0,4.02,196.0,11337680.1,Luxury,87.9369
GM/Chevrolet,Blazer EV,2025,Standard,995.0,902.0,5.15,173.0,5896277.35,Premium,168.7505
Tesla,Model S,2025,Premium,995.0,876.0,5.97,167.0,10993986.58,Luxury,90.504
Tesla,Model 3,2024,Performance,995.0,917.0,3.06,200.0,11608610.88,Luxury,85.7122
Tesla,Model X,2025,Premium,994.0,865.0,5.38,161.0,11172951.3,Luxury,88.9649
GM/Chevrolet,Bolt EUV,2023,Performance,994.0,937.0,4.05,193.0,6253278.26,Premium,158.9566
Tesla,Model S,2026,Long Range,993.0,949.0,4.56,187.0,11202845.14,Luxury,88.6382
Tesla,Model 3,2024,Premium,992.0,899.0,6.68,149.0,10723709.61,Luxury,92.5053
Tesla,Model S,2024,Premium,992.0,875.0,7.46,135.0,11269504.86,Luxury,88.0252
Tesla,Model Y,2025,Long Range,990.0,941.0,5.62,164.0,11672339.75,Luxury,84.8159
Porsche,Macan Electric,2025,Standard,990.0,873.0,6.69,148.0,15514016.93,Luxury,63.8133
GM/Chevrolet,Silverado EV,2025,Standard,989.0,925.0,5.25,184.0,5864957.34,Premium,168.6287
Hyundai,Kona Electric,2026,Premium,989.0,868.0,5.71,163.0,6580473.01,Premium,150.2931
Hyundai,Ioniq 6,2024,Performance,989.0,891.0,4.37,187.0,6472412.32,Premium,152.8024
Hyundai,Ioniq,2026,Long Range,987.0,924.0,5.83,159.0,6564328.28,Premium,150.3581
Mercedes,EQC,2022,Premium,987.0,922.0,5.37,175.0,12979766.88,Luxury,76.0414
BYD,Atto 3,2025,Long Range,986.0,946.0,4.35,183.0,7277806.56,Premium,135.4804
BMW,i3,2023,Long Range,986.0,880.0,5.14,174.0,9455357.97,Luxury,104.2795
Tesla,Model S,2025,Performance,986.0,851.0,4.25,187.0,11710450.82,Luxury,84.1983
Volkswagen,ID. Aero,2024,Performance,986.0,890.0,4.36,181.0,7543314.02,Premium,130.7118
Kia,Niro EV,2024,Performance,985.0,960.0,3.7,188.0,6827227.2,Premium,144.2753
Tesla,Model Y,2024,Premium,984.0,852.0,6.59,151.0,11442425.0,Luxury,85.9958
Ford,Explorer EV,2024,Premium,984.0,864.0,7.12,141.0,6725222.76,Premium,146.3149
Tesla,Cybertruck,2025,Long Range,983.0,865.0,4.66,176.0,11040950.32,Luxury,89.0322
Fisker,Ronin,2024,Long Range,983.0,908.0,5.43,166.0,9675856.42,Luxury,101.5931
Volkswagen,ID.3,2025,Performance,983.0,930.0,3.32,196.0,7388485.81,Premium,133.0449
Hyundai,Ioniq 6,2023,Long Range,981.0,917.0,5.56,164.0,6631659.35,Premium,147.9268
GM/Chevrolet,Bolt EUV,2026,Premium,979.0,856.0,7.57,130.0,5966172.7,Premium,164.0918
GM/Chevrolet,Bolt EUV,2025,Performance,978.0,870.0,3.59,193.0,5724223.93,Premium,170.8529
Tesla,Model S,2025,Long Range,976.0,910.0,5.39,169.0,10786800.54,Luxury,90.481
Kia,Niro EV,2021,Premium,976.0,864.0,7.57,137.0,6724302.6,Premium,145.1452
Tesla,Cybertruck,2025,Standard,976.0,906.0,5.09,175.0,10632482.52,Luxury,91.7942
Volkswagen,ID. Aero,2025,Performance,975.0,841.0,4.31,188.0,7242389.2,Premium,134.6241
Mercedes,EQG,2025,Premium,973.0,889.0,7.52,133.0,12795198.48,Luxury,76.0442
GM/Chevrolet,Bolt EUV,2026,Long Range,972.0,860.0,5.21,173.0,5883000.02,Premium,165.2218
Hyundai,Ioniq,2025,Long Range,972.0,902.0,4.63,186.0,6236895.56,Premium,155.8468
Rivian,R1S,2024,Standard,972.0,858.0,7.32,146.0,7116196.48,Premium,136.5898
Kia,Sportage EV,2025,Premium,972.0,869.0,6.43,149.0,6783893.2,Premium,143.2806
Kia,EV6,2026,Premium,967.0,895.0,5.15,173.0,6829261.26,Premium,141.5966
Ford,Mustang Mach-E,2024,Standard,967.0,916.0,6.77,149.0,6633089.7,Premium,145.7842
Tesla,Model S,2025,Long Range,966.0,876.0,4.55,187.0,11508724.0,Luxury,83.9363
Audi,e-tron,2024,Long Range,965.0,897.0,5.2,174.0,10331971.86,Luxury,93.3994
Audi,e-tron,2021,Performance,963.0,899.0,2.76,200.0,9943050.57,Luxury,96.8516
BYD,Seagull,2023,Standard,963.0,882.0,7.53,130.0,7025688.33,Premium,137.0684
Tesla,Model 3,2025,Performance,963.0,873.0,2.52,200.0,11132526.44,Luxury,86.5033
Hyundai,Ioniq,2020,Performance,962.0,889.0,3.09,200.0,6204591.08,Premium,155.0465
Volkswagen,ID. Aero,2023,Performance,961.0,853.0,2.61,200.0,6875831.72,Premium,139.7649
BYD,Leaf 50X,2021,Performance,961.0,894.0,4.0,200.0,7259274.57,Premium,132.3824
BYD,Dolphin,2025,Standard,960.0,881.0,5.34,166.0,6998417.23,Premium,137.1739
Tesla,Model Y,2025,Premium,960.0,849.0,7.44,132.0,10823582.29,Luxury,88.6952
BMW,iX,2026,Standard,959.0,885.0,6.23,159.0,9308215.1,Luxury,103.0273
NIO,EL6,2024,Long Range,958.0,836.0,5.18,171.0,8331246.74,Premium,114.9888
Hyundai,Kona Electric,2026,Performance,956.0,887.0,2.67,200.0,6496277.46,Premium,147.1612
NIO,EC6,2025,Premium,956.0,826.0,5.82,163.0,8616970.38,Luxury,110.9439
Tesla,Model S,2026,Long Range,955.0,881.0,4.94,171.0,10520233.47,Luxury,90.7775
BYD,Dolphin,2024,Premium,954.0,884.0,7.36,146.0,6973789.74,Premium,136.7979
BYD,Qin,2021,Premium,953.0,926.0,7.6,135.0,6539216.5,Premium,145.7361
BMW,i3,2023,Performance,953.0,813.0,4.09,188.0,9309893.46,Luxury,102.3642
Lucid,Air,2026,Standard,953.0,859.0,7.53,138.0,16647052.65,Luxury,57.2474
NIO,EC6,2023,Long Range,953.0,885.0,5.43,171.0,8183989.48,Premium,116.4469
Tesla,Cybertruck,2025,Premium,951.0,870.0,6.26,164.0,10965789.47,Luxury,86.7243
GM/Chevrolet,Equinox EV,2026,Performance,950.0,836.0,2.8,200.0,5995385.17,Premium,158.4552
Ford,E-Transit,2024,Premium,950.0,893.0,7.91,134.0,6837377.46,Premium,138.9422
GM/Chevrolet,Bolt EUV,2025,Long Range,950.0,828.0,5.66,157.0,5717256.69,Premium,166.1636
Kia,EV9,2025,Standard,950.0,840.0,7.19,133.0,6469878.93,Premium,146.8343
Tesla,Model S,2026,Long Range,950.0,859.0,4.6,176.0,10657550.89,Luxury,89.1387
Tesla,Model Y,2023,Performance,947.0,858.0,2.84,200.0,9985787.54,Luxury,94.8348
Mercedes,EQE,2026,Performance,945.0,822.0,4.1,196.0,12435228.32,Luxury,75.9938
BYD,Yuan Plus,2026,Standard,944.0,832.0,6.82,145.0,7546279.1,Premium,125.0948
Hyundai,Kona Electric,2024,Premium,943.0,794.0,7.11,150.0,6266973.93,Premium,150.4713
Tesla,Cybertruck,2024,Long Range,943.0,852.0,4.28,187.0,10999393.21,Luxury,85.732
Honda,e,2022,Premium,943.0,887.0,6.09,154.0,5065280.34,Mid-range,186.1694
Ford,E-Transit,2024,Standard,942.0,877.0,6.96,151.0,6810604.02,Premium,138.3137
Mercedes,EQE,2023,Standard,942.0,820.0,5.81,166.0,11858649.12,Luxury,79.4357
GM/Chevrolet,Blazer EV,2024,Premium,940.0,844.0,5.71,161.0,5851852.01,Premium,160.6329
Volkswagen,ID. Buzz,2025,Standard,939.0,848.0,5.85,160.0,7146502.81,Premium,131.3929
BMW,i3,2025,Premium,939.0,836.0,5.55,165.0,9051664.7,Luxury,103.7378
Toyota,bZ4X,2025,Long Range,939.0,924.0,4.49,184.0,6290844.08,Premium,149.2645
Tesla,Model S,2023,Premium,939.0,845.0,6.29,159.0,10963079.06,Luxury,85.6511
GM/Chevrolet,Bolt EUV,2026,Standard,938.0,820.0,7.19,142.0,5939879.38,Premium,157.9157
Tesla,Model 3,2026,Standard,936.0,844.0,6.59,154.0,10658498.62,Luxury,87.8172
Audi,Q4 e-tron,2025,Standard,936.0,892.0,6.24,160.0,10007520.09,Luxury,93.5297
Volkswagen,ID.4,2026,Standard,935.0,853.0,6.9,152.0,7226369.72,Premium,129.3872
Mercedes,EQE,2024,Premium,935.0,806.0,5.33,176.0,12243080.62,Luxury,76.3697
BYD,Atto 3,2025,Premium,934.0,836.0,5.81,160.0,6768401.45,Premium,137.9942
Tesla,Model S,2022,Long Range,932.0,846.0,4.49,181.0,11108318.96,Luxury,83.9011
Kia,Sportage EV,2025,Premium,931.0,831.0,7.08,146.0,6358199.35,Premium,146.4251
Rivian,R2,2024,Standard,931.0,808.0,5.22,165.0,7027102.82,Premium,132.487
Volkswagen,ID.4,2022,Long Range,931.0,861.0,4.66,181.0,6913390.02,Premium,134.6662
Tesla,Cybertruck,2026,Base,930.0,825.0,7.42,130.0,10132750.05,Luxury,91.7816
BMW,i7,2025,Premium,929.0,805.0,5.42,175.0,8973136.28,Luxury,103.5312
Ford,F-150 Lightning,2024,Premium,929.0,817.0,7.58,142.0,6616178.44,Premium,140.4134
Tesla,Model 3,2025,Premium,928.0,848.0,7.39,142.0,10676216.48,Luxury,86.9222
BYD,Seagull,2024,Standard,928.0,833.0,6.71,154.0,6984268.15,Premium,132.87
Tesla,Cybertruck,2025,Performance,927.0,847.0,2.94,200.0,9804234.33,Luxury,94.551
Fisker,Ronin,2025,Premium,925.0,853.0,7.48,140.0,8876551.83,Luxury,104.2071
Tesla,Model 3,2023,Standard,923.0,819.0,6.56,154.0,10746313.06,Luxury,85.8899
Kia,Sportage EV,2023,Standard,923.0,832.0,5.31,169.0,6469979.96,Premium,142.6589
Mercedes,EQG,2025,Standard,922.0,787.0,6.86,150.0,11615388.58,Luxury,79.3775
BMW,i3,2024,Premium,922.0,817.0,7.25,136.0,9111786.36,Luxury,101.1876
Hyundai,i30,2025,Performance,921.0,811.0,3.15,200.0,6041473.0,Premium,152.4463
Ford,F-150 Lightning,2025,Premium,919.0,842.0,7.69,139.0,6619847.44,Premium,138.825
Tesla,Model X,2024,Standard,917.0,842.0,5.27,172.0,10443005.15,Luxury,87.81
Ford,E-Transit,2023,Performance,917.0,787.0,4.13,184.0,6572689.98,Premium,139.5167
BMW,i3,2024,Premium,916.0,795.0,5.75,160.0,8750623.82,Luxury,104.6783
Ford,Mustang Mach-E,2025,Performance,915.0,803.0,4.26,180.0,6080850.76,Premium,150.4724
Ford,Explorer EV,2023,Performance,915.0,850.0,2.91,200.0,6555463.92,Premium,139.5782
Tesla,Cybertruck,2024,Standard,914.0,861.0,6.46,150.0,10922055.51,Luxury,83.6839
Tesla,Model X,2025,Performance,914.0,835.0,4.3,198.0,10594069.18,Luxury,86.2747
Tesla,Model 3,2024,Premium,913.0,812.0,7.17,140.0,10727273.39,Luxury,85.1102
Toyota,bZ4X,2025,Long Range,912.0,799.0,5.77,156.0,6062844.82,Premium,150.4244
Tesla,Model X,2025,Long Range,912.0,883.0,4.98,177.0,10013901.16,Luxury,91.0734
Tesla,Model S,2022,Long Range,912.0,859.0,5.42,159.0,9943180.83,Luxury,91.7212
BYD,Dolphin,2025,Standard,912.0,776.0,6.27,151.0,6910434.12,Premium,131.9743
Kia,Picanto EV,2025,Premium,912.0,808.0,6.67,144.0,6740240.24,Premium,135.3067
BYD,Qin,2026,Premium,912.0,788.0,7.2,137.0,6641822.13,Premium,137.3117
BYD,Seagull,2026,Standard,911.0,866.0,7.1,136.0,6319929.63,Premium,144.1472
Toyota,bZ4X,2026,Premium,910.0,807.0,6.41,152.0,6096368.4,Premium,149.2692
Tesla,Cybertruck,2024,Standard,910.0,830.0,6.57,154.0,10452274.49,Luxury,87.0624
Tesla,Model Y,2025,Standard,909.0,826.0,7.3,132.0,10269735.98,Luxury,88.5125
Tesla,Model 3,2023,Standard,907.0,860.0,6.3,150.0,10284856.15,Luxury,88.1879
BYD,Leaf 50X,2024,Long Range,907.0,801.0,5.67,164.0,6502391.32,Premium,139.4871
Hyundai,Ioniq 6,2025,Premium,906.0,841.0,6.71,150.0,6037798.16,Premium,150.0547
Tesla,Model 3,2023,Performance,906.0,862.0,3.23,195.0,10490470.73,Luxury,86.3641
Tesla,Model S,2022,Standard,905.0,847.0,5.72,163.0,10649663.48,Luxury,84.9792
Tesla,Model S,2024,Standard,905.0,784.0,5.61,177.0,10254435.44,Luxury,88.2545
Kia,Sportage EV,2026,Standard,904.0,810.0,6.28,151.0,6320581.76,Premium,143.0248
Volkswagen,ID.4,2025,Performance,904.0,799.0,3.41,192.0,6725883.25,Premium,134.4061
Tesla,Model 3,2026,Premium,904.0,801.0,7.67,135.0,10303576.86,Luxury,87.7365
GM/Chevrolet,Silverado EV,2026,Premium,903.0,784.0,7.05,146.0,5710983.34,Premium,158.1164
BYD,Qin,2023,Long Range,902.0,753.0,4.88,175.0,6916335.06,Premium,130.4159
Hyundai,Ioniq,2023,Standard,902.0,779.0,6.2,167.0,6134761.7,Premium,147.031
Volvo,XC90 Recharge,2025,Premium,899.0,801.0,7.68,123.0,8083944.78,Premium,111.2081
Hyundai,Ioniq,2023,Performance,899.0,830.0,3.01,198.0,5829722.84,Premium,154.2097
GM/Chevrolet,Equinox EV,2025,Base,899.0,829.0,7.58,137.0,5406694.3,Mid-range,166.2754
Volkswagen,ID.5,2025,Base,898.0,772.0,7.77,134.0,6568289.52,Premium,136.7175
Tesla,Model S,2023,Long Range,897.0,749.0,4.9,178.0,10267199.24,Luxury,87.3656
Tesla,Model X,2021,Premium,897.0,801.0,6.89,141.0,9853900.13,Luxury,91.0299
Tesla,Model 3,2025,Premium,897.0,779.0,6.99,144.0,10811179.2,Luxury,82.9697
Tesla,Cybertruck,2025,Premium,895.0,800.0,7.79,124.0,10426305.15,Luxury,85.8406
Kia,EV9,2026,Performance,895.0,813.0,4.13,185.0,6516437.7,Premium,137.345
Volkswagen,ID.3,2020,Long Range,894.0,772.0,4.33,182.0,6789994.55,Premium,131.6643
Kia,EV9,2023,Performance,894.0,748.0,2.52,200.0,6410897.87,Premium,139.45
Kia,Picanto EV,2022,Long Range,893.0,853.0,5.8,164.0,6382674.04,Premium,139.91
BYD,Dolphin,2026,Standard,891.0,772.0,7.12,153.0,6901881.21,Premium,129.0952
Volkswagen,ID.4,2024,Standard,891.0,780.0,6.88,136.0,6615240.74,Premium,134.689
Tesla,Cybertruck,2023,Premium,891.0,851.0,6.1,162.0,9919866.8,Luxury,89.8198
Ford,Mustang Mach-E,2023,Long Range,891.0,791.0,4.21,189.0,6352012.0,Premium,140.2705
Hyundai,Ioniq 6,2025,Standard,890.0,734.0,7.79,133.0,5825749.91,Premium,152.77
Hyundai,Ioniq 5,2022,Premium,890.0,768.0,7.7,132.0,6025313.24,Premium,147.7102
Volkswagen,ID.4,2024,Performance,890.0,825.0,3.59,193.0,6690624.54,Premium,133.022
BYD,Atto 3,2025,Performance,889.0,778.0,3.65,195.0,6793394.67,Premium,130.8624
Audi,e-tron,2025,Standard,888.0,750.0,6.47,152.0,9558364.4,Luxury,92.9029
Tesla,Model 3,2023,Premium,888.0,781.0,5.34,175.0,10311789.08,Luxury,86.115
Tesla,Model Y,2025,Premium,888.0,808.0,6.96,147.0,10549961.14,Luxury,84.1709
Kia,Sportage EV,2025,Long Range,887.0,779.0,5.81,171.0,6411739.55,Premium,138.34
BMW,i4,2026,Premium,887.0,802.0,7.03,147.0,8641511.02,Luxury,102.6441
Volkswagen,ID.4,2024,Performance,886.0,783.0,2.78,200.0,6522155.78,Premium,135.8447
Polestar,3,2024,Standard,886.0,811.0,7.01,144.0,9730107.2,Luxury,91.0576
GM/Chevrolet,Bolt EV,2026,Premium,886.0,827.0,5.62,155.0,5653885.2,Premium,156.7064
Tesla,Model X,2022,Performance,885.0,771.0,4.12,189.0,9828482.73,Luxury,90.0444
Tesla,Model S,2026,Base,885.0,775.0,7.14,145.0,9971398.82,Luxury,88.7538
BYD,Max,2026,Standard,885.0,732.0,7.54,139.0,6423046.28,Premium,137.7851
BMW,i5,2023,Premium,884.0,789.0,6.88,151.0,8745754.93,Luxury,101.0776
Ford,Explorer EV,2021,Long Range,881.0,758.0,5.55,156.0,6476457.06,Premium,136.0312
Tesla,Model X,2024,Long Range,881.0,810.0,4.65,186.0,9812751.33,Luxury,89.7811
BMW,i3,2024,Standard,881.0,812.0,7.1,143.0,9053475.81,Luxury,97.3107
BMW,i3,2025,Standard,879.0,791.0,5.28,178.0,8717553.64,Luxury,100.831
Volkswagen,ID.4,2023,Performance,878.0,828.0,3.77,198.0,6756983.66,Premium,129.9396
BYD,Dolphin,2023,Long Range,878.0,785.0,4.88,176.0,6459606.76,Premium,135.9216
Kia,Sportage EV,2026,Base,877.0,756.0,6.33,153.0,6047872.44,Premium,145.0097
Tesla,Model S,2026,Performance,876.0,755.0,3.84,197.0,10039842.1,Luxury,87.2524
Audi,e-tron,2025,Standard,876.0,844.0,7.02,151.0,9138374.44,Luxury,95.8595
GM/Chevrolet,Equinox EV,2021,Performance,876.0,788.0,4.06,190.0,5482339.46,Premium,159.7858
Hyundai,Kona Electric,2026,Standard,876.0,791.0,6.35,151.0,5698704.66,Premium,153.7191
GM/Chevrolet,Silverado EV,2024,Standard,875.0,799.0,6.23,155.0,5157602.12,Mid-range,169.6525
BYD,Seagull,2025,Long Range,875.0,790.0,5.19,171.0,6665979.52,Premium,131.2635
Kia,Picanto EV,2026,Long Range,873.0,766.0,4.95,168.0,5854661.78,Premium,149.1119
BMW,i4,2022,Performance,873.0,817.0,2.73,200.0,8544977.51,Luxury,102.1653
Ford,E-Transit,2022,Performance,871.0,801.0,2.74,200.0,6069112.33,Premium,143.5136
GM/Chevrolet,Silverado EV,2023,Standard,870.0,835.0,6.67,155.0,5355042.04,Mid-range,162.4637
Volkswagen,ID.4,2025,Base,869.0,785.0,5.41,169.0,6588445.59,Premium,131.8976
Tesla,Cybertruck,2025,Standard,868.0,786.0,6.96,136.0,10463021.78,Luxury,82.9588
Kia,EV9,2022,Long Range,868.0,792.0,4.48,183.0,6151934.31,Premium,141.0938
Tesla,Cybertruck,2025,Long Range,867.0,784.0,4.75,168.0,9905811.24,Luxury,87.5244
Volkswagen,ID.4,2023,Premium,867.0,845.0,6.73,144.0,6553494.16,Premium,132.2958
BYD,Yuan Plus,2024,Base,867.0,753.0,5.83,163.0,6175862.9,Premium,140.3852
Rivian,R3,2023,Standard,866.0,733.0,5.17,177.0,6836507.39,Premium,126.6729
BMW,i5,2023,Standard,866.0,827.0,6.06,167.0,8855041.4,Luxury,97.7974
Hyundai,Ioniq 6,2025,Standard,866.0,746.0,7.04,148.0,5878582.86,Premium,147.3144
BYD,Leaf 50X,2023,Standard,865.0,781.0,6.13,162.0,6202751.58,Premium,139.4542
Kia,EV9,2025,Long Range,864.0,705.0,4.27,187.0,6179047.6,Premium,139.8274
Audi,Q6 e-tron,2024,Standard,864.0,787.0,6.33,144.0,9421965.48,Luxury,91.7006
GM/Chevrolet,Bolt EUV,2024,Long Range,863.0,773.0,4.4,183.0,5154525.97,Mid-range,167.4257
GM/Chevrolet,Silverado EV,2026,Standard,863.0,753.0,5.66,158.0,5415351.58,Mid-range,159.3618
Hyundai,i30,2025,Long Range,861.0,735.0,4.66,176.0,5901939.48,Premium,145.8842
Tesla,Model S,2024,Performance,861.0,780.0,3.03,200.0,10008077.04,Luxury,86.0305
Tesla,Model Y,2025,Base,860.0,798.0,7.79,120.0,9568089.65,Luxury,89.8821
Volkswagen,ID. Aero,2021,Long Range,859.0,782.0,5.53,172.0,6363944.15,Premium,134.9792
Ford,Explorer EV,2023,Standard,859.0,769.0,7.61,134.0,6134729.97,Premium,140.0225
Tesla,Cybertruck,2025,Performance,859.0,763.0,3.86,189.0,9692488.78,Luxury,88.6253
Tesla,Model S,2025,Long Range,857.0,741.0,5.12,178.0,10048238.86,Luxury,85.2886
BYD,Leaf 50X,2022,Long Range,857.0,747.0,4.79,183.0,6695045.03,Premium,128.0051
GM/Chevrolet,Blazer EV,2025,Base,856.0,767.0,7.75,130.0,5296966.96,Mid-range,161.6019
Tesla,Cybertruck,2025,Premium,854.0,760.0,6.52,155.0,9477733.46,Luxury,90.1059
BMW,i4,2025,Long Range,853.0,812.0,5.12,183.0,8494585.26,Luxury,100.4169
Hyundai,Kona Electric,2024,Premium,852.0,751.0,6.78,145.0,5805186.36,Premium,146.7653
BMW,i3,2025,Long Range,852.0,737.0,4.37,184.0,8550096.9,Luxury,99.648
Kia,Picanto EV,2022,Long Range,852.0,746.0,4.02,187.0,6147443.68,Premium,138.5942
Mercedes,GLE EV,2023,Standard,852.0,767.0,6.34,156.0,12072579.46,Luxury,70.5732
Tesla,Cybertruck,2024,Base,851.0,715.0,7.93,125.0,9396920.49,Luxury,90.5616
BYD,Leaf 50X,2025,Premium,851.0,788.0,5.05,174.0,5947456.17,Premium,143.0864
BYD,Leaf 50X,2024,Base,850.0,788.0,7.34,137.0,6441554.06,Premium,131.9557
Tesla,Model S,2026,Base,850.0,762.0,5.76,162.0,9988310.08,Luxury,85.0995
Toyota,bZ4X,2022,Standard,850.0,731.0,6.21,153.0,5843537.92,Premium,145.4598
Tesla,Cybertruck,2024,Standard,850.0,776.0,5.61,173.0,10170742.55,Luxury,83.5731
Ford,Explorer EV,2025,Performance,849.0,764.0,3.26,193.0,6278690.65,Premium,135.2193
BYD,Leaf 50X,2024,Base,849.0,830.0,7.52,139.0,6385459.6,Premium,132.9583
Mercedes,EQC,2026,Base,848.0,725.0,7.92,136.0,11496219.04,Luxury,73.7634
Tesla,Model Y,2024,Base,847.0,781.0,5.7,162.0,9837213.49,Luxury,86.1016
GM/Chevrolet,Equinox EV,2021,Long Range,846.0,793.0,5.83,165.0,5156560.04,Mid-range,164.0629
Tesla,Cybertruck,2024,Premium,846.0,761.0,5.38,160.0,9852039.75,Luxury,85.8705
BYD,Dolphin,2023,Premium,845.0,776.0,6.95,137.0,6568469.05,Premium,128.6449
Tesla,Model X,2021,Long Range,844.0,742.0,5.55,162.0,9869036.18,Luxury,85.52
GM/Chevrolet,Equinox EV,2023,Long Range,844.0,702.0,5.02,177.0,5474209.9,Premium,154.1775
BYD,Seagull,2021,Standard,844.0,798.0,7.63,141.0,6114790.17,Premium,138.026
BMW,i3,2021,Long Range,843.0,810.0,5.0,178.0,8524944.19,Luxury,98.8863
Mercedes,EQE,2023,Long Range,843.0,766.0,5.66,169.0,11901695.88,Luxury,70.8302
Volkswagen,ID.5,2025,Base,843.0,736.0,6.37,155.0,6381631.12,Premium,132.0979
Kia,Sportage EV,2024,Premium,843.0,702.0,5.44,172.0,6087053.14,Premium,138.4907
Mercedes,EQG,2022,Long Range,842.0,758.0,5.28,162.0,11705612.0,Luxury,71.9313
Kia,Niro EV,2026,Standard,842.0,756.0,7.19,149.0,6041189.1,Premium,139.3765
Hyundai,Ioniq 5,2023,Standard,842.0,760.0,6.66,152.0,5687191.68,Premium,148.052
Tesla,Model S,2026,Performance,841.0,743.0,2.81,200.0,10102745.99,Luxury,83.2447
Fisker,Ocean,2023,Premium,841.0,735.0,5.42,163.0,8419907.87,Luxury,99.8823
Tesla,Cybertruck,2023,Standard,841.0,748.0,7.11,145.0,10178357.75,Luxury,82.6263
BYD,Leaf 50X,2024,Long Range,840.0,797.0,4.14,189.0,6272356.34,Premium,133.921
Tesla,Model Y,2024,Standard,840.0,747.0,5.49,169.0,9263432.38,Luxury,90.6791
Volkswagen,ID. Aero,2022,Performance,840.0,732.0,2.66,200.0,6441586.62,Premium,130.4027
BYD,Qin,2025,Standard,839.0,753.0,5.72,158.0,6634226.97,Premium,126.4654
Volkswagen,ID.3,2022,Standard,839.0,757.0,5.91,168.0,6170887.98,Premium,135.961
Volkswagen,ID.4,2025,Base,839.0,744.0,5.73,164.0,6571341.45,Premium,127.6756
Ford,F-150 Lightning,2026,Premium,837.0,763.0,6.78,157.0,6107744.44,Premium,137.0391
BYD,Seagull,2023,Long Range,837.0,747.0,4.19,183.0,6504838.71,Premium,128.6734
BYD,Dolphin,2024,Long Range,836.0,754.0,5.98,157.0,6269150.78,Premium,133.3514
GM/Chevrolet,Bolt EUV,2026,Base,835.0,746.0,7.32,136.0,5318681.13,Mid-range,156.9938
Audi,e-tron,2024,Standard,835.0,749.0,7.14,144.0,9316321.28,Luxury,89.6277
Tesla,Model Y,2026,Base,835.0,807.0,6.51,155.0,9464796.81,Luxury,88.2217
Hyundai,i30,2023,Long Range,835.0,684.0,4.76,179.0,5508495.0,Premium,151.5841
GM/Chevrolet,Bolt EUV,2021,Standard,834.0,769.0,6.86,143.0,5383559.8,Mid-range,154.9161
Tesla,Model Y,2023,Base,834.0,823.0,6.34,153.0,8902058.58,Luxury,93.6862
Mercedes,EQC,2025,Long Range,834.0,747.0,4.77,180.0,11387057.82,Luxury,73.241
Toyota,bZ4X,2023,Standard,831.0,745.0,5.12,168.0,5785374.32,Premium,143.6381
BYD,Max,2026,Performance,830.0,743.0,4.08,193.0,5960680.06,Premium,139.2459
BMW,i3,2023,Premium,829.0,771.0,6.62,146.0,8552621.94,Luxury,96.9293
Tesla,Cybertruck,2024,Premium,829.0,855.0,6.16,163.0,9195729.75,Luxury,90.1505
GM/Chevrolet,Silverado EV,2025,Base,828.0,701.0,6.75,140.0,5245303.0,Mid-range,157.8555
Tesla,Model Y,2024,Standard,828.0,772.0,6.17,157.0,9877346.93,Luxury,83.8282
GM/Chevrolet,Blazer EV,2023,Standard,828.0,728.0,7.57,138.0,5215527.74,Mid-range,158.7567
Porsche,Macan Electric,2021,Standard,828.0,758.0,7.11,137.0,13623068.42,Luxury,60.7793
Kia,EV9,2024,Premium,826.0,792.0,7.87,137.0,6100783.04,Premium,135.3925
Tesla,Model Y,2025,Long Range,826.0,761.0,4.84,185.0,9508008.9,Luxury,86.8741
Volkswagen,ID.4,2024,Long Range,826.0,707.0,4.75,183.0,6432005.0,Premium,128.4203
Tesla,Model X,2025,Base,826.0,728.0,6.55,151.0,9249450.31,Luxury,89.3026
Tesla,Model X,2025,Premium,825.0,749.0,7.91,134.0,9357529.37,Luxury,88.1643
Tesla,Model X,2023,Base,825.0,733.0,6.19,164.0,9143554.78,Luxury,90.2275
Tesla,Model Y,2024,Standard,825.0,736.0,5.63,165.0,9351707.75,Luxury,88.2192
GM/Chevrolet,Bolt EV,2025,Premium,825.0,763.0,7.42,142.0,4978352.66,Mid-range,165.7175
Volkswagen,ID.4,2024,Standard,824.0,725.0,7.69,139.0,6532488.06,Premium,126.1388
Fisker,Ronin,2026,Standard,823.0,743.0,5.24,177.0,7820020.49,Premium,105.2427
Tesla,Model Y,2021,Standard,823.0,688.0,7.85,136.0,9733202.55,Luxury,84.5559
Ford,F-150 Lightning,2023,Performance,822.0,735.0,2.68,200.0,5805446.05,Premium,141.5912
Mercedes,EQS,2025,Base,822.0,776.0,6.97,148.0,11432723.98,Luxury,71.8989
BYD,Yuan Plus,2026,Base,820.0,765.0,5.98,163.0,5995835.24,Premium,136.7616
Audi,e-tron GT,2025,Standard,820.0,730.0,7.53,139.0,9169651.03,Luxury,89.4254
Kia,EV6,2024,Base,819.0,756.0,5.28,174.0,6084685.08,Premium,134.6002
BMW,iX,2023,Performance,818.0,765.0,4.35,174.0,8482836.81,Luxury,96.43
Volkswagen,ID.4,2023,Long Range,818.0,716.0,4.49,189.0,6567594.8,Premium,124.5509
Volkswagen,ID. Buzz,2026,Base,818.0,753.0,5.33,165.0,6482358.84,Premium,126.1886
Toyota,bZ Compact SUV,2020,Long Range,818.0,760.0,5.66,169.0,5907486.39,Premium,138.4684
Mercedes,EQS,2025,Standard,817.0,752.0,5.89,160.0,11019057.46,Luxury,74.1443
BMW,i5,2025,Base,817.0,704.0,5.42,165.0,8525689.85,Luxury,95.828
Volkswagen,ID.4,2025,Standard,816.0,711.0,6.3,149.0,6353087.48,Premium,128.4415
Tesla,Model Y,2022,Long Range,816.0,719.0,5.21,182.0,9383968.81,Luxury,86.9568
Toyota,bZ Compact SUV,2025,Base,816.0,769.0,6.65,154.0,5478318.1,Premium,148.9508
Kia,Niro EV,2026,Performance,816.0,742.0,4.45,181.0,5991722.86,Premium,136.1879
Ford,Mustang Mach-E,2025,Long Range,815.0,725.0,4.52,185.0,5851411.13,Premium,139.2826
Tesla,Cybertruck,2025,Standard,815.0,721.0,7.5,137.0,9521419.83,Luxury,85.5965
BYD,Leaf 50X,2025,Base,815.0,722.0,6.2,154.0,6324947.14,Premium,128.8548
Hyundai,Ioniq 5,2025,Base,815.0,690.0,5.05,164.0,5728287.04,Premium,142.2764
BYD,Dolphin,2025,Base,814.0,744.0,6.7,152.0,6112811.22,Premium,133.163
Volkswagen,ID.3,2026,Performance,813.0,732.0,3.97,195.0,6465815.82,Premium,125.7382
BYD,Max,2024,Standard,813.0,686.0,6.56,161.0,5915711.98,Premium,137.4306
Volkswagen,ID. Buzz,2025,Performance,812.0,761.0,2.86,200.0,6572613.15,Premium,123.5429
BMW,i4,2022,Standard,812.0,735.0,7.8,135.0,8339114.94,Premium,97.3724
Tesla,Cybertruck,2024,Premium,810.0,732.0,5.41,170.0,9412081.59,Luxury,86.0596
BMW,i3,2025,Performance,810.0,745.0,3.25,200.0,8152150.09,Premium,99.3603
Kia,Niro EV,2025,Premium,810.0,733.0,7.95,130.0,5509158.82,Premium,147.0279
Mercedes,GLE EV,2021,Long Range,810.0,741.0,5.63,159.0,11179510.22,Luxury,72.454
Audi,e-tron GT,2024,Base,810.0,693.0,7.52,142.0,8912132.02,Luxury,90.8873
Tesla,Model S,2025,Base,809.0,752.0,6.34,152.0,8933897.13,Luxury,90.554
Tesla,Cybertruck,2023,Base,809.0,719.0,7.93,131.0,9507416.04,Luxury,85.0915
Tesla,Model Y,2024,Standard,809.0,763.0,5.33,172.0,9185078.49,Luxury,88.0776
Tesla,Model 3,2025,Performance,808.0,749.0,3.93,195.0,9405074.27,Luxury,85.9111
GM/Chevrolet,Bolt EV,2024,Standard,808.0,740.0,6.23,156.0,5099421.82,Mid-range,158.4493
Volkswagen,ID. Buzz,2024,Premium,808.0,703.0,6.4,154.0,6182934.52,Premium,130.6823
Volvo,XC90 Recharge,2022,Performance,807.0,735.0,2.53,200.0,7570211.04,Premium,106.602
Mercedes,GLE EV,2026,Standard,807.0,733.0,5.12,181.0,11280959.38,Luxury,71.5365
Tesla,Model 3,2022,Standard,806.0,684.0,6.6,152.0,9359227.76,Luxury,86.1182
Ford,E-Transit,2022,Premium,806.0,761.0,7.84,135.0,6069314.4,Premium,132.7992
Tesla,Model Y,2026,Base,805.0,733.0,7.1,140.0,9277017.83,Luxury,86.7736
BMW,i4,2023,Standard,804.0,703.0,5.58,165.0,8516347.86,Luxury,94.4067
NIO,EL8,2025,Premium,804.0,708.0,5.5,164.0,7304476.46,Premium,110.0695
GM/Chevrolet,Bolt EUV,2025,Performance,803.0,695.0,2.88,200.0,5204632.66,Mid-range,154.2856
Ford,F-150 Lightning,2025,Long Range,803.0,740.0,5.88,162.0,5824879.0,Premium,137.8569
Audi,Q4 e-tron,2024,Base,803.0,720.0,7.49,142.0,9042621.64,Luxury,88.8017
BYD,Qin,2024,Base,803.0,708.0,5.85,161.0,6323695.48,Premium,126.9827
Kia,Picanto EV,2024,Base,802.0,770.0,5.22,170.0,5998887.16,Premium,133.6915
Mercedes,GLE EV,2024,Premium,801.0,766.0,5.51,167.0,11268635.62,Luxury,71.0823
BYD,Yuan Plus,2023,Standard,801.0,724.0,5.92,161.0,5906152.06,Premium,135.6213
BMW,iX,2023,Base,800.0,752.0,6.84,142.0,8221552.78,Premium,97.3052
BYD,Atto 3,2024,Premium,800.0,732.0,5.5,178.0,6040111.94,Premium,132.4479
Tesla,Model Y,2024,Long Range,800.0,756.0,4.38,178.0,9564892.44,Luxury,83.6392
Kia,Sportage EV,2025,Performance,800.0,714.0,4.18,185.0,6041023.76,Premium,132.4279
Tesla,Model Y,2023,Base,800.0,741.0,7.32,142.0,9391446.24,Luxury,85.1839
BYD,Seagull,2023,Base,799.0,748.0,5.45,175.0,6059237.62,Premium,131.8648
BYD,Atto 3,2023,Base,795.0,760.0,6.84,142.0,6140804.6,Premium,129.4619
Audi,e-tron GT,2025,Base,795.0,707.0,7.71,135.0,8728320.13,Luxury,91.0828
Kia,EV6,2021,Long Range,795.0,688.0,5.22,170.0,5563934.82,Premium,142.8845
Tesla,Model 3,2024,Premium,794.0,685.0,5.18,171.0,9291480.87,Luxury,85.4546
BYD,Max,2022,Standard,793.0,668.0,7.56,142.0,6063150.43,Premium,130.7901
Tesla,Cybertruck,2025,Premium,792.0,738.0,7.04,145.0,8711575.04,Luxury,90.9135
BYD,Dolphin,2022,Base,792.0,662.0,7.76,132.0,5929466.93,Premium,133.5702
BYD,Qin,2022,Long Range,792.0,733.0,5.6,161.0,6431181.69,Premium,123.15
Ford,Explorer EV,2024,Long Range,792.0,705.0,5.32,180.0,5821903.9,Premium,136.038
BMW,i5,2022,Performance,790.0,750.0,3.87,184.0,8553782.58,Luxury,92.3568
Kia,Niro EV,2024,Premium,790.0,742.0,7.12,141.0,5714461.11,Premium,138.2458
GM/Chevrolet,Equinox EV,2025,Long Range,790.0,762.0,5.77,159.0,4874140.49,Mid-range,162.0799
BYD,Atto 3,2024,Long Range,788.0,761.0,5.84,166.0,5966231.14,Premium,132.0767
Mercedes,EQS,2023,Base,788.0,737.0,7.72,126.0,10820325.79,Luxury,72.8259
BMW,i4,2024,Standard,788.0,724.0,7.78,121.0,8054345.7,Premium,97.8354
BMW,i5,2025,Standard,788.0,683.0,7.79,131.0,8103392.77,Premium,97.2432
Tesla,Model 3,2025,Long Range,787.0,637.0,5.89,169.0,9431198.08,Luxury,83.4465
Kia,EV6,2023,Long Range,787.0,717.0,4.6,172.0,5751585.21,Premium,136.8318
Tesla,Model Y,2023,Standard,786.0,685.0,5.13,175.0,8413318.88,Luxury,93.4233
Fisker,Ocean,2024,Long Range,786.0,724.0,5.21,182.0,7767063.12,Premium,101.1966
Volkswagen,ID.3,2025,Long Range,786.0,732.0,5.78,163.0,5916651.35,Premium,132.8454
Hyundai,Ioniq 5,2025,Premium,785.0,710.0,5.06,179.0,5463668.02,Premium,143.6764
Kia,EV6,2024,Performance,785.0,658.0,3.88,189.0,5704400.2,Premium,137.6131
Volkswagen,ID.5,2025,Standard,785.0,727.0,7.51,137.0,5911922.74,Premium,132.7825
Tesla,Model 3,2025,Premium,785.0,681.0,7.55,134.0,8869496.92,Luxury,88.5056
Tesla,Model 3,2024,Standard,784.0,688.0,6.51,151.0,8901925.82,Luxury,88.0708
Audi,Q6 e-tron,2023,Base,784.0,695.0,6.98,147.0,8631672.22,Luxury,90.8283
Tesla,Model Y,2024,Base,784.0,689.0,6.21,163.0,8818216.23,Luxury,88.9069
Toyota,bZ4X,2024,Performance,783.0,733.0,4.25,181.0,5579181.92,Premium,140.3432
Kia,EV9,2024,Standard,783.0,737.0,5.46,169.0,5850561.94,Premium,133.8333
Ford,E-Transit,2025,Performance,783.0,728.0,3.88,192.0,5811392.08,Premium,134.7354
Tesla,Model X,2023,Performance,782.0,741.0,3.31,200.0,9332531.14,Luxury,83.7929
GM/Chevrolet,Bolt EUV,2025,Premium,782.0,728.0,5.75,168.0,5166297.8,Mid-range,151.3656
BMW,i5,2024,Premium,781.0,690.0,7.5,136.0,7713660.7,Premium,101.2489
Tesla,Model 3,2026,Performance,781.0,662.0,4.02,190.0,9374929.1,Luxury,83.3073
BYD,Yuan Plus,2025,Base,781.0,718.0,7.94,126.0,6154984.56,Premium,126.889
GM/Chevrolet,Bolt EV,2025,Base,780.0,691.0,7.07,146.0,5052832.16,Mid-range,154.3689
Tesla,Model Y,2025,Base,780.0,711.0,5.74,165.0,9182501.68,Luxury,84.9442
BYD,Seagull,2025,Base,780.0,688.0,7.8,138.0,5633709.93,Premium,138.4523
Ford,F-150 Lightning,2025,Standard,779.0,697.0,5.67,168.0,5942403.58,Premium,131.0917
Hyundai,Ioniq,2022,Long Range,779.0,667.0,4.95,173.0,5656878.68,Premium,137.7085
Volkswagen,ID.3,2025,Base,778.0,730.0,5.35,164.0,6131158.68,Premium,126.8928
GM/Chevrolet,Bolt EV,2025,Performance,778.0,765.0,3.71,200.0,5027589.28,Mid-range,154.7461
Ford,Mustang Mach-E,2023,Base,778.0,690.0,5.74,166.0,5676027.73,Premium,137.0677
Hyundai,Ioniq 5,2025,Premium,778.0,729.0,5.27,172.0,5383320.15,Mid-range,144.5205
Kia,EV9,2026,Long Range,777.0,693.0,4.04,185.0,5727243.29,Premium,135.6674
Hyundai,Ioniq 6,2024,Standard,777.0,662.0,5.5,168.0,5294279.09,Mid-range,146.7622
Mercedes,EQG,2023,Long Range,777.0,661.0,5.84,158.0,11110394.77,Luxury,69.9345
Kia,EV9,2020,Long Range,776.0,677.0,4.21,190.0,5847000.66,Premium,132.7176
Audi,e-tron,2026,Performance,776.0,692.0,2.86,200.0,8764665.18,Luxury,88.5373
GM/Chevrolet,Silverado EV,2026,Performance,776.0,701.0,4.25,186.0,5451291.66,Premium,142.3516
Tesla,Model X,2025,Standard,776.0,726.0,5.27,171.0,9095220.8,Luxury,85.3195
Volkswagen,ID.3,2023,Performance,775.0,702.0,4.38,185.0,5882135.79,Premium,131.7549
GM/Chevrolet,Blazer EV,2025,Base,774.0,697.0,6.81,151.0,5093505.01,Mid-range,151.9582
Toyota,bZ Compact SUV,2024,Long Range,774.0,731.0,4.5,180.0,5382556.96,Mid-range,143.7978
Ford,Mustang Mach-E,2024,Standard,774.0,714.0,7.48,137.0,5603479.59,Premium,138.1285
Tesla,Model Y,2025,Long Range,773.0,713.0,5.45,162.0,9013404.16,Luxury,85.7612
Audi,Q6 e-tron,2020,Standard,773.0,639.0,7.86,128.0,8566701.7,Luxury,90.2331
Hyundai,i30,2025,Standard,772.0,707.0,5.41,174.0,5428132.1,Premium,142.222
BYD,Atto 3,2023,Premium,772.0,689.0,6.07,162.0,6033107.13,Premium,127.9606
Toyota,bZ4X,2024,Standard,771.0,727.0,6.6,152.0,5441214.04,Premium,141.6963
Hyundai,Ioniq 5,2025,Standard,770.0,690.0,7.89,124.0,5296796.62,Mid-range,145.3709
BYD,Dolphin,2025,Base,769.0,669.0,7.42,144.0,5423542.94,Mid-range,141.7892
Ford,Explorer EV,2026,Standard,768.0,638.0,6.38,161.0,5772901.09,Premium,133.0354
Tesla,Cybertruck,2024,Performance,766.0,686.0,3.04,200.0,8856738.96,Luxury,86.4878
Hyundai,Ioniq 6,2023,Standard,766.0,617.0,7.63,134.0,5537691.61,Premium,138.3248
Mercedes,EQS,2025,Performance,764.0,737.0,2.99,200.0,10944698.2,Luxury,69.8055
Kia,Picanto EV,2023,Standard,763.0,668.0,5.36,172.0,5544089.38,Premium,137.624
Kia,EV6,2025,Base,763.0,677.0,5.63,165.0,6229920.8,Premium,122.4735
BYD,Dolphin,2023,Premium,763.0,709.0,6.25,161.0,5459506.38,Premium,139.7562
GM/Chevrolet,Equinox EV,2022,Performance,761.0,683.0,3.04,200.0,4967708.92,Mid-range,153.1893
Tesla,Model 3,2025,Premium,761.0,696.0,7.48,140.0,9161316.9,Luxury,83.0667
Tesla,Model 3,2025,Standard,760.0,704.0,6.82,149.0,8635868.1,Luxury,88.005
GM/Chevrolet,Bolt EV,2023,Base,760.0,681.0,6.02,163.0,4932741.62,Mid-range,154.0725
Tesla,Model Y,2023,Standard,760.0,665.0,5.21,174.0,8192082.3,Premium,92.7725
Mercedes,EQG,2026,Base,759.0,725.0,5.2,174.0,10817116.88,Luxury,70.1666
Mercedes,EQG,2026,Long Range,758.0,698.0,4.72,173.0,10410203.85,Luxury,72.8132
BYD,Max,2022,Standard,757.0,731.0,5.24,173.0,5685425.65,Premium,133.1475
BMW,i7,2026,Performance,757.0,661.0,3.59,200.0,8055659.16,Premium,93.9712
BYD,Leaf 50X,2024,Standard,757.0,719.0,6.45,147.0,5747975.5,Premium,131.6985
Tesla,Model S,2025,Premium,755.0,692.0,7.08,140.0,8559636.77,Luxury,88.2047
Hyundai,Ioniq 6,2025,Standard,755.0,696.0,7.88,131.0,5313940.0,Mid-range,142.0791
Hyundai,Ioniq,2025,Standard,754.0,610.0,6.79,150.0,5451829.4,Premium,138.3022
Tesla,Model S,2025,Base,754.0,680.0,7.24,139.0,8515015.2,Luxury,88.5495
Kia,EV9,2024,Standard,754.0,647.0,6.02,164.0,5584208.62,Premium,135.0236
GM/Chevrolet,Bolt EV,2024,Standard,753.0,666.0,5.33,160.0,4947705.66,Mid-range,152.1918
Volkswagen,ID. Buzz,2025,Standard,753.0,614.0,6.31,156.0,5984217.88,Premium,125.831
Audi,Q6 e-tron,2024,Premium,753.0,661.0,7.12,144.0,8797718.65,Luxury,85.5904
GM/Chevrolet,Blazer EV,2023,Performance,753.0,660.0,3.99,199.0,5041763.4,Mid-range,149.3525
Tesla,Model S,2023,Premium,752.0,688.0,7.52,137.0,9102839.34,Luxury,82.6116
Ford,Explorer EV,2024,Long Range,752.0,677.0,5.88,162.0,5544617.94,Premium,135.627
GM/Chevrolet,Equinox EV,2024,Long Range,752.0,710.0,4.57,184.0,4917820.18,Mid-range,152.9133
Tesla,Cybertruck,2024,Standard,752.0,668.0,5.76,160.0,9009451.27,Luxury,83.4679
Tesla,Model Y,2025,Base,752.0,628.0,5.76,163.0,8522400.78,Luxury,88.238
Ford,F-150 Lightning,2020,Long Range,752.0,718.0,4.58,173.0,5658635.52,Premium,132.8942
Tesla,Model 3,2024,Performance,751.0,684.0,2.58,200.0,8331470.52,Premium,90.1401
Tesla,Model 3,2024,Performance,750.0,704.0,3.69,195.0,9171184.09,Luxury,81.7779
Volkswagen,ID. Buzz,2020,Standard,750.0,689.0,6.94,143.0,6032097.62,Premium,124.3349
Tesla,Model X,2025,Performance,750.0,689.0,4.34,182.0,8275788.54,Premium,90.6258
Ford,Explorer EV,2025,Long Range,749.0,594.0,5.59,161.0,5817591.96,Premium,128.7474
Mercedes,EQE,2025,Base,747.0,634.0,7.57,138.0,10461178.93,Luxury,71.4069
Tesla,Model S,2025,Performance,746.0,677.0,4.19,190.0,8312065.95,Premium,89.749
Volkswagen,ID.3,2024,Base,746.0,669.0,5.62,158.0,5976093.33,Premium,124.8307
Volkswagen,ID.5,2026,Performance,746.0,695.0,3.15,200.0,6031318.56,Premium,123.6877
Volvo,C40 Recharge,2025,Base,745.0,643.0,5.87,156.0,7310543.57,Premium,101.9076
Tesla,Cybertruck,2024,Standard,744.0,653.0,6.55,147.0,8450936.47,Luxury,88.0376
GM/Chevrolet,Blazer EV,2024,Base,744.0,635.0,6.87,153.0,4902833.6,Mid-range,151.749
BYD,Qin,2022,Standard,743.0,623.0,7.64,133.0,5847552.6,Premium,127.0617
Tesla,Cybertruck,2023,Base,743.0,674.0,6.12,165.0,8732521.02,Luxury,85.0842
Tesla,Cybertruck,2026,Base,743.0,693.0,5.47,163.0,8441968.57,Luxury,88.0126
Hyundai,Kona Electric,2024,Premium,743.0,649.0,7.45,141.0,5272185.82,Mid-range,140.9283
Tesla,Model 3,2025,Base,743.0,715.0,7.92,131.0,9078715.36,Luxury,81.8398
Honda,e:Ny1,2026,Performance,742.0,677.0,3.03,200.0,4284322.38,Mid-range,173.1896
Tesla,Model S,2023,Performance,742.0,663.0,2.63,200.0,8826466.03,Luxury,84.0654
Kia,EV9,2022,Performance,742.0,621.0,4.17,194.0,5622102.6,Premium,131.9791
Audi,Q4 e-tron,2024,Base,742.0,633.0,6.98,141.0,8656161.1,Luxury,85.7193
Mercedes,GLE EV,2025,Long Range,741.0,661.0,4.0,193.0,10215286.46,Luxury,72.5383
Hyundai,i30,2025,Standard,741.0,638.0,7.25,143.0,5542314.17,Premium,133.6987
Tesla,Model S,2021,Premium,740.0,654.0,7.76,128.0,9027105.68,Luxury,81.9753
BYD,Qin,2024,Premium,740.0,667.0,7.92,131.0,5646511.32,Premium,131.0544
Lucid,Gravity,2025,Performance,740.0,654.0,3.27,195.0,13893474.82,Luxury,53.2624
Kia,Niro EV,2026,Long Range,740.0,658.0,5.97,160.0,5624881.48,Premium,131.5583
BMW,i4,2026,Standard,739.0,656.0,7.99,132.0,7556723.28,Premium,97.7937
Tesla,Model Y,2024,Long Range,739.0,720.0,5.57,165.0,8218114.26,Premium,89.9233
Tesla,Model 3,2023,Standard,739.0,638.0,5.09,178.0,8917402.54,Luxury,82.8717
BYD,Atto 3,2026,Long Range,739.0,692.0,5.91,162.0,5630148.65,Premium,131.2576
Ford,Mustang Mach-E,2025,Standard,738.0,635.0,5.31,168.0,5723736.29,Premium,128.9368
Tesla,Model S,2021,Base,738.0,699.0,7.62,127.0,9179643.48,Luxury,80.3953
BMW,i5,2021,Standard,738.0,659.0,5.01,176.0,7864193.66,Premium,93.8431
GM/Chevrolet,Bolt EUV,2024,Standard,737.0,692.0,5.83,167.0,4764950.04,Mid-range,154.6711
Audi,e-tron GT,2026,Premium,736.0,669.0,5.24,174.0,8437416.15,Luxury,87.2305
Volkswagen,ID.5,2024,Performance,734.0,637.0,2.58,200.0,5707115.62,Premium,128.6114
Volkswagen,ID. Buzz,2024,Long Range,734.0,693.0,5.55,173.0,5898020.83,Premium,124.4485
Ford,Explorer EV,2025,Base,734.0,686.0,5.47,162.0,5657366.32,Premium,129.7423
GM/Chevrolet,Bolt EV,2021,Base,732.0,664.0,6.45,159.0,4840125.93,Mid-range,151.2357
Tesla,Model X,2024,Base,732.0,658.0,6.29,158.0,8124981.7,Premium,90.0925
Volkswagen,ID. Aero,2026,Base,732.0,617.0,6.86,148.0,5799278.74,Premium,126.2226
Ford,Mustang Mach-E,2024,Premium,732.0,646.0,6.33,150.0,5181812.1,Mid-range,141.2633
Volkswagen,ID.5,2022,Premium,731.0,665.0,6.63,142.0,5856737.6,Premium,124.8135
NIO,EL8,2024,Base,730.0,687.0,7.79,127.0,6891828.64,Premium,105.9225
Tesla,Model S,2023,Standard,730.0,670.0,7.3,135.0,7942946.68,Premium,91.9054
Tesla,Model 3,2023,Premium,730.0,668.0,7.42,142.0,8202144.88,Premium,89.0011
Ford,Explorer EV,2025,Premium,730.0,659.0,7.26,149.0,5546302.96,Premium,131.6192
BYD,Dolphin,2020,Standard,730.0,699.0,7.41,138.0,5884474.62,Premium,124.0553
Ford,Explorer EV,2023,Performance,729.0,712.0,2.66,200.0,5521994.44,Premium,132.0175
Fisker,Ronin,2025,Standard,727.0,689.0,5.1,173.0,7424334.86,Premium,97.9212
Fisker,Ronin,2026,Base,727.0,707.0,6.38,155.0,7437958.72,Premium,97.7419
Kia,EV6,2024,Standard,727.0,681.0,5.02,168.0,5877281.94,Premium,123.6966
Tesla,Model X,2021,Premium,727.0,655.0,6.04,161.0,8424699.94,Luxury,86.2939
BMW,i7,2024,Long Range,725.0,651.0,4.44,188.0,7825970.7,Premium,92.6403
Kia,EV9,2023,Standard,725.0,679.0,5.51,167.0,5292778.6,Mid-range,136.9791
BYD,Seagull,2023,Standard,724.0,621.0,7.65,142.0,5253169.54,Mid-range,137.8216
Volkswagen,ID. Aero,2026,Standard,724.0,672.0,7.91,140.0,5825716.51,Premium,124.2766
Tesla,Model X,2023,Premium,724.0,607.0,6.43,150.0,8377082.39,Luxury,86.4263
BYD,Yuan Plus,2024,Long Range,724.0,637.0,5.11,176.0,5478465.06,Premium,132.1538
Hyundai,i30,2024,Long Range,723.0,634.0,5.85,160.0,5287255.07,Mid-range,136.7439
Volkswagen,ID.4,2025,Base,723.0,644.0,6.3,160.0,5915840.56,Premium,122.2142
NIO,EC6,2025,Premium,723.0,689.0,5.21,164.0,6964391.82,Premium,103.8138
Kia,EV9,2024,Standard,723.0,642.0,7.01,135.0,5608396.9,Premium,128.9138
Ford,Explorer EV,2023,Standard,722.0,627.0,5.02,173.0,5724227.27,Premium,126.1306
Volkswagen,ID. Aero,2022,Long Range,722.0,624.0,4.82,187.0,6117661.74,Premium,118.0189
GM/Chevrolet,Equinox EV,2025,Performance,722.0,656.0,2.93,200.0,4763785.22,Mid-range,151.5601
Ford,F-150 Lightning,2025,Long Range,721.0,687.0,5.39,168.0,5550654.15,Premium,129.8946
Hyundai,Ioniq 5,2026,Standard,721.0,665.0,6.68,159.0,5028122.0,Mid-range,143.3935
BMW,i5,2020,Base,720.0,650.0,5.06,176.0,7793669.56,Premium,92.3827
Tesla,Cybertruck,2022,Long Range,720.0,650.0,5.51,160.0,9112359.18,Luxury,79.0136
Audi,Q6 e-tron,2025,Long Range,720.0,612.0,5.49,168.0,8120250.58,Premium,88.6672
Tesla,Model X,2025,Base,719.0,582.0,6.63,151.0,8853879.92,Luxury,81.2073
BYD,Atto 3,2024,Premium,719.0,646.0,7.45,130.0,5478472.58,Premium,131.241
Tesla,Cybertruck,2025,Standard,719.0,587.0,7.58,138.0,8183528.56,Premium,87.8594
Ford,F-150 Lightning,2025,Standard,719.0,687.0,7.66,142.0,5757957.93,Premium,124.8707
Tesla,Model S,2023,Long Range,718.0,700.0,4.94,183.0,8233772.18,Premium,87.2018
Toyota,bZ Compact SUV,2024,Base,717.0,661.0,7.03,143.0,5243768.27,Mid-range,136.7337
Tesla,Model X,2022,Standard,717.0,646.0,5.16,173.0,8205200.14,Premium,87.3836
Tesla,Model 3,2024,Premium,716.0,627.0,7.45,138.0,8008721.3,Premium,89.4025
GM/Chevrolet,Equinox EV,2025,Base,716.0,637.0,6.33,154.0,4806507.16,Mid-range,148.9647
Hyundai,Ioniq 5,2026,Standard,716.0,656.0,7.01,147.0,4982136.88,Mid-range,143.7134
Tesla,Model S,2025,Base,716.0,620.0,7.86,125.0,8270308.44,Premium,86.5748
Tesla,Model Y,2023,Base,716.0,658.0,5.57,166.0,7761354.22,Premium,92.2519
Kia,EV9,2024,Premium,716.0,680.0,7.54,133.0,5466926.2,Premium,130.9694
Volkswagen,ID.4,2024,Long Range,714.0,648.0,5.4,166.0,5650577.76,Premium,126.3588
Audi,Q6 e-tron,2025,Standard,714.0,605.0,7.59,132.0,8105983.78,Premium,88.0831
Volkswagen,ID. Aero,2025,Performance,714.0,587.0,3.85,182.0,5699398.54,Premium,125.2764
Tesla,Model S,2025,Base,714.0,652.0,7.16,153.0,8125226.35,Premium,87.8745
BMW,iX,2023,Base,713.0,591.0,5.59,172.0,7537372.15,Premium,94.5953
BYD,Max,2024,Base,713.0,594.0,7.45,138.0,5919360.09,Premium,120.4522
Ford,Explorer EV,2025,Performance,712.0,688.0,3.78,196.0,5301478.46,Mid-range,134.3022
Tesla,Cybertruck,2025,Premium,712.0,623.0,6.78,143.0,8257416.87,Premium,86.2255
BMW,i7,2023,Base,711.0,632.0,5.68,165.0,7485870.19,Premium,94.9789
Volkswagen,ID.3,2021,Long Range,711.0,644.0,4.82,163.0,5899669.12,Premium,120.5152
Mercedes,EQS,2024,Base,711.0,582.0,7.47,135.0,10551024.93,Luxury,67.3868
BYD,Atto 3,2024,Standard,711.0,662.0,6.91,138.0,5379656.17,Mid-range,132.1646
GM/Chevrolet,Bolt EV,2024,Long Range,710.0,584.0,4.84,176.0,4704728.18,Mid-range,150.912
Volkswagen,ID.3,2025,Base,710.0,644.0,7.65,132.0,5562834.3,Premium,127.6328
Toyota,bZ4X,2025,Performance,708.0,618.0,2.75,200.0,5205860.94,Mid-range,136.0006
Tesla,Model S,2020,Performance,708.0,567.0,2.61,200.0,8592192.58,Luxury,82.4004
Tesla,Model Y,2025,Long Range,708.0,592.0,5.23,170.0,8101786.23,Premium,87.3881
Volkswagen,ID.4,2024,Long Range,708.0,650.0,5.02,175.0,5815447.68,Premium,121.7447
Kia,EV9,2023,Base,708.0,642.0,5.04,176.0,5472104.03,Premium,129.3835
Audi,Q6 e-tron,2025,Performance,706.0,646.0,3.73,185.0,8281140.06,Premium,85.254
Hyundai,Ioniq 5,2025,Base,706.0,583.0,6.4,153.0,5104264.82,Mid-range,138.3157
Mercedes,EQG,2022,Standard,706.0,626.0,7.73,137.0,10554694.76,Luxury,66.8897
Hyundai,Ioniq 5,2024,Standard,706.0,655.0,5.77,164.0,5011366.06,Mid-range,140.8798
Ford,E-Transit,2025,Standard,705.0,676.0,6.78,148.0,5310934.84,Mid-range,132.745
Ford,Mustang Mach-E,2022,Base,704.0,642.0,6.94,144.0,5402138.54,Mid-range,130.3188
Volkswagen,ID.4,2023,Premium,704.0,655.0,7.34,136.0,5779475.04,Premium,121.8104
Hyundai,Ioniq 5,2025,Performance,704.0,589.0,2.76,200.0,4835054.14,Mid-range,145.6033
Tesla,Cybertruck,2022,Long Range,703.0,641.0,5.84,167.0,7848954.08,Premium,89.5661
Fisker,Ronin,2024,Base,703.0,630.0,6.4,160.0,7146470.24,Premium,98.3702
GM/Chevrolet,Blazer EV,2025,Base,703.0,604.0,6.68,149.0,4754868.26,Mid-range,147.8485
Volkswagen,ID. Buzz,2026,Base,702.0,698.0,6.15,159.0,5860059.22,Premium,119.794
Kia,EV6,2026,Base,701.0,645.0,7.56,132.0,5502896.32,Premium,127.3875
Polestar,3,2024,Premium,701.0,672.0,7.31,147.0,8201671.44,Premium,85.4704
Tesla,Model X,2025,Performance,701.0,679.0,3.28,200.0,7695367.52,Premium,91.0938
Ford,F-150 Lightning,2021,Base,700.0,632.0,7.67,136.0,5298794.77,Mid-range,132.1055
Audi,e-tron GT,2022,Premium,699.0,652.0,5.67,164.0,8214265.74,Premium,85.0959
Kia,EV9,2021,Long Range,698.0,655.0,5.66,168.0,5063569.42,Mid-range,137.8474
BMW,iX,2025,Standard,698.0,633.0,5.41,166.0,7684671.16,Premium,90.8302
Hyundai,Ioniq 6,2024,Premium,698.0,594.0,5.83,161.0,4900307.72,Mid-range,142.44
Kia,EV9,2023,Long Range,698.0,598.0,4.69,186.0,5247713.65,Mid-range,133.0103
Mercedes,GLE EV,2025,Base,697.0,636.0,6.47,146.0,10622337.27,Luxury,65.6164
Tesla,Model Y,2020,Long Range,697.0,653.0,5.88,160.0,8048628.46,Premium,86.5986
Tesla,Model X,2023,Performance,697.0,578.0,3.2,200.0,7798249.54,Premium,89.379
GM/Chevrolet,Bolt EUV,2024,Standard,696.0,587.0,7.67,135.0,4825809.02,Mid-range,144.2245
Tesla,Model 3,2025,Long Range,695.0,616.0,5.26,168.0,7630902.18,Premium,91.077
Tesla,Model Y,2022,Standard,695.0,611.0,7.47,137.0,7807787.74,Premium,89.0137
Audi,e-tron,2026,Base,693.0,607.0,6.81,145.0,8171563.0,Premium,84.8063
BYD,Max,2020,Base,692.0,628.0,7.68,137.0,5655435.8,Premium,122.3602
Kia,EV9,2025,Premium,692.0,582.0,7.94,129.0,5189666.95,Mid-range,133.3419
BMW,i5,2020,Standard,691.0,651.0,5.94,159.0,7864497.6,Premium,87.8632
BYD,Atto 3,2023,Performance,691.0,603.0,3.15,200.0,5250058.32,Mid-range,131.6176
Xiaomi,SU7,2024,Base,690.0,581.0,5.38,168.0,5646664.12,Premium,122.196
BMW,i4,2025,Long Range,690.0,695.0,5.09,174.0,7373734.7,Premium,93.5754
Tesla,Cybertruck,2021,Base,690.0,602.0,7.18,143.0,8236947.68,Premium,83.7689
Kia,EV9,2021,Long Range,689.0,647.0,5.95,162.0,4708043.96,Mid-range,146.3453
BYD,Seagull,2020,Performance,687.0,636.0,3.84,196.0,5142269.84,Mid-range,133.5986
Lucid,Air,2024,Performance,687.0,578.0,3.51,196.0,13034101.17,Luxury,52.7079
Kia,Sportage EV,2023,Premium,687.0,676.0,6.36,162.0,5003859.41,Mid-range,137.294
Tesla,Model 3,2024,Base,687.0,636.0,7.69,138.0,7351581.32,Premium,93.4493
Mercedes,EQC,2025,Base,687.0,619.0,5.89,164.0,10372885.2,Luxury,66.2304
Kia,Niro EV,2025,Premium,686.0,608.0,7.54,136.0,5404697.82,Mid-range,126.9266
Tesla,Model S,2025,Base,685.0,615.0,7.71,133.0,7829607.96,Premium,87.4884
Tesla,Model X,2021,Premium,685.0,574.0,6.57,150.0,8101817.96,Premium,84.5489
Tesla,Model Y,2025,Standard,685.0,640.0,7.5,130.0,7713689.92,Premium,88.8032
Tesla,Model X,2024,Base,685.0,610.0,6.99,142.0,8278460.54,Premium,82.7449
NIO,ET6,2025,Base,685.0,654.0,5.3,173.0,6269402.11,Premium,109.2608
Tesla,Model Y,2026,Standard,684.0,604.0,5.98,164.0,8069849.98,Premium,84.7599
Volkswagen,ID.4,2025,Premium,684.0,618.0,5.46,172.0,5621488.04,Premium,121.676
Fisker,Ocean,2023,Base,683.0,634.0,6.12,157.0,6806444.88,Premium,100.3461
Audi,Q6 e-tron,2023,Premium,683.0,576.0,6.08,155.0,7852922.0,Premium,86.974
BMW,i3,2025,Base,683.0,632.0,7.38,143.0,7778541.86,Premium,87.8057
Tesla,Model S,2025,Long Range,683.0,643.0,5.62,158.0,7446744.6,Premium,91.7179
Kia,Niro EV,2023,Performance,682.0,638.0,3.84,196.0,4979344.65,Mid-range,136.9658
Volkswagen,ID.5,2023,Performance,682.0,641.0,4.02,191.0,5349945.2,Mid-range,127.4779
Tesla,Model X,2025,Base,681.0,637.0,7.66,138.0,7984762.65,Premium,85.2874
Volkswagen,ID.4,2024,Long Range,681.0,643.0,4.29,180.0,5632919.18,Premium,120.8965
Ford,Mustang Mach-E,2025,Long Range,680.0,604.0,5.35,166.0,5196797.01,Mid-range,130.8498
Mercedes,EQC,2026,Long Range,680.0,583.0,4.92,174.0,10248568.72,Luxury,66.3507
GM/Chevrolet,Bolt EUV,2026,Premium,679.0,612.0,7.67,130.0,4425060.79,Mid-range,153.4442
BYD,Yuan Plus,2023,Premium,677.0,604.0,7.14,143.0,5235088.44,Mid-range,129.3197
Porsche,Taycan,2024,Premium,677.0,554.0,7.83,130.0,11935237.83,Luxury,56.7228
Kia,EV6,2025,Premium,677.0,582.0,5.72,168.0,5176443.06,Mid-range,130.7848
Tesla,Cybertruck,2025,Base,674.0,592.0,7.4,143.0,8191877.72,Premium,82.2766
Hyundai,Ioniq 6,2024,Standard,673.0,592.0,7.06,146.0,5023738.26,Mid-range,133.964
Mercedes,EQC,2022,Long Range,673.0,601.0,5.26,158.0,9799712.8,Luxury,68.6755
Ford,E-Transit,2025,Base,673.0,572.0,5.21,167.0,5148639.22,Mid-range,130.7142
Toyota,bZ Compact SUV,2024,Standard,673.0,581.0,5.32,169.0,5201987.38,Mid-range,129.3736
Hyundai,Ioniq 5,2024,Performance,672.0,573.0,3.45,194.0,5159460.82,Mid-range,130.2462
GM/Chevrolet,Equinox EV,2024,Long Range,672.0,611.0,4.2,189.0,4634422.84,Mid-range,145.0019
Ford,Explorer EV,2025,Standard,671.0,629.0,6.01,165.0,5455004.06,Premium,123.0063
Tesla,Model X,2026,Premium,671.0,574.0,7.27,143.0,7425473.8,Premium,90.3646
GM/Chevrolet,Blazer EV,2022,Standard,670.0,592.0,6.05,158.0,4649718.38,Mid-range,144.0947
Tesla,Model X,2025,Long Range,669.0,631.0,5.42,171.0,8366663.26,Luxury,79.9602
GM/Chevrolet,Blazer EV,2022,Long Range,669.0,612.0,5.96,162.0,4534520.94,Mid-range,147.5349
Rivian,R3,2025,Base,668.0,618.0,7.54,146.0,6602234.78,Premium,101.1779
Toyota,bZ4X,2024,Standard,668.0,665.0,7.4,130.0,5142167.14,Mid-range,129.9063
GM/Chevrolet,Bolt EV,2024,Long Range,668.0,609.0,5.75,153.0,4610569.4,Mid-range,144.8845
Tesla,Model Y,2024,Premium,668.0,649.0,6.04,156.0,7665744.22,Premium,87.1409
Mercedes,EQG,2025,Premium,668.0,576.0,7.18,141.0,10718263.74,Luxury,62.3235
BYD,Leaf 50X,2025,Base,667.0,633.0,7.64,137.0,4926960.92,Mid-range,135.3776
Ford,Mustang Mach-E,2023,Base,667.0,623.0,6.28,148.0,5000431.74,Mid-range,133.3885
Tesla,Model X,2024,Performance,666.0,591.0,3.68,200.0,7558398.29,Premium,88.1139
Volkswagen,ID.4,2025,Performance,666.0,595.0,2.76,200.0,5532640.7,Premium,120.3765
GM/Chevrolet,Bolt EUV,2024,Long Range,666.0,603.0,5.9,165.0,4524222.05,Mid-range,147.2076
Volkswagen,ID. Buzz,2025,Base,665.0,569.0,5.42,166.0,5479635.73,Premium,121.3584
Hyundai,Ioniq 5,2023,Standard,665.0,612.0,5.55,176.0,4620515.92,Mid-range,143.9233
Ford,Mustang Mach-E,2023,Long Range,665.0,610.0,4.6,180.0,5329611.28,Mid-range,124.7746
Ford,E-Transit,2020,Standard,665.0,623.0,6.68,161.0,5189967.55,Mid-range,128.1318
Volkswagen,ID. Buzz,2025,Long Range,665.0,550.0,5.49,163.0,5514770.02,Premium,120.5853
BYD,Max,2022,Standard,665.0,586.0,7.03,141.0,4938067.26,Mid-range,134.6681
Mercedes,EQS,2023,Long Range,664.0,636.0,5.51,174.0,10282088.13,Luxury,64.5783
GM/Chevrolet,Bolt EV,2025,Performance,663.0,599.0,3.29,192.0,4476783.2,Mid-range,148.0974
Kia,EV9,2026,Base,663.0,579.0,7.47,142.0,5252817.16,Mid-range,126.218
Hyundai,i30,2025,Standard,663.0,681.0,7.67,133.0,5014257.66,Mid-range,132.223
Volkswagen,ID.4,2024,Long Range,662.0,636.0,4.74,184.0,5820714.86,Premium,113.7317
BMW,iX,2021,Long Range,662.0,609.0,5.02,176.0,7239628.69,Premium,91.4412
Tesla,Model 3,2025,Base,662.0,638.0,5.04,178.0,7397771.85,Premium,89.4864
Mercedes,EQG,2024,Long Range,660.0,563.0,5.52,177.0,9483265.34,Luxury,69.5963
BYD,Seagull,2025,Long Range,660.0,579.0,4.23,189.0,4821102.12,Mid-range,136.8982
Audi,e-tron,2023,Base,659.0,562.0,5.08,161.0,7808150.13,Premium,84.399
Toyota,bZ4X,2024,Base,659.0,620.0,7.53,138.0,5036461.15,Mid-range,130.8458
Tesla,Cybertruck,2025,Base,658.0,607.0,6.85,146.0,8083656.71,Premium,81.3988
BMW,iX,2024,Performance,658.0,592.0,4.25,192.0,7024516.82,Premium,93.6719
NIO,ET6,2024,Standard,657.0,597.0,6.02,157.0,6517931.51,Premium,100.7988
BYD,Atto 3,2022,Long Range,657.0,521.0,4.97,182.0,4933539.88,Mid-range,133.1701
Volkswagen,ID. Aero,2024,Standard,656.0,529.0,7.72,140.0,5397984.42,Mid-range,121.5268
Tesla,Model 3,2024,Premium,654.0,617.0,7.14,146.0,7707115.13,Premium,84.8567
BYD,Leaf 50X,2026,Premium,653.0,581.0,7.08,136.0,5037679.42,Mid-range,129.6232
Tesla,Model 3,2024,Performance,653.0,618.0,4.28,180.0,7752717.82,Premium,84.2285
Volkswagen,ID.4,2025,Base,653.0,616.0,7.77,137.0,5432668.65,Premium,120.1988
GM/Chevrolet,Bolt EV,2024,Base,652.0,577.0,6.49,149.0,4701498.4,Mid-range,138.6792
BMW,i4,2025,Base,651.0,567.0,5.99,168.0,7158408.24,Premium,90.942
Hyundai,Ioniq,2025,Performance,651.0,571.0,3.07,200.0,4730145.58,Mid-range,137.6279
Ford,Mustang Mach-E,2026,Long Range,651.0,587.0,5.13,168.0,5170730.82,Mid-range,125.901
BYD,Atto 3,2025,Base,651.0,520.0,6.74,145.0,5147499.45,Mid-range,126.4692
Polestar,2,2025,Performance,651.0,663.0,3.06,200.0,7835133.99,Premium,83.0873
Tesla,Model S,2023,Premium,650.0,559.0,7.25,144.0,7555847.36,Premium,86.0261
Mercedes,EQC,2024,Standard,650.0,556.0,7.69,128.0,9492922.12,Luxury,68.4721
BMW,i7,2025,Standard,650.0,634.0,7.87,135.0,7156457.68,Premium,90.8271
BMW,i4,2022,Base,650.0,644.0,6.69,150.0,7325219.53,Premium,88.7345
BMW,i5,2024,Standard,650.0,613.0,5.77,161.0,7640478.79,Premium,85.0732
BYD,Qin,2025,Long Range,649.0,584.0,4.53,175.0,5152003.44,Mid-range,125.9704
Tesla,Cybertruck,2025,Base,649.0,602.0,5.08,176.0,7273938.84,Premium,89.2226
Rivian,R3,2025,Standard,649.0,596.0,5.1,173.0,6656841.28,Premium,97.4937
BYD,Dolphin,2025,Base,648.0,600.0,7.45,142.0,5186004.64,Mid-range,124.9517
Hyundai,Ioniq,2025,Standard,648.0,577.0,5.71,166.0,4948650.04,Mid-range,130.9448
Toyota,bZ Compact SUV,2022,Base,648.0,553.0,5.9,162.0,4946602.62,Mid-range,130.999
Ford,Explorer EV,2026,Base,647.0,644.0,5.96,163.0,5113858.14,Mid-range,126.519
GM/Chevrolet,Blazer EV,2025,Standard,646.0,596.0,6.64,150.0,4658623.65,Mid-range,138.6676
BMW,i7,2020,Premium,645.0,559.0,6.09,144.0,7039760.58,Premium,91.6224
Audi,Q4 e-tron,2026,Long Range,644.0,602.0,4.41,188.0,7858223.41,Premium,81.9524
Tesla,Model Y,2025,Premium,644.0,594.0,6.55,153.0,6997256.58,Premium,92.0361
Ford,Mustang Mach-E,2023,Standard,643.0,633.0,6.46,145.0,5114172.93,Mid-range,125.729
BMW,i3,2023,Base,643.0,655.0,5.03,179.0,7438752.81,Premium,86.4392
Tesla,Model X,2025,Long Range,643.0,559.0,5.11,177.0,7701332.76,Premium,83.492
Porsche,Taycan,2024,Premium,640.0,521.0,6.87,148.0,11976242.18,Luxury,53.4391
Audi,Q6 e-tron,2025,Base,640.0,596.0,7.09,152.0,7604355.02,Premium,84.1623
Volkswagen,ID.3,2024,Long Range,640.0,593.0,4.37,186.0,5227629.39,Mid-range,122.4264
BMW,i4,2024,Standard,640.0,578.0,5.1,172.0,7237386.72,Premium,88.4297
Tesla,Model S,2024,Long Range,639.0,640.0,4.86,172.0,7608296.22,Premium,83.9873
BMW,i3,2023,Premium,639.0,621.0,7.04,146.0,7237698.17,Premium,88.2877
Mercedes,GLE EV,2025,Premium,639.0,545.0,6.19,161.0,9317792.56,Luxury,68.5785
BMW,i7,2025,Premium,638.0,538.0,7.91,129.0,7400285.2,Premium,86.2129
Volkswagen,ID.5,2022,Premium,637.0,524.0,7.01,137.0,5186050.57,Mid-range,122.8295
Kia,Picanto EV,2025,Base,636.0,517.0,7.19,153.0,4910063.86,Mid-range,129.5299
Audi,e-tron,2025,Standard,636.0,591.0,7.17,149.0,7601735.62,Premium,83.6651
GM/Chevrolet,Bolt EUV,2026,Long Range,636.0,600.0,4.0,183.0,4578809.34,Mid-range,138.9007
Mercedes,EQS,2023,Premium,636.0,581.0,6.74,144.0,9326399.74,Luxury,68.1935
Volkswagen,ID. Buzz,2024,Base,635.0,584.0,7.4,137.0,5491559.53,Premium,115.632
Mercedes,EQE,2022,Long Range,634.0,605.0,4.73,187.0,9933679.37,Luxury,63.8233
BMW,i5,2025,Performance,634.0,606.0,3.65,188.0,6999860.11,Premium,90.5732
BMW,i5,2024,Base,634.0,525.0,6.42,154.0,7141320.8,Premium,88.7791
Mercedes,GLE EV,2024,Base,633.0,567.0,5.62,166.0,9750790.15,Luxury,64.9178
Volkswagen,ID. Buzz,2024,Performance,633.0,585.0,3.7,200.0,5087518.9,Mid-range,124.4221
BYD,Atto 3,2023,Base,632.0,516.0,6.1,153.0,4468834.83,Mid-range,141.4239
Kia,Picanto EV,2024,Long Range,632.0,525.0,5.74,162.0,4830516.75,Mid-range,130.8349
BYD,Leaf 50X,2024,Base,632.0,585.0,6.52,156.0,4708473.99,Mid-range,134.2261
Tesla,Model 3,2025,Base,631.0,512.0,6.81,157.0,7539925.58,Premium,83.6878
GM/Chevrolet,Silverado EV,2025,Premium,631.0,564.0,6.37,155.0,4701668.74,Mid-range,134.2077
Tesla,Model S,2025,Performance,630.0,538.0,3.02,200.0,7902533.52,Premium,79.7213
BMW,iX,2026,Long Range,629.0,581.0,4.19,182.0,6828088.08,Premium,92.1195
Audi,e-tron,2024,Long Range,629.0,553.0,4.62,178.0,7747059.86,Premium,81.1921
BYD,Dolphin,2025,Base,629.0,556.0,5.96,160.0,4485596.62,Mid-range,140.2266
Volkswagen,ID. Aero,2021,Standard,628.0,523.0,7.28,137.0,5042769.58,Mid-range,124.5347
Ford,F-150 Lightning,2024,Standard,628.0,589.0,6.46,154.0,4993097.93,Mid-range,125.7736
Hyundai,Kona Electric,2025,Standard,628.0,566.0,6.74,147.0,4468525.88,Mid-range,140.5385
BMW,i4,2025,Standard,627.0,638.0,6.92,143.0,7061483.94,Premium,88.7915
Porsche,Taycan,2023,Base,626.0,548.0,7.46,148.0,12129442.13,Luxury,51.61
GM/Chevrolet,Silverado EV,2021,Premium,624.0,587.0,6.26,163.0,4458556.82,Mid-range,139.9556
Rivian,R1T,2025,Standard,624.0,547.0,5.92,171.0,6570888.04,Premium,94.9643
GM/Chevrolet,Bolt EUV,2024,Standard,623.0,533.0,7.4,145.0,4426118.74,Mid-range,140.7554
GM/Chevrolet,Bolt EV,2024,Premium,623.0,597.0,5.26,171.0,4361433.79,Mid-range,142.8429
BYD,Atto 3,2024,Long Range,623.0,633.0,4.71,182.0,4454484.52,Mid-range,139.8591
Mercedes,EQG,2026,Premium,622.0,619.0,6.09,161.0,9620166.93,Luxury,64.6558
Ford,F-150 Lightning,2024,Standard,622.0,610.0,7.97,131.0,5080934.08,Mid-range,122.4184
Rivian,R3,2025,Base,622.0,542.0,5.92,161.0,6520364.7,Premium,95.3934
Tesla,Cybertruck,2026,Standard,622.0,531.0,6.99,148.0,6746541.98,Premium,92.1954
Polestar,4,2023,Performance,621.0,569.0,3.86,185.0,7590470.64,Premium,81.8131
Hyundai,Ioniq 6,2026,Premium,621.0,572.0,5.85,161.0,4712155.5,Mid-range,131.7868
Volkswagen,ID.3,2025,Standard,621.0,524.0,6.29,159.0,5247174.24,Mid-range,118.3494
GM/Chevrolet,Equinox EV,2023,Long Range,620.0,579.0,4.7,184.0,4431239.79,Mid-range,139.9157
BYD,Seagull,2022,Long Range,620.0,527.0,4.3,186.0,4445311.21,Mid-range,139.4728
Volkswagen,ID.5,2025,Standard,619.0,583.0,5.77,165.0,5081693.1,Mid-range,121.8098
BYD,Dolphin,2024,Standard,619.0,552.0,5.77,164.0,4791895.5,Mid-range,129.1764
Rivian,R2,2025,Base,619.0,525.0,5.83,158.0,6633876.27,Premium,93.3089
Ford,F-150 Lightning,2025,Base,619.0,529.0,7.43,139.0,4804259.34,Mid-range,128.844
Volkswagen,ID. Aero,2026,Standard,618.0,540.0,5.9,167.0,4995377.48,Mid-range,123.7144
Volvo,XC40 Recharge,2025,Long Range,617.0,519.0,4.64,183.0,6635327.5,Premium,92.9871
Tesla,Model 3,2025,Long Range,617.0,558.0,5.61,161.0,7097039.92,Premium,86.9377
BMW,i5,2025,Base,617.0,535.0,7.87,141.0,7069716.21,Premium,87.2737
Ford,Mustang Mach-E,2025,Performance,616.0,518.0,3.14,200.0,5055651.12,Mid-range,121.8439
Ford,Mustang Mach-E,2023,Premium,616.0,524.0,6.01,154.0,5135307.62,Mid-range,119.9539
Tesla,Model 3,2025,Base,616.0,518.0,7.27,141.0,7599756.68,Premium,81.0552
Tesla,Cybertruck,2022,Long Range,616.0,532.0,4.93,175.0,7408181.79,Premium,83.1513
Volkswagen,ID.4,2024,Performance,616.0,531.0,3.41,193.0,5096531.88,Mid-range,120.8665
Rivian,R2,2024,Standard,615.0,599.0,6.35,154.0,6545204.28,Premium,93.9619
Tesla,Model Y,2024,Long Range,614.0,573.0,5.5,167.0,7131684.9,Premium,86.0947
Kia,EV6,2025,Base,613.0,568.0,6.5,148.0,5053767.36,Mid-range,121.2957
GM/Chevrolet,Bolt EV,2024,Performance,612.0,507.0,2.85,200.0,4540393.5,Mid-range,134.7901
BMW,iX,2023,Premium,612.0,541.0,5.89,166.0,7187841.15,Premium,85.1438
BMW,i3,2024,Standard,612.0,505.0,5.09,169.0,7047894.32,Premium,86.8344
Volkswagen,ID. Aero,2025,Long Range,611.0,538.0,4.49,174.0,5153784.5,Mid-range,118.5537
BMW,i4,2025,Base,611.0,549.0,5.17,176.0,7058234.12,Premium,86.5656
BMW,i4,2024,Long Range,611.0,530.0,5.78,166.0,6992097.95,Premium,87.3844
Porsche,Macan Electric,2023,Long Range,611.0,473.0,4.35,179.0,11656156.62,Luxury,52.4187
Volkswagen,ID. Aero,2022,Long Range,611.0,632.0,5.38,171.0,5052495.66,Mid-range,120.9303
Kia,Niro EV,2024,Base,609.0,531.0,5.88,163.0,4705797.81,Mid-range,129.4148
Audi,Q6 e-tron,2022,Base,609.0,589.0,7.62,136.0,7339219.98,Premium,82.9788
BYD,Yuan Plus,2026,Premium,609.0,553.0,5.12,171.0,4904881.01,Mid-range,124.162
Mercedes,EQE,2021,Standard,608.0,588.0,5.16,169.0,9658079.27,Luxury,62.9525
Ford,Explorer EV,2025,Standard,608.0,572.0,7.12,140.0,4806837.82,Mid-range,126.4865
Mercedes,EQS,2024,Performance,607.0,502.0,3.81,187.0,9523111.54,Luxury,63.7397
BYD,Seagull,2025,Standard,606.0,573.0,7.79,125.0,4496114.28,Mid-range,134.7831
Ford,Explorer EV,2024,Performance,606.0,524.0,3.91,189.0,5128339.54,Mid-range,118.1669
Hyundai,Ioniq 5,2022,Premium,606.0,541.0,5.04,169.0,4633203.74,Mid-range,130.795
NIO,EC6,2025,Standard,606.0,548.0,6.59,143.0,6102177.5,Premium,99.3088
Hyundai,Kona Electric,2024,Standard,606.0,581.0,7.18,147.0,4476976.92,Mid-range,135.3592
Kia,Picanto EV,2024,Base,606.0,551.0,6.49,150.0,4813268.99,Mid-range,125.902
Fisker,Ronin,2024,Performance,605.0,533.0,3.66,198.0,6478535.38,Premium,93.3853
Tesla,Model Y,2025,Standard,605.0,592.0,6.03,164.0,7170827.2,Premium,84.3696
Hyundai,Ioniq,2021,Performance,603.0,568.0,3.67,196.0,4533155.72,Mid-range,133.0199
Tesla,Model X,2023,Performance,602.0,569.0,3.35,200.0,7051402.99,Premium,85.3731
Toyota,bZ4X,2022,Standard,602.0,520.0,6.0,163.0,4657275.12,Mid-range,129.2601
BYD,Atto 3,2024,Base,602.0,568.0,7.82,139.0,4205134.32,Mid-range,143.1583
BMW,i7,2024,Base,601.0,552.0,7.35,136.0,7046220.98,Premium,85.2939
Mercedes,EQG,2025,Long Range,601.0,537.0,5.58,166.0,9320980.58,Luxury,64.4782
Tesla,Model S,2023,Premium,599.0,590.0,7.3,143.0,7065946.18,Premium,84.7728
Kia,Niro EV,2024,Long Range,599.0,511.0,5.86,163.0,4680969.08,Mid-range,127.965
Tesla,Model Y,2026,Standard,599.0,573.0,7.6,130.0,6520369.71,Premium,91.866
Mercedes,EQE,2023,Standard,598.0,509.0,7.88,128.0,9366824.59,Luxury,63.8423
Toyota,bZ Compact SUV,2022,Performance,598.0,543.0,3.6,191.0,4738790.33,Mid-range,126.1925
GM/Chevrolet,Silverado EV,2025,Standard,597.0,521.0,7.48,140.0,4273294.53,Mid-range,139.7049
Tesla,Model S,2026,Base,597.0,558.0,7.87,138.0,7417512.08,Premium,80.4852
BYD,Leaf 50X,2025,Long Range,596.0,507.0,5.99,158.0,4298597.54,Mid-range,138.6499
Tesla,Model S,2026,Standard,595.0,529.0,6.12,153.0,6819718.88,Premium,87.247
BYD,Atto 3,2024,Performance,595.0,572.0,2.51,200.0,4492395.19,Mid-range,132.4461
BYD,Atto 3,2025,Long Range,593.0,555.0,4.35,185.0,4337496.84,Mid-range,136.7148
Tesla,Model 3,2022,Long Range,593.0,574.0,5.82,165.0,7064927.48,Premium,83.9358
BYD,Dolphin,2024,Standard,593.0,509.0,6.52,153.0,4278406.4,Mid-range,138.603
Kia,Niro EV,2025,Performance,592.0,524.0,4.41,184.0,4676443.38,Mid-range,126.5919
Mercedes,EQE,2025,Standard,592.0,542.0,7.97,132.0,8604226.6,Luxury,68.8034
Ford,Explorer EV,2025,Premium,592.0,477.0,5.94,161.0,4967859.22,Mid-range,119.166
Tesla,Model S,2024,Long Range,592.0,509.0,4.03,185.0,6279310.22,Premium,94.2779
Tesla,Model 3,2025,Long Range,592.0,522.0,4.72,182.0,7029912.6,Premium,84.2116
Volvo,XC90 Recharge,2024,Standard,591.0,512.0,6.98,135.0,6295115.1,Premium,93.8823
Kia,Sportage EV,2024,Standard,590.0,549.0,5.24,170.0,4725531.36,Mid-range,124.8537
Kia,EV6,2022,Base,588.0,557.0,5.99,156.0,4981000.45,Mid-range,118.0486
GM/Chevrolet,Bolt EV,2024,Premium,588.0,516.0,6.84,148.0,4145868.52,Mid-range,141.8279
Tesla,Cybertruck,2024,Long Range,588.0,584.0,5.93,160.0,6791160.21,Premium,86.5831
Hyundai,Ioniq 6,2022,Performance,588.0,539.0,3.2,200.0,4740161.4,Mid-range,124.0464
Tesla,Cybertruck,2025,Premium,587.0,518.0,6.51,155.0,6845143.8,Premium,85.7542
Ford,F-150 Lightning,2025,Long Range,587.0,498.0,5.45,173.0,4449019.44,Mid-range,131.9392
Mercedes,EQE,2025,Premium,587.0,561.0,6.48,148.0,9406357.67,Luxury,62.4046
Tesla,Model X,2025,Base,586.0,509.0,6.44,160.0,5951429.1,Premium,98.4637
BYD,Leaf 50X,2024,Performance,586.0,567.0,4.39,188.0,4692881.2,Mid-range,124.87
Tesla,Model Y,2022,Long Range,586.0,542.0,5.72,163.0,6661326.9,Premium,87.9705
Volkswagen,ID.3,2026,Base,586.0,478.0,5.23,168.0,4737352.46,Mid-range,123.6978
Ford,Explorer EV,2025,Base,586.0,492.0,6.03,164.0,4617910.72,Mid-range,126.8972
Volkswagen,ID.3,2026,Long Range,586.0,546.0,4.75,170.0,4778856.97,Mid-range,122.6235
Hyundai,Kona Electric,2025,Premium,584.0,538.0,7.37,142.0,4261577.81,Mid-range,137.0384
Volvo,XC90 Recharge,2022,Performance,584.0,519.0,3.78,191.0,6214749.69,Premium,93.97
BYD,Dolphin,2023,Standard,584.0,556.0,6.75,140.0,4185615.36,Mid-range,139.5255
Volkswagen,ID.3,2025,Performance,583.0,522.0,3.71,193.0,4869171.4,Mid-range,119.7329
Tesla,Model X,2022,Performance,581.0,500.0,3.07,200.0,6461208.29,Premium,89.9213
Tesla,Model 3,2025,Base,580.0,502.0,6.92,149.0,6728950.2,Premium,86.1947
Volkswagen,ID. Buzz,2025,Standard,580.0,569.0,7.86,145.0,5029139.04,Mid-range,115.3279
Volkswagen,ID. Aero,2023,Premium,580.0,557.0,5.68,175.0,5038191.27,Mid-range,115.1207
Hyundai,Ioniq,2024,Performance,578.0,543.0,4.02,188.0,4182310.42,Mid-range,138.2011
Tesla,Cybertruck,2025,Base,578.0,464.0,5.25,171.0,7348646.29,Premium,78.6539
Mercedes,EQS,2026,Premium,577.0,547.0,6.68,144.0,9080860.47,Luxury,63.5402
Volkswagen,ID. Aero,2024,Long Range,577.0,501.0,4.16,183.0,4969419.0,Mid-range,116.1102
Hyundai,Ioniq 6,2024,Base,577.0,530.0,7.58,132.0,4528618.32,Mid-range,127.4119
Volkswagen,ID.5,2023,Performance,574.0,499.0,4.17,191.0,5203080.39,Mid-range,110.3193
Ford,Explorer EV,2025,Premium,574.0,508.0,6.93,156.0,4730659.93,Mid-range,121.3361
Mercedes,EQE,2025,Performance,574.0,523.0,3.25,197.0,8655228.4,Luxury,66.3183
Hyundai,i30,2025,Base,573.0,520.0,6.46,153.0,4271838.29,Mid-range,134.1343
Kia,Niro EV,2023,Base,573.0,518.0,6.62,154.0,4477869.53,Mid-range,127.9626
BYD,Dolphin,2025,Base,572.0,578.0,5.11,178.0,4354031.51,Mid-range,131.3725
BYD,Qin,2022,Base,572.0,450.0,5.05,182.0,4270230.92,Mid-range,133.9506
Tesla,Model X,2025,Base,571.0,531.0,6.47,152.0,6413319.37,Premium,89.0335
Tesla,Cybertruck,2022,Base,570.0,470.0,6.44,147.0,6931467.76,Premium,82.2337
Ford,Explorer EV,2026,Base,570.0,527.0,5.68,167.0,4661673.07,Mid-range,122.2737
BMW,iX,2021,Standard,569.0,534.0,7.05,150.0,6874494.04,Premium,82.7697
Audi,Q4 e-tron,2025,Base,568.0,538.0,6.57,149.0,7024338.14,Premium,80.8617
GM/Chevrolet,Silverado EV,2025,Performance,568.0,519.0,3.44,199.0,4179275.2,Mid-range,135.9087
Kia,Niro EV,2025,Premium,568.0,443.0,7.64,133.0,4397502.45,Mid-range,129.1642
BYD,Qin,2024,Performance,567.0,531.0,4.31,190.0,4557253.82,Mid-range,124.417
GM/Chevrolet,Bolt EV,2024,Standard,566.0,525.0,7.81,140.0,3921542.43,Mid-range,144.331
Hyundai,Kona Electric,2024,Base,566.0,488.0,6.02,161.0,4360646.38,Mid-range,129.7973
BYD,Leaf 50X,2024,Standard,566.0,572.0,5.3,171.0,4601792.72,Mid-range,122.9955
GM/Chevrolet,Bolt EUV,2025,Long Range,565.0,508.0,5.09,177.0,4339078.34,Mid-range,130.212
Kia,EV9,2025,Long Range,564.0,536.0,5.58,167.0,4740526.3,Mid-range,118.9741
Volkswagen,ID. Buzz,2025,Performance,563.0,492.0,4.21,188.0,4843652.97,Mid-range,116.2346
Tesla,Model X,2024,Premium,563.0,540.0,5.58,169.0,6749427.74,Premium,83.4145
Hyundai,i30,2024,Base,563.0,541.0,7.64,135.0,4495370.3,Mid-range,125.24
Tesla,Model Y,2026,Long Range,562.0,518.0,4.82,180.0,6991324.74,Premium,80.3853
Tesla,Model X,2025,Standard,561.0,470.0,5.59,175.0,6399064.25,Premium,87.6691
Toyota,bZ4X,2024,Long Range,560.0,505.0,4.88,179.0,4649798.54,Mid-range,120.4353
Audi,e-tron GT,2023,Premium,560.0,546.0,5.05,173.0,7371445.13,Premium,75.9688
Ford,E-Transit,2025,Long Range,560.0,508.0,4.45,181.0,4559283.7,Mid-range,122.8263
Tesla,Model S,2023,Long Range,559.0,488.0,4.31,182.0,6919871.28,Premium,80.7818
Polestar,2,2025,Base,558.0,508.0,6.18,155.0,7658264.29,Premium,72.8625
Mercedes,EQS,2024,Base,558.0,450.0,6.45,153.0,9341646.0,Luxury,59.7325
BYD,Dolphin,2025,Base,558.0,507.0,6.37,148.0,4351498.12,Mid-range,128.2317
Hyundai,Ioniq 6,2023,Standard,558.0,506.0,5.32,179.0,4454089.57,Mid-range,125.2781
Hyundai,Kona Electric,2024,Performance,556.0,549.0,3.86,193.0,4195191.14,Mid-range,132.5327
GM/Chevrolet,Bolt EV,2022,Long Range,556.0,481.0,4.7,179.0,4128563.14,Mid-range,134.6716
Tesla,Model S,2023,Premium,556.0,538.0,7.64,137.0,6396737.94,Premium,86.9193
Ford,Mustang Mach-E,2026,Premium,555.0,485.0,7.7,135.0,4742142.02,Mid-range,117.0357
Ford,Explorer EV,2024,Base,555.0,526.0,7.47,152.0,4487118.82,Mid-range,123.6874
Tesla,Model Y,2022,Premium,555.0,457.0,7.98,118.0,6205804.34,Premium,89.4324
BYD,Dolphin,2025,Performance,555.0,489.0,4.27,186.0,4452883.82,Mid-range,124.6383
Tesla,Model X,2022,Premium,554.0,483.0,7.96,130.0,6525782.18,Premium,84.894
Mercedes,GLE EV,2026,Performance,554.0,463.0,3.3,192.0,8730231.44,Luxury,63.4577
Ford,Explorer EV,2023,Base,553.0,507.0,6.86,143.0,4348711.73,Mid-range,127.1641
BYD,Dolphin,2025,Performance,553.0,436.0,4.02,189.0,4454398.51,Mid-range,124.147
Tesla,Model S,2023,Performance,553.0,487.0,4.31,180.0,6889677.68,Premium,80.265
Tesla,Model X,2025,Standard,552.0,541.0,5.35,170.0,6838933.06,Premium,80.7143
Tesla,Model S,2025,Premium,552.0,524.0,7.31,143.0,7026467.38,Premium,78.5601
Tesla,Model 3,2022,Premium,552.0,490.0,6.62,159.0,6234747.1,Premium,88.5361
Tesla,Model X,2022,Long Range,551.0,472.0,4.09,184.0,7121856.95,Premium,77.3675
Tesla,Model X,2024,Standard,551.0,541.0,5.73,164.0,6622867.63,Premium,83.1966
BMW,i3,2023,Premium,551.0,468.0,5.22,180.0,6803723.62,Premium,80.9851
GM/Chevrolet,Bolt EUV,2025,Premium,551.0,486.0,5.42,159.0,4007904.81,Mid-range,137.4783
Kia,Picanto EV,2026,Long Range,550.0,484.0,5.36,168.0,4473079.14,Mid-range,122.9578
BMW,i5,2025,Premium,550.0,514.0,6.21,161.0,6654638.54,Premium,82.6491
BMW,i4,2024,Performance,550.0,495.0,4.06,195.0,6916131.32,Premium,79.5242
BYD,Qin,2025,Standard,547.0,460.0,5.93,161.0,4362986.06,Mid-range,125.3729
BYD,Dolphin,2024,Long Range,546.0,469.0,4.53,175.0,4303425.5,Mid-range,126.8757
Tesla,Model X,2024,Base,546.0,448.0,6.81,152.0,6542381.98,Premium,83.4558
Toyota,bZ Compact SUV,2024,Standard,545.0,473.0,6.48,151.0,4435937.5,Mid-range,122.8602
Hyundai,Ioniq 5,2020,Standard,545.0,452.0,5.57,171.0,4227659.28,Mid-range,128.9129
Tesla,Model 3,2022,Premium,544.0,487.0,6.2,162.0,6516188.86,Premium,83.4844
BYD,Seagull,2024,Premium,544.0,486.0,5.31,167.0,4277426.94,Mid-range,127.1793
Ford,F-150 Lightning,2025,Premium,543.0,481.0,8.0,137.0,4446078.58,Mid-range,122.1301
Audi,e-tron GT,2024,Base,543.0,447.0,5.68,169.0,7201309.7,Premium,75.403
Tesla,Model X,2025,Standard,542.0,467.0,6.77,146.0,7185169.99,Premium,75.4331
BYD,Qin,2024,Standard,542.0,509.0,6.11,167.0,3895818.58,Mid-range,139.1235
Tesla,Model S,2024,Performance,542.0,558.0,4.29,186.0,6504471.31,Premium,83.3273
Ford,Mustang Mach-E,2026,Long Range,541.0,487.0,5.19,173.0,4441661.42,Mid-range,121.8013
Kia,Niro EV,2025,Base,541.0,502.0,6.27,160.0,4597211.07,Mid-range,117.68
Tesla,Model 3,2025,Standard,541.0,464.0,5.85,147.0,6048436.06,Premium,89.4446
Volkswagen,ID. Buzz,2025,Performance,541.0,402.0,4.1,183.0,4798092.86,Mid-range,112.7531
Ford,Mustang Mach-E,2025,Standard,541.0,501.0,6.05,157.0,4679514.51,Mid-range,115.6103
BYD,Seagull,2025,Long Range,540.0,454.0,5.58,156.0,4090709.26,Mid-range,132.0064
Mercedes,GLE EV,2022,Long Range,539.0,494.0,5.74,157.0,8351431.19,Luxury,64.5398
GM/Chevrolet,Equinox EV,2025,Long Range,538.0,549.0,4.58,180.0,4157503.41,Mid-range,129.4046
Volkswagen,ID.3,2023,Premium,536.0,511.0,5.78,156.0,4827752.9,Mid-range,111.0247
BMW,iX,2025,Base,535.0,453.0,6.59,150.0,6354258.15,Premium,84.1955
BYD,Atto 3,2024,Long Range,535.0,460.0,4.47,182.0,3993254.74,Mid-range,133.9759
Mercedes,EQS,2025,Standard,535.0,532.0,6.79,150.0,8295583.88,Premium,64.4921
Mercedes,EQS,2024,Premium,534.0,467.0,6.47,153.0,8318727.58,Premium,64.1925
Volkswagen,ID.3,2025,Standard,534.0,464.0,6.33,143.0,4503499.02,Mid-range,118.5745
BYD,Seagull,2023,Base,534.0,449.0,7.42,142.0,4372154.35,Mid-range,122.1366
BYD,Seagull,2024,Long Range,534.0,505.0,4.91,177.0,4289446.77,Mid-range,124.4916
Tesla,Model X,2024,Performance,533.0,444.0,4.29,182.0,6658577.24,Premium,80.0471
Kia,EV9,2023,Standard,533.0,490.0,6.21,166.0,4641928.66,Mid-range,114.823
Kia,Niro EV,2024,Performance,533.0,497.0,3.39,194.0,4316747.93,Mid-range,123.4726
Kia,Picanto EV,2024,Premium,531.0,469.0,5.39,159.0,4684055.24,Mid-range,113.3633
Audi,e-tron,2025,Base,531.0,499.0,6.41,165.0,7045789.28,Premium,75.3642
Kia,EV9,2023,Base,531.0,442.0,6.72,152.0,4351022.18,Mid-range,122.0403
Volkswagen,ID.3,2022,Base,530.0,526.0,5.95,160.0,4476824.11,Mid-range,118.3875
Hyundai,Ioniq 5,2023,Long Range,530.0,474.0,5.85,174.0,4304683.85,Mid-range,123.1217
BYD,Atto 3,2022,Base,529.0,492.0,5.54,160.0,4110395.22,Mid-range,128.6981
Kia,Picanto EV,2026,Standard,528.0,451.0,5.52,158.0,4558398.6,Mid-range,115.8302
Tesla,Model S,2025,Standard,528.0,494.0,6.39,154.0,6280244.58,Premium,84.0732
BMW,i4,2023,Long Range,528.0,453.0,5.84,159.0,6419036.62,Premium,82.2553
Tesla,Model X,2025,Base,528.0,501.0,5.58,156.0,6096805.1,Premium,86.6027
Ford,F-150 Lightning,2025,Performance,526.0,443.0,2.55,200.0,4658449.97,Mid-range,112.9131
NIO,EL8,2024,Premium,526.0,465.0,7.2,143.0,5704904.54,Premium,92.2014
BYD,Atto 3,2025,Base,525.0,432.0,5.93,158.0,3306923.14,Mid-range,158.7578
Kia,Niro EV,2021,Performance,525.0,467.0,3.85,197.0,4323960.66,Mid-range,121.4165
BMW,i7,2021,Base,524.0,510.0,6.06,160.0,6382018.56,Premium,82.1057
Ford,F-150 Lightning,2024,Long Range,523.0,469.0,4.35,183.0,4592280.4,Mid-range,113.8868
NIO,ET6,2025,Standard,523.0,459.0,5.79,156.0,5857707.86,Premium,89.2841
Fisker,Ocean,2025,Long Range,523.0,477.0,4.14,186.0,5566147.58,Premium,93.9609
BYD,Qin,2023,Base,523.0,464.0,6.62,156.0,4285379.49,Mid-range,122.0429
BMW,i5,2024,Performance,523.0,468.0,3.49,192.0,6404148.56,Premium,81.6658
GM/Chevrolet,Blazer EV,2026,Standard,522.0,467.0,5.82,170.0,3987070.72,Mid-range,130.9232
Tesla,Model 3,2026,Base,522.0,481.0,6.51,147.0,6747504.74,Premium,77.3619
Tesla,Model 3,2025,Standard,522.0,442.0,7.73,130.0,6472028.22,Premium,80.6548
BYD,Qin,2025,Premium,522.0,494.0,6.76,156.0,3970247.98,Mid-range,131.4779
Hyundai,Ioniq,2024,Base,521.0,483.0,7.53,138.0,4198093.6,Mid-range,124.104
BYD,Seagull,2021,Base,521.0,468.0,5.94,169.0,4490868.81,Mid-range,116.0132
GM/Chevrolet,Bolt EV,2021,Performance,521.0,455.0,2.76,200.0,3962480.81,Mid-range,131.4833
NIO,EL8,2023,Standard,521.0,458.0,5.86,162.0,5480770.5,Premium,95.0596
Tesla,Cybertruck,2024,Performance,520.0,388.0,4.15,179.0,5710976.65,Premium,91.0527
BYD,Qin,2021,Standard,520.0,490.0,7.74,133.0,3969735.29,Mid-range,130.9911
Volkswagen,ID.5,2025,Standard,518.0,517.0,6.0,163.0,5028248.92,Mid-range,103.018
BYD,Qin,2023,Performance,518.0,459.0,4.26,193.0,4547199.58,Mid-range,113.9163
BYD,Seagull,2025,Long Range,518.0,453.0,4.72,177.0,4448593.6,Mid-range,116.4413
Ford,Explorer EV,2024,Base,517.0,412.0,7.58,137.0,4522487.76,Mid-range,114.3176
Hyundai,Ioniq 5,2025,Long Range,517.0,482.0,4.13,183.0,4251461.78,Mid-range,121.6052
Kia,EV9,2026,Standard,517.0,461.0,6.34,158.0,4369126.65,Mid-range,118.3303
BYD,Dolphin,2022,Long Range,517.0,391.0,4.97,173.0,3646580.27,Mid-range,141.7767
Mercedes,EQC,2026,Performance,517.0,476.0,3.61,196.0,9022407.96,Luxury,57.3018
GM/Chevrolet,Blazer EV,2024,Premium,515.0,479.0,6.64,148.0,3817873.0,Mid-range,134.8919
BYD,Seagull,2024,Standard,515.0,469.0,7.36,136.0,4491687.94,Mid-range,114.6562
NIO,EL6,2022,Standard,514.0,452.0,7.3,147.0,5799277.07,Premium,88.6317
Ford,F-150 Lightning,2026,Base,514.0,472.0,7.42,137.0,4364271.12,Mid-range,117.7745
BYD,Dolphin,2026,Long Range,512.0,489.0,4.89,181.0,4125851.9,Mid-range,124.0956
BYD,Atto 3,2023,Long Range,512.0,464.0,4.75,184.0,4087697.41,Mid-range,125.2539
Ford,E-Transit,2023,Standard,511.0,461.0,7.05,148.0,4441394.22,Mid-range,115.054
Toyota,bZ Compact SUV,2023,Premium,511.0,481.0,6.21,169.0,4355442.66,Mid-range,117.3245
Tesla,Model 3,2025,Base,510.0,448.0,6.65,149.0,5848232.28,Premium,87.2058
Audi,e-tron GT,2021,Base,510.0,457.0,5.32,157.0,6706049.5,Premium,76.0507
BYD,Qin,2023,Long Range,510.0,435.0,4.29,184.0,4371705.12,Mid-range,116.6593
Kia,Picanto EV,2020,Performance,509.0,422.0,3.23,200.0,4273709.53,Mid-range,119.1003
Fisker,Ronin,2024,Premium,509.0,469.0,5.69,169.0,5632628.6,Premium,90.3663
Hyundai,Kona Electric,2023,Long Range,509.0,436.0,4.75,175.0,4122977.0,Mid-range,123.4545
Volkswagen,ID. Buzz,2025,Long Range,508.0,499.0,5.3,171.0,4390427.5,Mid-range,115.7063
Audi,Q4 e-tron,2022,Base,508.0,487.0,7.48,135.0,7071589.95,Premium,71.8367
Tesla,Model Y,2025,Long Range,508.0,430.0,4.5,183.0,5716549.44,Premium,88.8648
Tesla,Cybertruck,2023,Base,507.0,445.0,5.5,165.0,5889418.66,Premium,86.0866
Mercedes,GLE EV,2022,Premium,505.0,508.0,5.52,166.0,7828245.24,Premium,64.51
Toyota,bZ4X,2023,Base,505.0,443.0,7.84,133.0,4473852.34,Mid-range,112.8781
Tesla,Model 3,2024,Long Range,505.0,433.0,4.74,177.0,6152134.71,Premium,82.0853
Audi,Q4 e-tron,2025,Base,505.0,432.0,7.13,148.0,6654035.68,Premium,75.8938
BYD,Yuan Plus,2023,Long Range,505.0,466.0,4.32,179.0,3681056.58,Mid-range,137.1889
Ford,Mustang Mach-E,2022,Standard,505.0,476.0,5.42,162.0,4718898.96,Mid-range,107.0165
Volkswagen,ID.3,2024,Performance,504.0,466.0,2.73,200.0,4474840.99,Mid-range,112.6297
Hyundai,i30,2022,Base,503.0,465.0,7.28,139.0,4380161.17,Mid-range,114.836
Kia,Sportage EV,2023,Base,503.0,431.0,5.67,168.0,3956634.98,Mid-range,127.1282
Tesla,Model 3,2025,Base,502.0,416.0,6.0,158.0,5813792.71,Premium,86.3464
Ford,Mustang Mach-E,2024,Base,502.0,432.0,5.13,181.0,4352058.41,Mid-range,115.3477
Tesla,Model 3,2025,Standard,502.0,509.0,6.73,144.0,5954957.81,Premium,84.2995
Kia,Niro EV,2025,Performance,501.0,445.0,3.28,200.0,4348888.75,Mid-range,115.2018
GM/Chevrolet,Silverado EV,2025,Premium,501.0,394.0,7.47,135.0,3913425.4,Mid-range,128.0208
Tesla,Model X,2023,Standard,501.0,445.0,7.79,128.0,5659029.64,Premium,88.5311
Ford,E-Transit,2023,Base,500.0,462.0,6.52,156.0,4263249.48,Mid-range,117.2814
Volkswagen,ID.3,2025,Performance,500.0,497.0,3.21,200.0,4369243.54,Mid-range,114.4363
Tesla,Cybertruck,2026,Performance,498.0,438.0,3.65,189.0,5861746.76,Premium,84.9576
GM/Chevrolet,Bolt EV,2022,Base,498.0,426.0,7.29,145.0,3711872.26,Mid-range,134.1641
Hyundai,Ioniq 5,2025,Long Range,496.0,428.0,4.53,187.0,4141222.58,Mid-range,119.7714
Ford,E-Transit,2026,Performance,496.0,444.0,3.27,197.0,4397613.5,Mid-range,112.7884
Audi,Q4 e-tron,2025,Base,495.0,468.0,5.44,166.0,6842106.06,Premium,72.3461
Tesla,Cybertruck,2024,Long Range,495.0,479.0,4.79,179.0,5960263.4,Premium,83.05
Hyundai,Ioniq,2023,Long Range,494.0,456.0,4.64,175.0,4046396.64,Mid-range,122.0839
Volvo,C40 Recharge,2026,Long Range,493.0,456.0,5.73,165.0,5697611.64,Premium,86.5275
BYD,Yuan Plus,2023,Premium,493.0,472.0,6.41,156.0,3755248.0,Mid-range,131.2829
GM/Chevrolet,Blazer EV,2025,Long Range,493.0,430.0,5.22,168.0,3740655.54,Mid-range,131.7951
Tesla,Model X,2021,Base,493.0,397.0,7.17,136.0,5578975.68,Premium,88.3675
Volkswagen,ID.5,2024,Long Range,493.0,434.0,5.15,161.0,4270371.2,Mid-range,115.4466
GM/Chevrolet,Silverado EV,2020,Long Range,493.0,447.0,4.96,174.0,3784869.63,Mid-range,130.2555
Tesla,Model 3,2023,Standard,492.0,417.0,7.89,121.0,5695132.53,Premium,86.3896
BYD,Leaf 50X,2021,Base,492.0,419.0,7.34,146.0,3733152.24,Mid-range,131.7921
Kia,Picanto EV,2024,Long Range,491.0,455.0,5.25,165.0,4202393.01,Mid-range,116.8382
NIO,EC6,2022,Standard,491.0,423.0,5.34,169.0,5351207.72,Mid-range,91.755
Tesla,Model Y,2022,Base,490.0,455.0,5.78,154.0,6307597.52,Premium,77.6841
Volkswagen,ID.3,2024,Premium,490.0,386.0,6.85,153.0,4137500.99,Mid-range,118.429
BMW,i3,2024,Performance,489.0,443.0,3.4,200.0,6120674.42,Premium,79.8932
Kia,EV6,2022,Performance,489.0,421.0,3.29,200.0,4010378.08,Mid-range,121.9336
BMW,i5,2024,Standard,489.0,453.0,6.38,155.0,6569490.26,Premium,74.435
Lucid,Air,2026,Base,488.0,458.0,7.96,127.0,11512986.68,Luxury,42.3869
Tesla,Model 3,2024,Long Range,487.0,482.0,5.48,169.0,6242998.58,Premium,78.0074
Mercedes,EQG,2025,Long Range,486.0,470.0,4.86,167.0,7898810.26,Premium,61.5283
Tesla,Model S,2024,Premium,486.0,420.0,5.19,166.0,5570094.62,Premium,87.2517
Volkswagen,ID. Aero,2024,Long Range,485.0,454.0,4.84,186.0,4537026.78,Mid-range,106.8982
BYD,Qin,2022,Base,484.0,431.0,6.3,162.0,3905005.26,Mid-range,123.9435
Kia,EV9,2025,Long Range,484.0,432.0,4.48,185.0,4092517.86,Mid-range,118.2646
Audi,Q6 e-tron,2025,Base,484.0,414.0,5.13,178.0,6756401.66,Premium,71.6358
BYD,Leaf 50X,2024,Base,484.0,435.0,5.42,176.0,3836045.11,Mid-range,126.1716
Fisker,Ocean,2026,Standard,483.0,473.0,5.74,160.0,5663388.34,Premium,85.2846
BMW,i7,2021,Long Range,482.0,442.0,4.66,181.0,6294279.26,Premium,76.5775
BMW,i3,2025,Standard,482.0,447.0,5.37,172.0,6320869.0,Premium,76.2553
Xiaomi,SU7,2025,Base,481.0,404.0,7.22,137.0,4662329.38,Mid-range,103.1673
Tesla,Model S,2025,Standard,480.0,402.0,6.73,146.0,5635399.14,Premium,85.1759
GM/Chevrolet,Blazer EV,2024,Long Range,478.0,443.0,4.0,195.0,3904499.24,Mid-range,122.4229
Hyundai,Ioniq,2025,Base,478.0,396.0,5.25,174.0,3765857.51,Mid-range,126.9299
Mercedes,EQG,2024,Long Range,477.0,445.0,4.61,177.0,7998885.0,Premium,59.6333
GM/Chevrolet,Blazer EV,2025,Standard,476.0,426.0,5.21,174.0,3922035.92,Mid-range,121.3655
GM/Chevrolet,Blazer EV,2023,Standard,476.0,404.0,7.67,130.0,3802133.26,Mid-range,125.1929
NIO,ET6,2025,Performance,476.0,420.0,2.63,200.0,5062164.96,Mid-range,94.0309
Tesla,Model S,2023,Premium,475.0,444.0,6.85,147.0,5369667.06,Mid-range,88.4599
Ford,F-150 Lightning,2026,Standard,475.0,390.0,5.73,160.0,4318012.12,Mid-range,110.0043
Hyundai,Kona Electric,2026,Standard,475.0,411.0,6.59,154.0,3815293.69,Mid-range,124.4989
BYD,Yuan Plus,2025,Long Range,474.0,373.0,5.38,167.0,4058100.84,Mid-range,116.8034
Mercedes,EQG,2025,Long Range,474.0,389.0,4.32,178.0,8521244.3,Luxury,55.6257
Audi,e-tron,2025,Base,474.0,339.0,5.49,162.0,6612847.63,Premium,71.6787
Kia,EV6,2026,Performance,473.0,442.0,3.16,198.0,3909745.55,Mid-range,120.9797
Fisker,Ronin,2025,Premium,473.0,448.0,7.99,127.0,5597764.85,Premium,84.498
Tesla,Cybertruck,2025,Base,473.0,453.0,6.25,155.0,5798806.96,Premium,81.5685
Hyundai,Ioniq 6,2025,Standard,473.0,446.0,7.3,133.0,3869430.08,Mid-range,122.2402
Kia,EV9,2024,Performance,472.0,488.0,3.13,195.0,4179700.22,Mid-range,112.9268
BYD,Dolphin,2025,Standard,472.0,438.0,5.42,162.0,3763221.42,Mid-range,125.4245
Fisker,Ronin,2024,Base,472.0,380.0,6.84,143.0,5473958.56,Premium,86.2264
Tesla,Model Y,2025,Long Range,471.0,372.0,5.4,171.0,5355283.35,Mid-range,87.9505
Fisker,Ronin,2025,Base,471.0,426.0,7.34,137.0,5092372.75,Mid-range,92.4913
Tesla,Model S,2025,Standard,471.0,404.0,6.16,156.0,5615933.62,Premium,83.8685
Volkswagen,ID.5,2024,Long Range,470.0,420.0,4.43,177.0,4380123.6,Mid-range,107.3029
Tesla,Model 3,2023,Premium,470.0,501.0,5.86,166.0,5662212.65,Premium,83.0064
NIO,EL6,2025,Standard,469.0,405.0,5.82,156.0,5453222.18,Premium,86.0042
Tesla,Model S,2025,Base,469.0,481.0,7.33,137.0,5520498.96,Premium,84.9561
BYD,Qin,2026,Base,469.0,441.0,7.08,140.0,3770714.71,Mid-range,124.3796
BMW,i4,2026,Standard,467.0,428.0,6.52,146.0,6094592.36,Premium,76.6253
BYD,Dolphin,2021,Performance,466.0,418.0,3.07,200.0,3672820.14,Mid-range,126.878
Hyundai,Kona Electric,2024,Performance,465.0,435.0,3.13,198.0,3646215.38,Mid-range,127.5295
GM/Chevrolet,Bolt EV,2024,Performance,465.0,370.0,3.14,192.0,3654996.24,Mid-range,127.2231
Volkswagen,ID.3,2023,Premium,464.0,379.0,7.09,141.0,4430889.09,Mid-range,104.7194
BMW,i5,2024,Standard,464.0,410.0,6.79,142.0,5877519.91,Premium,78.9449
Hyundai,Ioniq 6,2025,Performance,463.0,391.0,3.55,200.0,3959154.17,Mid-range,116.9442
GM/Chevrolet,Silverado EV,2024,Standard,460.0,408.0,5.39,171.0,3552540.06,Mid-range,129.4848
Volkswagen,ID.3,2021,Long Range,460.0,436.0,5.8,171.0,4422742.83,Mid-range,104.0079
Ford,E-Transit,2024,Standard,460.0,436.0,7.97,132.0,4035433.09,Mid-range,113.9902
BYD,Atto 3,2025,Premium,460.0,455.0,7.84,134.0,3803739.8,Mid-range,120.9336
Polestar,2,2020,Base,459.0,443.0,6.86,156.0,6885015.88,Premium,66.6665
BYD,Leaf 50X,2025,Premium,459.0,427.0,7.2,138.0,3497121.95,Mid-range,131.2508
Audi,e-tron,2025,Premium,459.0,414.0,6.02,161.0,6708645.51,Premium,68.4192
Volkswagen,ID. Buzz,2025,Standard,459.0,410.0,5.73,170.0,4613163.74,Mid-range,99.4979
Hyundai,Kona Electric,2025,Base,458.0,417.0,6.39,153.0,3845691.03,Mid-range,119.0943
Tesla,Model 3,2025,Performance,458.0,401.0,4.19,183.0,4880820.49,Mid-range,93.8367
Mercedes,EQE,2026,Premium,457.0,407.0,7.41,136.0,7789446.13,Premium,58.6691
Audi,e-tron,2023,Long Range,456.0,415.0,4.67,170.0,6858355.16,Premium,66.4882
Polestar,4,2025,Standard,456.0,427.0,5.25,170.0,6736719.04,Premium,67.6887
BMW,i3,2024,Premium,455.0,425.0,5.58,165.0,6627521.92,Premium,68.6531
Tesla,Cybertruck,2025,Base,455.0,329.0,7.35,145.0,5415980.34,Mid-range,84.0106
Tesla,Model S,2021,Performance,454.0,476.0,3.9,197.0,6416782.95,Premium,70.752
GM/Chevrolet,Bolt EUV,2024,Premium,453.0,469.0,7.81,120.0,3646301.38,Mid-range,124.2355
GM/Chevrolet,Bolt EV,2024,Long Range,452.0,383.0,4.7,178.0,3452998.88,Mid-range,130.9007
Tesla,Model S,2025,Performance,452.0,389.0,4.22,192.0,5727575.62,Premium,78.9165
Volkswagen,ID. Aero,2024,Base,452.0,424.0,7.73,135.0,4379651.82,Mid-range,103.2046
GM/Chevrolet,Bolt EUV,2021,Base,451.0,389.0,6.97,141.0,3349989.94,Mid-range,134.6273
Audi,e-tron,2025,Base,451.0,409.0,6.43,150.0,5965773.56,Premium,75.5979
BYD,Qin,2025,Base,450.0,423.0,5.63,165.0,3663023.92,Mid-range,122.8493
Audi,Q6 e-tron,2020,Long Range,449.0,388.0,5.43,165.0,6401599.31,Premium,70.1387
GM/Chevrolet,Bolt EUV,2021,Standard,449.0,443.0,5.23,169.0,3689303.88,Mid-range,121.7032
BYD,Seagull,2020,Long Range,449.0,397.0,5.39,166.0,4068114.16,Mid-range,110.3706
Tesla,Model S,2023,Performance,448.0,345.0,3.66,200.0,5427905.81,Premium,82.5364
GM/Chevrolet,Blazer EV,2024,Performance,448.0,355.0,4.37,186.0,3450929.75,Mid-range,129.8201
Hyundai,Kona Electric,2025,Long Range,448.0,378.0,4.32,192.0,3628884.12,Mid-range,123.4539
Rivian,R1T,2021,Standard,448.0,384.0,7.15,141.0,6263328.32,Premium,71.5275
Mercedes,EQC,2025,Premium,447.0,344.0,6.24,157.0,7607534.7,Premium,58.7575
Tesla,Model Y,2025,Long Range,446.0,472.0,5.81,162.0,5929272.38,Premium,75.22
Tesla,Model Y,2023,Long Range,446.0,387.0,4.17,188.0,5318339.62,Mid-range,83.8608
Hyundai,Ioniq 6,2022,Premium,446.0,421.0,5.73,159.0,3806598.84,Mid-range,117.165
Mercedes,EQS,2025,Performance,446.0,356.0,3.79,192.0,7877575.37,Premium,56.6164
Hyundai,Ioniq 5,2025,Base,445.0,414.0,6.54,148.0,3873159.19,Mid-range,114.8933
Tesla,Model X,2022,Performance,445.0,394.0,3.71,189.0,5534210.5,Premium,80.4089
Ford,E-Transit,2025,Base,445.0,381.0,6.31,153.0,3961465.45,Mid-range,112.3322
Volkswagen,ID. Buzz,2026,Premium,445.0,413.0,7.42,140.0,4179653.46,Mid-range,106.4682
Hyundai,Kona Electric,2025,Long Range,444.0,434.0,5.07,179.0,3604544.7,Mid-range,123.1778
BYD,Max,2026,Standard,444.0,446.0,5.53,167.0,3544223.46,Mid-range,125.2743
Tesla,Model S,2025,Long Range,444.0,423.0,4.45,179.0,5652153.41,Premium,78.5541
BYD,Yuan Plus,2024,Standard,444.0,426.0,6.4,155.0,3584018.73,Mid-range,123.8833
BMW,i4,2024,Long Range,444.0,391.0,5.43,172.0,5829620.14,Premium,76.1628
Volkswagen,ID.4,2020,Premium,443.0,450.0,5.45,175.0,4058814.76,Mid-range,109.1452
Tesla,Model S,2024,Performance,443.0,372.0,4.04,184.0,5253869.26,Mid-range,84.3188
Kia,EV6,2025,Long Range,443.0,412.0,4.41,182.0,3883835.5,Mid-range,114.0625
Volkswagen,ID.3,2025,Base,443.0,400.0,6.01,161.0,3996469.49,Mid-range,110.8478
Polestar,3,2024,Standard,442.0,411.0,6.46,159.0,6423720.13,Premium,68.8075
Polestar,3,2023,Long Range,442.0,379.0,5.68,160.0,6444712.86,Premium,68.5834
Audi,Q6 e-tron,2026,Performance,441.0,398.0,2.94,200.0,6596555.11,Premium,66.8531
Tesla,Model X,2023,Premium,440.0,387.0,7.15,143.0,4506793.1,Mid-range,97.6304
Hyundai,Ioniq,2024,Standard,440.0,435.0,7.07,146.0,3728691.66,Mid-range,118.0039
Volkswagen,ID.4,2023,Long Range,439.0,385.0,4.66,191.0,4136415.49,Mid-range,106.1305
Kia,Picanto EV,2025,Base,439.0,379.0,6.09,154.0,4086070.83,Mid-range,107.4382
GM/Chevrolet,Equinox EV,2026,Performance,438.0,442.0,2.86,200.0,3552036.56,Mid-range,123.3095
BMW,i5,2024,Base,438.0,406.0,7.83,134.0,6170705.94,Premium,70.9805
Volkswagen,ID.4,2026,Base,438.0,401.0,7.32,141.0,4139571.78,Mid-range,105.808
GM/Chevrolet,Bolt EUV,2025,Performance,436.0,366.0,4.45,182.0,3739492.39,Mid-range,116.5934
BMW,i5,2025,Premium,436.0,426.0,7.21,143.0,5956536.8,Premium,73.1969
Volkswagen,ID.3,2024,Performance,436.0,358.0,2.79,200.0,4183140.42,Mid-range,104.2279
Audi,Q4 e-tron,2023,Base,435.0,384.0,5.28,174.0,6370400.37,Premium,68.2846
BYD,Atto 3,2024,Long Range,435.0,398.0,5.33,168.0,3499053.3,Mid-range,124.3193
BMW,iX,2024,Long Range,435.0,336.0,4.66,181.0,6166878.3,Premium,70.5381
Xiaomi,SU7,2025,Premium,434.0,369.0,5.94,162.0,4635385.6,Mid-range,93.6276
Hyundai,Ioniq 5,2025,Base,432.0,362.0,6.29,154.0,3556438.68,Mid-range,121.4698
Ford,E-Transit,2022,Long Range,432.0,411.0,5.1,179.0,3733720.04,Mid-range,115.7023
Hyundai,Ioniq 6,2026,Premium,431.0,387.0,7.22,141.0,3668173.37,Mid-range,117.4972
Tesla,Model S,2025,Standard,431.0,362.0,7.32,147.0,4912411.04,Mid-range,87.737
Audi,Q6 e-tron,2024,Standard,431.0,377.0,7.68,142.0,6171550.96,Premium,69.8366
Tesla,Model Y,2021,Base,431.0,386.0,5.9,157.0,4994637.67,Mid-range,86.2925
Tesla,Cybertruck,2025,Standard,429.0,358.0,6.71,151.0,5094625.58,Mid-range,84.2064
Tesla,Cybertruck,2021,Base,429.0,370.0,7.79,130.0,5395232.26,Mid-range,79.5146
Hyundai,Ioniq 5,2026,Performance,429.0,426.0,3.97,189.0,3877393.48,Mid-range,110.6413
Volkswagen,ID.4,2025,Long Range,429.0,423.0,5.75,166.0,3965075.16,Mid-range,108.1947
Tesla,Cybertruck,2024,Long Range,428.0,397.0,5.26,163.0,4808503.65,Mid-range,89.009
Audi,e-tron,2025,Standard,428.0,409.0,7.48,131.0,6496964.66,Premium,65.8769
Mercedes,EQE,2023,Performance,427.0,373.0,4.23,192.0,7655996.43,Premium,55.7733
GM/Chevrolet,Bolt EV,2024,Standard,425.0,341.0,6.06,154.0,3144555.72,Mid-range,135.1542
Volkswagen,ID. Buzz,2025,Standard,425.0,364.0,6.74,152.0,4025439.81,Mid-range,105.5785
Hyundai,Ioniq 6,2024,Premium,424.0,385.0,5.18,171.0,3803117.72,Mid-range,111.4875
Tesla,Model X,2025,Premium,423.0,399.0,7.92,143.0,5032966.68,Mid-range,84.0459
GM/Chevrolet,Silverado EV,2023,Performance,422.0,385.0,2.96,200.0,3586168.86,Mid-range,117.6743
BYD,Leaf 50X,2024,Long Range,422.0,409.0,4.95,176.0,3510436.86,Mid-range,120.213
Mercedes,EQC,2024,Performance,422.0,414.0,2.67,200.0,7322141.72,Premium,57.6334
Mercedes,GLE EV,2022,Base,421.0,339.0,5.86,162.0,7896668.48,Premium,53.3136
Tesla,Model Y,2025,Performance,420.0,356.0,3.58,195.0,5287484.7,Mid-range,79.4329
Kia,Niro EV,2020,Base,419.0,386.0,5.92,156.0,3885504.66,Mid-range,107.8367
BMW,i7,2022,Standard,419.0,314.0,7.58,140.0,5839357.9,Premium,71.7545
Toyota,bZ Compact SUV,2020,Base,419.0,383.0,7.8,133.0,3972077.46,Mid-range,105.4864
Volkswagen,ID. Buzz,2026,Base,418.0,376.0,7.47,137.0,3894012.48,Mid-range,107.3443
BMW,iX,2025,Standard,418.0,412.0,6.96,144.0,5533765.44,Premium,75.5363
BYD,Yuan Plus,2021,Performance,418.0,410.0,3.74,192.0,3042640.64,Mid-range,137.3807
Toyota,bZ4X,2025,Standard,417.0,358.0,5.33,165.0,3888487.28,Mid-range,107.2396
Tesla,Model S,2025,Performance,416.0,357.0,3.07,200.0,5159606.12,Mid-range,80.6263
Hyundai,Ioniq 6,2025,Performance,416.0,397.0,3.82,192.0,3827472.16,Mid-range,108.6879
Hyundai,Ioniq,2022,Standard,416.0,406.0,5.35,173.0,3276639.36,Mid-range,126.9593
Audi,Q4 e-tron,2026,Long Range,416.0,348.0,5.29,176.0,5964851.72,Premium,69.7419
BYD,Dolphin,2025,Base,415.0,379.0,5.69,161.0,3580161.03,Mid-range,115.9166
Ford,Explorer EV,2025,Standard,415.0,361.0,5.12,166.0,3947495.06,Mid-range,105.13
BYD,Leaf 50X,2021,Premium,415.0,337.0,7.28,139.0,2742359.6,Budget,151.3295
Kia,Picanto EV,2020,Base,414.0,337.0,6.52,155.0,3724879.06,Mid-range,111.1445
GM/Chevrolet,Bolt EV,2025,Long Range,410.0,390.0,5.89,166.0,3146563.06,Mid-range,130.3009
BMW,i3,2023,Standard,410.0,318.0,5.05,176.0,5653377.52,Premium,72.523
Audi,e-tron,2025,Standard,409.0,398.0,7.8,139.0,6093182.88,Premium,67.1242
GM/Chevrolet,Bolt EV,2024,Standard,407.0,344.0,7.08,148.0,3384617.39,Mid-range,120.2499
Ford,E-Transit,2025,Standard,406.0,375.0,5.0,181.0,4172508.36,Mid-range,97.3036
BYD,Max,2024,Base,406.0,327.0,5.31,169.0,3045025.4,Mid-range,133.3322
Volkswagen,ID. Buzz,2022,Performance,404.0,347.0,4.37,198.0,3854381.71,Mid-range,104.8158
Tesla,Cybertruck,2023,Base,404.0,327.0,7.6,136.0,5194793.01,Mid-range,77.7702
Volkswagen,ID. Buzz,2023,Performance,403.0,349.0,4.32,182.0,4183129.56,Mid-range,96.3394
Tesla,Model S,2024,Performance,402.0,369.0,2.86,200.0,5365821.89,Mid-range,74.9186
Mercedes,EQC,2026,Premium,402.0,345.0,7.04,131.0,7495519.45,Premium,53.632
Hyundai,Ioniq 6,2024,Performance,402.0,391.0,4.01,188.0,3681363.86,Mid-range,109.1987
BYD,Yuan Plus,2024,Base,402.0,324.0,7.19,138.0,3372567.5,Mid-range,119.197
Tesla,Model 3,2020,Long Range,401.0,349.0,4.55,178.0,5488880.85,Premium,73.0568
BYD,Qin,2023,Base,401.0,356.0,5.79,164.0,3353375.03,Mid-range,119.581
Ford,E-Transit,2023,Base,401.0,336.0,5.56,165.0,3524395.56,Mid-range,113.7784
BYD,Max,2024,Standard,400.0,312.0,5.19,170.0,3317263.78,Mid-range,120.5813
Audi,e-tron GT,2025,Base,400.0,342.0,7.04,145.0,5821303.54,Premium,68.7131
Kia,Picanto EV,2023,Base,399.0,351.0,7.02,155.0,3521346.14,Mid-range,113.3089
Toyota,bZ4X,2025,Standard,399.0,387.0,6.03,159.0,4078701.12,Mid-range,97.8253
Ford,Explorer EV,2023,Standard,399.0,416.0,7.72,140.0,3542876.61,Mid-range,112.6203
Tesla,Cybertruck,2025,Base,398.0,339.0,5.76,168.0,4654597.28,Mid-range,85.5069
Hyundai,Kona Electric,2023,Long Range,398.0,317.0,4.65,183.0,3398693.82,Mid-range,117.1038
BMW,i5,2025,Base,397.0,320.0,5.51,171.0,5699727.54,Premium,69.6525
Tesla,Model Y,2023,Standard,397.0,369.0,6.41,146.0,4461602.06,Mid-range,88.9815
Volkswagen,ID. Aero,2023,Standard,397.0,310.0,5.83,162.0,4283450.64,Mid-range,92.6823
Tesla,Model Y,2026,Premium,396.0,378.0,7.61,138.0,4622863.94,Mid-range,85.6612
BMW,iX,2025,Standard,396.0,355.0,5.38,171.0,5946611.98,Premium,66.5925
Audi,e-tron GT,2025,Base,396.0,388.0,5.56,167.0,5647504.96,Premium,70.1195
Tesla,Model S,2026,Base,396.0,316.0,7.68,133.0,4912044.48,Mid-range,80.6182
Hyundai,Ioniq,2024,Performance,395.0,380.0,2.56,200.0,3740529.46,Mid-range,105.6
BYD,Atto 3,2022,Performance,395.0,370.0,3.34,199.0,3196086.08,Mid-range,123.5887
Volkswagen,ID. Buzz,2024,Standard,394.0,352.0,6.36,148.0,3855473.89,Mid-range,102.1924
BYD,Seagull,2025,Standard,393.0,350.0,5.49,171.0,3097787.38,Mid-range,126.8647
Tesla,Cybertruck,2024,Base,393.0,348.0,5.24,159.0,5007317.15,Mid-range,78.4851
Tesla,Cybertruck,2022,Performance,393.0,380.0,3.15,199.0,4804396.28,Mid-range,81.8001
Hyundai,Ioniq 5,2023,Long Range,392.0,339.0,5.47,167.0,3485131.35,Mid-range,112.4778
Kia,EV6,2024,Standard,391.0,344.0,7.88,122.0,3750865.09,Mid-range,104.2426
Tesla,Cybertruck,2023,Performance,391.0,330.0,3.88,192.0,4676273.88,Mid-range,83.6136
Volkswagen,ID.3,2025,Long Range,391.0,288.0,5.0,181.0,3897939.49,Mid-range,100.3094
Hyundai,i30,2025,Standard,390.0,369.0,6.15,157.0,3494808.16,Mid-range,111.5941
Toyota,bZ4X,2022,Premium,390.0,345.0,6.6,151.0,3913042.13,Mid-range,99.6667
Tesla,Model Y,2021,Premium,390.0,337.0,5.77,155.0,5040508.4,Mid-range,77.3731
Tesla,Model Y,2026,Standard,390.0,389.0,5.59,162.0,4461848.38,Mid-range,87.4077
Fisker,Ocean,2022,Long Range,389.0,407.0,5.72,163.0,4966987.48,Mid-range,78.3171
Hyundai,Ioniq 6,2025,Premium,389.0,344.0,5.06,172.0,3745937.76,Mid-range,103.8458
Porsche,Taycan,2025,Premium,387.0,369.0,7.4,145.0,9293880.66,Luxury,41.6403
Ford,Explorer EV,2025,Base,387.0,360.0,6.36,153.0,3803988.62,Mid-range,101.7353
Tesla,Model S,2023,Base,387.0,382.0,7.9,136.0,4738645.88,Mid-range,81.6689
BMW,i5,2022,Performance,386.0,326.0,3.99,187.0,6193908.09,Premium,62.3193
Ford,Mustang Mach-E,2024,Base,385.0,389.0,7.85,123.0,3859367.5,Mid-range,99.7573
Volkswagen,ID.3,2025,Performance,384.0,393.0,2.63,200.0,3906263.6,Mid-range,98.3037
Tesla,Model 3,2025,Premium,384.0,366.0,5.81,158.0,5055438.2,Mid-range,75.9578
BMW,i3,2024,Premium,383.0,299.0,5.86,169.0,5798407.84,Premium,66.0526
BYD,Dolphin,2024,Long Range,383.0,328.0,4.79,169.0,3174211.58,Mid-range,120.6599
Kia,Niro EV,2024,Standard,383.0,312.0,6.46,164.0,3533599.76,Mid-range,108.3881
Ford,E-Transit,2025,Standard,382.0,355.0,6.72,157.0,3733961.35,Mid-range,102.3042
Kia,Picanto EV,2022,Base,381.0,354.0,7.32,141.0,3652767.62,Mid-range,104.3045
Tesla,Model Y,2025,Premium,381.0,308.0,6.66,139.0,4679517.02,Mid-range,81.4187
Toyota,bZ Compact SUV,2022,Premium,381.0,360.0,5.77,159.0,4026153.74,Mid-range,94.6313
Hyundai,i30,2024,Premium,381.0,313.0,6.33,159.0,3397245.93,Mid-range,112.1497
Mercedes,GLE EV,2026,Long Range,381.0,309.0,4.23,185.0,7474636.94,Premium,50.9724
Tesla,Model Y,2023,Base,380.0,293.0,6.71,151.0,4617489.88,Mid-range,82.2958
BYD,Yuan Plus,2026,Standard,380.0,335.0,5.44,174.0,2972944.02,Mid-range,127.8194
BYD,Atto 3,2025,Premium,380.0,328.0,6.36,149.0,2911918.04,Budget,130.4982
Tesla,Model S,2022,Premium,380.0,319.0,6.91,153.0,4933960.72,Mid-range,77.0172
Mercedes,GLE EV,2025,Premium,380.0,329.0,6.1,167.0,7716037.94,Premium,49.2481
BYD,Qin,2020,Long Range,380.0,353.0,4.59,189.0,3068796.18,Mid-range,123.8271
Tesla,Model S,2025,Base,379.0,325.0,6.79,145.0,4510518.86,Mid-range,84.0258
Ford,E-Transit,2025,Premium,379.0,335.0,5.26,173.0,3802555.76,Mid-range,99.6698
Kia,Picanto EV,2024,Performance,378.0,354.0,3.85,195.0,3572051.51,Mid-range,105.8215
BYD,Dolphin,2021,Standard,378.0,358.0,5.93,166.0,3062079.44,Mid-range,123.4455
Volkswagen,ID.4,2026,Standard,378.0,326.0,7.64,135.0,3715861.89,Mid-range,101.7261
Tesla,Cybertruck,2026,Base,378.0,320.0,6.63,151.0,4620029.95,Mid-range,81.8177
GM/Chevrolet,Silverado EV,2023,Premium,378.0,346.0,7.56,135.0,3482885.2,Mid-range,108.5307
Tesla,Cybertruck,2024,Premium,378.0,292.0,5.85,165.0,4153152.22,Mid-range,91.0152
BYD,Yuan Plus,2023,Base,377.0,393.0,6.02,160.0,3007307.61,Mid-range,125.3613
BYD,Dolphin,2022,Standard,377.0,392.0,7.18,141.0,2572246.72,Budget,146.5645
GM/Chevrolet,Silverado EV,2022,Base,376.0,332.0,6.56,152.0,3318951.32,Mid-range,113.2888
GM/Chevrolet,Bolt EV,2023,Performance,376.0,363.0,3.84,192.0,3293341.87,Mid-range,114.1697
BMW,i3,2025,Long Range,376.0,398.0,5.0,170.0,5578361.96,Premium,67.4033
BYD,Qin,2022,Premium,376.0,323.0,6.39,159.0,3268399.58,Mid-range,115.041
Kia,Niro EV,2023,Premium,376.0,343.0,5.12,168.0,3239481.03,Mid-range,116.068
Ford,Mustang Mach-E,2026,Base,376.0,361.0,5.55,159.0,3638447.37,Mid-range,103.3408
Audi,e-tron GT,2025,Long Range,375.0,380.0,5.27,166.0,5854283.53,Premium,64.0557
BMW,i3,2025,Standard,374.0,366.0,7.54,143.0,5767407.62,Premium,64.8472
Volkswagen,ID.4,2024,Standard,373.0,306.0,7.15,140.0,3767017.33,Mid-range,99.0173
Hyundai,Ioniq 5,2023,Base,373.0,388.0,7.7,134.0,3345303.92,Mid-range,111.4996
Volkswagen,ID.4,2024,Standard,373.0,366.0,7.64,139.0,3774053.04,Mid-range,98.8327
Tesla,Model X,2024,Premium,371.0,358.0,6.59,148.0,4785472.68,Mid-range,77.5263
Kia,Niro EV,2023,Standard,371.0,263.0,6.82,145.0,3517769.83,Mid-range,105.4645
Porsche,Taycan,2024,Long Range,371.0,339.0,4.29,188.0,9345567.16,Luxury,39.698
Volkswagen,ID.4,2023,Premium,370.0,382.0,7.27,135.0,3746523.09,Mid-range,98.7582
Kia,Picanto EV,2025,Base,370.0,314.0,7.79,128.0,3448787.98,Mid-range,107.2841
Ford,E-Transit,2026,Performance,369.0,380.0,4.3,180.0,4078224.34,Mid-range,90.4806
Audi,e-tron GT,2024,Base,369.0,263.0,6.28,160.0,5494192.28,Premium,67.1618
BMW,i7,2024,Standard,368.0,312.0,5.19,176.0,5413123.8,Mid-range,67.9829
Hyundai,Ioniq 6,2023,Base,368.0,362.0,7.12,155.0,3480134.71,Mid-range,105.743
Hyundai,Ioniq 5,2024,Premium,367.0,339.0,5.85,160.0,3435366.18,Mid-range,106.83
Ford,F-150 Lightning,2025,Premium,367.0,300.0,7.39,139.0,3701129.15,Mid-range,99.1589
Kia,Picanto EV,2025,Base,367.0,344.0,5.91,160.0,3458237.67,Mid-range,106.1234
BYD,Atto 3,2022,Premium,365.0,296.0,6.32,154.0,3012037.88,Mid-range,121.1804
Tesla,Model X,2022,Base,364.0,336.0,5.5,178.0,4445194.31,Mid-range,81.8862
Tesla,Model X,2023,Base,364.0,340.0,5.74,155.0,4670374.6,Mid-range,77.9381
Tesla,Model S,2023,Premium,364.0,303.0,6.36,153.0,4312248.12,Mid-range,84.4107
BYD,Atto 3,2026,Performance,363.0,329.0,2.71,200.0,2666444.74,Budget,136.1363
Volkswagen,ID. Aero,2023,Performance,363.0,288.0,4.49,180.0,3696991.72,Mid-range,98.1879
GM/Chevrolet,Bolt EV,2023,Base,363.0,331.0,6.83,139.0,3203887.49,Mid-range,113.2999
Hyundai,Ioniq 5,2024,Long Range,362.0,322.0,5.66,162.0,3475405.27,Mid-range,104.1605
BYD,Qin,2022,Standard,360.0,323.0,7.93,137.0,3132537.57,Mid-range,114.9228
Tesla,Model Y,2024,Base,360.0,277.0,6.9,136.0,3616865.96,Mid-range,99.5337
Audi,Q6 e-tron,2024,Base,359.0,342.0,5.48,173.0,5730523.17,Premium,62.647
BMW,i4,2025,Base,358.0,333.0,5.68,171.0,5577391.68,Premium,64.1877
BYD,Max,2023,Long Range,358.0,318.0,4.28,198.0,2997669.2,Mid-range,119.4261
Volkswagen,ID. Buzz,2025,Premium,357.0,330.0,7.88,132.0,3784815.36,Mid-range,94.3243
Mercedes,EQG,2023,Base,357.0,352.0,6.68,154.0,6862965.2,Premium,52.0183
BYD,Dolphin,2023,Performance,356.0,315.0,3.62,200.0,2831009.88,Budget,125.7502
Tesla,Model 3,2023,Base,355.0,361.0,7.4,132.0,4230253.62,Mid-range,83.9193
Tesla,Model Y,2024,Long Range,355.0,348.0,5.31,170.0,4209802.8,Mid-range,84.327
Tesla,Model 3,2025,Base,355.0,293.0,5.86,169.0,4192150.06,Mid-range,84.6821
Xiaomi,SU7,2021,Long Range,353.0,314.0,4.65,176.0,4110018.63,Mid-range,85.8877
Volkswagen,ID.3,2024,Long Range,352.0,368.0,4.24,194.0,3927736.46,Mid-range,89.619
Hyundai,Ioniq 5,2023,Premium,351.0,261.0,5.87,167.0,3551452.06,Mid-range,98.8328
BMW,i5,2025,Standard,351.0,366.0,7.24,142.0,5788963.98,Premium,60.6326
Tesla,Model 3,2025,Long Range,351.0,324.0,5.55,167.0,4114985.21,Mid-range,85.298
Tesla,Model 3,2024,Long Range,350.0,288.0,4.22,191.0,4575250.57,Mid-range,76.4985
GM/Chevrolet,Equinox EV,2023,Base,350.0,350.0,5.71,165.0,3126946.41,Mid-range,111.9303
GM/Chevrolet,Bolt EUV,2025,Standard,349.0,331.0,5.63,161.0,3042178.04,Mid-range,114.7204
BYD,Qin,2025,Premium,348.0,349.0,7.36,138.0,2826178.58,Budget,123.1345
BYD,Leaf 50X,2025,Standard,348.0,323.0,6.57,148.0,2709692.74,Budget,128.4278
GM/Chevrolet,Blazer EV,2025,Standard,347.0,326.0,7.89,124.0,3004271.55,Mid-range,115.5022
Tesla,Cybertruck,2024,Premium,346.0,313.0,5.16,175.0,3998938.58,Mid-range,86.523
Tesla,Cybertruck,2025,Premium,345.0,283.0,5.55,172.0,4360386.7,Mid-range,79.1214
BYD,Dolphin,2024,Performance,345.0,269.0,4.18,190.0,2561033.51,Budget,134.7112
Hyundai,Ioniq 5,2024,Standard,344.0,327.0,5.74,165.0,3141576.44,Mid-range,109.4992
BYD,Qin,2025,Standard,344.0,318.0,7.7,139.0,3058041.38,Mid-range,112.4903
Fisker,Ocean,2025,Premium,343.0,288.0,6.62,157.0,4512507.0,Mid-range,76.011
BYD,Dolphin,2024,Long Range,343.0,313.0,4.54,181.0,3196173.76,Mid-range,107.3158
BYD,Qin,2023,Premium,343.0,302.0,7.96,128.0,2825004.56,Budget,121.4157
BMW,i3,2026,Standard,342.0,306.0,6.14,160.0,5233320.75,Mid-range,65.3505
Ford,E-Transit,2025,Standard,341.0,288.0,7.18,139.0,3603528.5,Mid-range,94.6295
BYD,Atto 3,2025,Long Range,341.0,309.0,5.28,175.0,2716687.53,Budget,125.5205
Hyundai,Kona Electric,2025,Long Range,340.0,302.0,4.97,177.0,3381552.94,Mid-range,100.5455
Hyundai,Kona Electric,2026,Standard,339.0,284.0,7.09,148.0,3414850.24,Mid-range,99.2723
Tesla,Model Y,2025,Performance,338.0,357.0,4.23,197.0,3606900.24,Mid-range,93.7093
Volkswagen,ID. Aero,2024,Long Range,337.0,286.0,5.94,166.0,3542992.68,Mid-range,95.1173
Porsche,Macan Electric,2023,Standard,337.0,320.0,6.15,161.0,8975443.39,Luxury,37.5469
Tesla,Cybertruck,2025,Long Range,336.0,360.0,5.54,161.0,3818139.37,Mid-range,88.001
BYD,Qin,2023,Standard,336.0,291.0,7.83,127.0,3009751.66,Mid-range,111.6371
Mercedes,GLE EV,2025,Long Range,335.0,334.0,5.85,170.0,6989987.07,Premium,47.9257
Porsche,Macan Electric,2022,Long Range,335.0,326.0,5.76,163.0,8508477.15,Luxury,39.3725
Tesla,Cybertruck,2024,Long Range,335.0,376.0,5.32,165.0,3814462.03,Mid-range,87.8237
Rivian,R2,2020,Standard,335.0,333.0,7.08,142.0,6254359.58,Premium,53.5626
Volkswagen,ID. Aero,2024,Premium,335.0,274.0,6.42,159.0,3388991.96,Mid-range,98.8495
Audi,e-tron GT,2023,Base,335.0,307.0,6.29,158.0,5652137.54,Premium,59.2696
Volkswagen,ID.5,2022,Performance,334.0,294.0,3.69,188.0,3870104.76,Mid-range,86.3026
Fisker,Ronin,2026,Base,334.0,275.0,7.33,147.0,4208060.99,Mid-range,79.3715
GM/Chevrolet,Equinox EV,2024,Standard,333.0,310.0,5.68,163.0,2864164.4,Budget,116.2643
Kia,Niro EV,2024,Long Range,332.0,276.0,5.67,165.0,3405912.4,Mid-range,97.4776
BYD,Leaf 50X,2025,Standard,332.0,340.0,7.37,134.0,2809801.72,Budget,118.1578
Kia,Sportage EV,2025,Long Range,328.0,234.0,4.99,172.0,3170749.68,Mid-range,103.4456
NIO,EL8,2021,Long Range,328.0,316.0,4.19,187.0,4611036.16,Mid-range,71.1337
Volvo,XC90 Recharge,2025,Standard,327.0,284.0,5.14,166.0,4665737.01,Mid-range,70.0854
BMW,i7,2025,Base,327.0,326.0,6.85,154.0,5533841.42,Premium,59.091
Tesla,Model S,2025,Base,327.0,254.0,5.67,163.0,3591881.92,Mid-range,91.0386
BYD,Dolphin,2024,Base,326.0,301.0,7.27,144.0,2273637.36,Budget,143.3826
Volkswagen,ID.5,2021,Long Range,326.0,304.0,4.33,186.0,3735899.38,Mid-range,87.2615
Volkswagen,ID. Aero,2023,Base,326.0,304.0,7.67,140.0,3728998.94,Mid-range,87.4229
Kia,Picanto EV,2022,Standard,325.0,298.0,5.09,170.0,3275693.31,Mid-range,99.2156
Rivian,R1S,2024,Base,325.0,272.0,6.54,148.0,6160151.54,Premium,52.7584
Hyundai,Ioniq 6,2025,Base,325.0,323.0,6.36,155.0,3166522.07,Mid-range,102.6363
Kia,Picanto EV,2026,Long Range,322.0,295.0,5.24,173.0,3230552.38,Mid-range,99.6734
Audi,Q4 e-tron,2025,Standard,322.0,241.0,7.23,146.0,5269942.18,Mid-range,61.1012
BYD,Max,2023,Premium,322.0,336.0,7.52,129.0,2452583.71,Budget,131.2901
BYD,Dolphin,2025,Long Range,321.0,285.0,4.17,187.0,2287078.36,Budget,140.3537
BYD,Dolphin,2026,Base,320.0,319.0,7.81,140.0,2804799.24,Budget,114.0902
BYD,Yuan Plus,2025,Standard,320.0,282.0,6.72,144.0,2724858.0,Budget,117.4373
Tesla,Model X,2022,Standard,319.0,269.0,7.63,134.0,3788207.12,Mid-range,84.2087
BYD,Qin,2025,Standard,319.0,224.0,5.48,165.0,2430537.2,Budget,131.2467
Tesla,Model Y,2021,Standard,317.0,261.0,5.56,175.0,4155881.84,Mid-range,76.2774
Volkswagen,ID.5,2024,Base,316.0,259.0,5.58,165.0,3336704.26,Mid-range,94.7042
Volkswagen,ID. Aero,2020,Long Range,315.0,293.0,5.95,164.0,3403708.83,Mid-range,92.5461
Tesla,Cybertruck,2026,Base,315.0,263.0,6.34,152.0,4226294.88,Mid-range,74.5334
BYD,Seagull,2024,Standard,314.0,266.0,7.3,142.0,2695104.45,Budget,116.5075
BMW,i7,2024,Base,314.0,298.0,6.25,155.0,4901032.5,Mid-range,64.0681
Volkswagen,ID.3,2025,Base,313.0,257.0,6.1,160.0,3247268.24,Mid-range,96.3887
Hyundai,Ioniq 6,2025,Long Range,313.0,268.0,5.2,170.0,3149157.41,Mid-range,99.3917
Tesla,Model Y,2025,Base,313.0,323.0,6.74,159.0,3531419.58,Mid-range,88.6329
Volkswagen,ID.3,2023,Premium,312.0,299.0,7.26,142.0,3352250.28,Mid-range,93.0718
Hyundai,Ioniq 5,2022,Premium,312.0,289.0,6.75,148.0,3260391.94,Mid-range,95.694
Kia,Sportage EV,2022,Standard,312.0,260.0,5.27,175.0,3218355.53,Mid-range,96.9439
Kia,Sportage EV,2024,Long Range,310.0,327.0,4.66,176.0,3183985.26,Mid-range,97.3623
Tesla,Cybertruck,2023,Base,310.0,227.0,5.57,171.0,3858550.86,Mid-range,80.341
BYD,Atto 3,2024,Standard,309.0,285.0,6.63,151.0,2575398.02,Budget,119.9815
BYD,Yuan Plus,2026,Long Range,309.0,238.0,4.11,184.0,2703499.54,Budget,114.2963
Tesla,Model Y,2023,Standard,308.0,239.0,6.51,147.0,3717116.06,Mid-range,82.8599
BMW,i4,2023,Base,308.0,308.0,6.05,154.0,5321920.93,Mid-range,57.8738
Tesla,Model S,2025,Standard,308.0,261.0,5.99,154.0,3983911.08,Mid-range,77.311
Volkswagen,ID.5,2024,Premium,308.0,274.0,5.36,163.0,3592473.94,Mid-range,85.7348
BYD,Seagull,2025,Long Range,307.0,301.0,4.35,192.0,2731357.64,Budget,112.3983
Kia,EV6,2023,Base,306.0,230.0,7.4,141.0,3129127.43,Mid-range,97.7908
GM/Chevrolet,Blazer EV,2025,Base,306.0,303.0,5.33,167.0,2890486.94,Budget,105.8645
Tesla,Model Y,2024,Premium,306.0,318.0,6.25,167.0,3988398.38,Mid-range,76.7225
Tesla,Cybertruck,2025,Performance,305.0,299.0,2.74,200.0,4705453.79,Mid-range,64.8184
Tesla,Model X,2022,Base,305.0,255.0,7.71,134.0,3617899.69,Mid-range,84.3031
Tesla,Model X,2023,Premium,305.0,223.0,5.98,157.0,3428130.91,Mid-range,88.9698
Tesla,Model Y,2025,Base,305.0,320.0,5.15,171.0,3245533.94,Mid-range,93.9753
GM/Chevrolet,Bolt EUV,2025,Base,303.0,283.0,7.27,137.0,3173840.01,Mid-range,95.468
Tesla,Cybertruck,2024,Base,302.0,303.0,7.39,134.0,4116271.11,Mid-range,73.3674
Ford,E-Transit,2023,Standard,300.0,298.0,6.99,148.0,3206769.07,Mid-range,93.5521
Tesla,Model Y,2025,Performance,299.0,241.0,3.51,190.0,4268059.08,Mid-range,70.0553
Volkswagen,ID. Buzz,2026,Standard,299.0,249.0,5.92,165.0,3635483.96,Mid-range,82.2449
BMW,iX,2024,Base,299.0,208.0,7.97,134.0,5252765.4,Mid-range,56.9224
Audi,e-tron,2023,Standard,298.0,281.0,6.71,138.0,5286706.47,Mid-range,56.3678
Fisker,Ocean,2025,Standard,298.0,265.0,6.02,158.0,3987675.26,Mid-range,74.7303
Tesla,Model 3,2023,Performance,298.0,243.0,3.8,200.0,4433523.51,Mid-range,67.2152
Tesla,Model Y,2022,Long Range,297.0,281.0,4.05,190.0,3240241.72,Mid-range,91.6598
Volkswagen,ID.3,2024,Base,297.0,256.0,6.67,150.0,3239364.96,Mid-range,91.6846
Kia,EV9,2024,Base,296.0,296.0,6.92,143.0,3023244.42,Mid-range,97.9081
BYD,Dolphin,2026,Performance,296.0,289.0,3.63,200.0,2621743.02,Budget,112.902
BMW,iX,2022,Base,295.0,276.0,5.22,174.0,5148393.74,Mid-range,57.2994
BYD,Qin,2023,Long Range,295.0,278.0,5.89,162.0,2259323.8,Budget,130.57
Hyundai,Ioniq 6,2025,Standard,293.0,234.0,5.76,159.0,3289863.26,Mid-range,89.0615
Tesla,Model X,2024,Premium,293.0,270.0,6.69,151.0,3859196.32,Mid-range,75.9225
BYD,Yuan Plus,2024,Base,292.0,292.0,5.75,166.0,2650563.04,Budget,110.1653
BYD,Max,2023,Long Range,292.0,262.0,4.4,184.0,2555867.36,Budget,114.2469
BMW,i3,2025,Standard,292.0,228.0,7.4,144.0,5134465.93,Mid-range,56.8706
BYD,Seagull,2025,Base,291.0,266.0,5.49,171.0,2644065.91,Budget,110.0578
Tesla,Model 3,2025,Base,291.0,304.0,6.94,140.0,3336751.01,Mid-range,87.2106
GM/Chevrolet,Bolt EV,2025,Base,291.0,200.0,6.28,167.0,2881355.38,Budget,100.9941
Volkswagen,ID.3,2024,Long Range,291.0,288.0,4.74,175.0,3136082.14,Mid-range,92.7909
BYD,Dolphin,2025,Performance,289.0,286.0,2.59,200.0,2528556.18,Budget,114.2945
GM/Chevrolet,Bolt EV,2024,Base,288.0,251.0,5.67,163.0,2859387.36,Budget,100.7209
Mercedes,GLE EV,2026,Standard,287.0,240.0,6.02,157.0,5761066.64,Premium,49.8172
GM/Chevrolet,Silverado EV,2024,Base,287.0,257.0,7.96,130.0,2794693.23,Budget,102.6946
Tesla,Model Y,2026,Base,287.0,328.0,5.79,165.0,3453180.08,Mid-range,83.1118
Tesla,Model S,2025,Long Range,286.0,363.0,5.0,178.0,3592410.48,Mid-range,79.6123
Hyundai,Ioniq,2024,Base,286.0,243.0,5.5,171.0,2660183.92,Budget,107.5114
GM/Chevrolet,Blazer EV,2025,Long Range,285.0,250.0,5.72,163.0,2874454.94,Budget,99.1492
BYD,Leaf 50X,2025,Standard,285.0,269.0,7.69,136.0,2624760.71,Budget,108.5813
Kia,EV9,2026,Long Range,284.0,216.0,4.71,182.0,3166199.76,Mid-range,89.6974
Audi,e-tron GT,2025,Base,284.0,288.0,5.62,162.0,5288241.2,Mid-range,53.7041
Tesla,Model X,2023,Standard,283.0,251.0,6.67,148.0,3670614.08,Mid-range,77.0988
Tesla,Cybertruck,2024,Standard,283.0,238.0,5.32,167.0,3594508.0,Mid-range,78.7312
Tesla,Model S,2023,Standard,283.0,237.0,7.69,143.0,3676078.32,Mid-range,76.9842
Tesla,Cybertruck,2023,Long Range,282.0,226.0,4.65,177.0,3405957.49,Mid-range,82.7961
Ford,F-150 Lightning,2024,Standard,282.0,248.0,6.77,145.0,3222014.5,Mid-range,87.5229
Tesla,Model Y,2026,Long Range,282.0,240.0,4.82,177.0,3632339.34,Mid-range,77.6359
GM/Chevrolet,Equinox EV,2024,Base,282.0,288.0,5.87,157.0,2744596.57,Budget,102.7473
Kia,EV6,2022,Premium,281.0,246.0,6.78,153.0,3345013.34,Mid-range,84.0056
BYD,Max,2025,Long Range,280.0,247.0,5.64,169.0,2229907.58,Budget,125.5657
Ford,F-150 Lightning,2022,Premium,280.0,217.0,5.42,170.0,3268840.46,Mid-range,85.6573
NIO,EL8,2022,Base,279.0,237.0,5.72,172.0,4470939.03,Mid-range,62.403
GM/Chevrolet,Equinox EV,2025,Standard,279.0,261.0,6.07,161.0,2677859.19,Budget,104.1877
Tesla,Cybertruck,2022,Performance,277.0,273.0,3.65,200.0,3316600.8,Mid-range,83.5192
Mercedes,EQG,2022,Long Range,277.0,271.0,4.89,180.0,6222779.05,Premium,44.5139
Tesla,Model S,2023,Base,277.0,278.0,6.4,155.0,3461932.54,Mid-range,80.0131
Tesla,Cybertruck,2023,Base,276.0,226.0,7.84,124.0,3224961.22,Mid-range,85.5824
Tesla,Model S,2023,Base,276.0,281.0,6.1,158.0,3767232.76,Mid-range,73.2633
Kia,EV9,2025,Long Range,276.0,263.0,4.14,189.0,3284039.14,Mid-range,84.0428
BYD,Atto 3,2025,Base,274.0,206.0,7.39,137.0,2227978.73,Budget,122.9814
Volkswagen,ID. Buzz,2026,Standard,274.0,241.0,6.31,156.0,3323597.26,Mid-range,82.4408
Tesla,Model Y,2022,Long Range,274.0,233.0,5.08,170.0,3771653.25,Mid-range,72.6472
Tesla,Model Y,2024,Base,274.0,232.0,5.15,171.0,3358337.44,Mid-range,81.588
BYD,Seagull,2025,Standard,274.0,233.0,5.84,165.0,2251570.82,Budget,121.6928
Mercedes,EQG,2024,Base,273.0,269.0,7.57,133.0,6085542.62,Premium,44.8604
Tesla,Model Y,2024,Performance,272.0,218.0,2.62,200.0,3110807.53,Mid-range,87.4371
Tesla,Model S,2023,Long Range,272.0,317.0,5.76,174.0,3494439.93,Mid-range,77.8379
Hyundai,i30,2022,Standard,272.0,230.0,5.87,157.0,2971188.85,Mid-range,91.5458
BYD,Dolphin,2026,Base,272.0,248.0,5.27,169.0,2328102.74,Budget,116.8333
Hyundai,Ioniq,2024,Premium,271.0,236.0,5.91,174.0,3310481.92,Mid-range,81.8612
BYD,Atto 3,2025,Long Range,270.0,217.0,4.77,176.0,2179145.42,Budget,123.9018
Ford,Mustang Mach-E,2024,Base,270.0,204.0,5.44,160.0,3189445.32,Mid-range,84.6542
Tesla,Model 3,2024,Standard,270.0,219.0,7.11,144.0,3060861.17,Mid-range,88.2105
Audi,e-tron GT,2023,Long Range,269.0,202.0,5.39,173.0,5397714.72,Mid-range,49.8359
Hyundai,Ioniq 5,2025,Standard,269.0,275.0,7.93,130.0,3098712.56,Mid-range,86.8102
Volkswagen,ID. Buzz,2026,Long Range,269.0,207.0,4.99,186.0,3540373.28,Mid-range,75.9807
Hyundai,i30,2023,Base,268.0,228.0,7.69,134.0,3129144.96,Mid-range,85.6464
Rivian,R1S,2023,Base,267.0,240.0,5.26,179.0,5992313.2,Premium,44.5571
BYD,Qin,2022,Base,267.0,228.0,5.13,170.0,2022298.19,Budget,132.028
Tesla,Model Y,2026,Standard,266.0,234.0,7.73,131.0,3340560.28,Mid-range,79.6274
Tesla,Model S,2025,Base,266.0,200.0,6.67,145.0,3468039.74,Mid-range,76.7004
BYD,Qin,2022,Base,266.0,255.0,5.71,162.0,2523802.53,Budget,105.3965
BYD,Atto 3,2025,Premium,265.0,221.0,6.28,152.0,2198277.78,Budget,120.5489
Ford,F-150 Lightning,2025,Base,265.0,208.0,6.52,146.0,2905972.01,Budget,91.1915
Tesla,Cybertruck,2024,Performance,263.0,241.0,2.94,200.0,3576074.54,Mid-range,73.5443
Kia,Niro EV,2024,Standard,263.0,250.0,5.22,171.0,3257626.42,Mid-range,80.7336
GM/Chevrolet,Equinox EV,2022,Base,262.0,240.0,5.72,157.0,2819930.27,Budget,92.9101
Hyundai,i30,2023,Standard,260.0,262.0,7.78,128.0,2760698.71,Budget,94.1791
Tesla,Model 3,2025,Performance,260.0,237.0,2.56,200.0,3543854.4,Mid-range,73.3664
Tesla,Cybertruck,2026,Standard,260.0,259.0,7.31,136.0,3330683.07,Mid-range,78.0621
Volkswagen,ID.3,2026,Standard,259.0,233.0,6.92,148.0,3078446.27,Mid-range,84.1334
Hyundai,Ioniq 5,2025,Base,258.0,270.0,6.86,142.0,2922034.07,Budget,88.2947
Volkswagen,ID.4,2024,Standard,257.0,296.0,6.85,140.0,3007607.38,Mid-range,85.45
Hyundai,Ioniq,2026,Standard,257.0,213.0,5.96,160.0,3110983.72,Mid-range,82.6105
Audi,e-tron,2024,Standard,256.0,256.0,5.78,160.0,5183211.57,Mid-range,49.3902
BYD,Atto 3,2025,Long Range,255.0,210.0,4.73,180.0,2413446.42,Budget,105.658
Tesla,Model 3,2025,Standard,254.0,280.0,7.52,135.0,3320354.96,Mid-range,76.4978
Hyundai,Ioniq,2021,Standard,254.0,208.0,6.1,158.0,2826254.56,Budget,89.8716
Kia,EV6,2021,Premium,254.0,233.0,5.2,170.0,3013763.83,Mid-range,84.28
BYD,Yuan Plus,2022,Standard,254.0,200.0,7.12,141.0,2332933.22,Budget,108.8758
BMW,i7,2025,Standard,253.0,262.0,5.11,178.0,4685078.12,Mid-range,54.0012
BMW,i5,2023,Base,253.0,248.0,5.44,167.0,4922463.61,Mid-range,51.397
Tesla,Model 3,2025,Base,252.0,227.0,7.9,133.0,3588756.52,Mid-range,70.2193
BYD,Yuan Plus,2025,Standard,251.0,252.0,6.5,156.0,2344520.52,Budget,107.0581
Ford,Mustang Mach-E,2025,Base,250.0,221.0,5.86,172.0,2665411.85,Budget,93.7941
Tesla,Cybertruck,2023,Standard,249.0,217.0,5.24,168.0,2928475.26,Mid-range,85.0272
Hyundai,i30,2024,Base,249.0,207.0,7.96,134.0,2930279.7,Mid-range,84.9748
Tesla,Model X,2025,Base,248.0,200.0,6.79,148.0,3585929.21,Mid-range,69.1592
GM/Chevrolet,Equinox EV,2022,Base,247.0,200.0,7.17,139.0,2741237.36,Budget,90.1053
Ford,Explorer EV,2023,Standard,247.0,257.0,7.84,137.0,3209223.14,Mid-range,76.9657
Tesla,Model 3,2026,Base,247.0,226.0,7.97,131.0,3046861.56,Mid-range,81.067
Volkswagen,ID.3,2024,Standard,247.0,221.0,7.31,145.0,3242485.36,Mid-range,76.1761
Hyundai,i30,2025,Standard,245.0,205.0,7.91,129.0,2766184.66,Budget,88.5696
BYD,Qin,2021,Base,244.0,200.0,6.89,147.0,2128682.2,Budget,114.6249
Ford,Explorer EV,2023,Standard,244.0,225.0,6.53,154.0,3114411.39,Mid-range,78.3455
Audi,Q4 e-tron,2025,Standard,243.0,200.0,5.47,164.0,4609571.58,Mid-range,52.7164
Kia,EV6,2025,Base,241.0,200.0,6.15,156.0,2863824.55,Budget,84.1532
Kia,EV9,2023,Standard,241.0,214.0,7.1,135.0,2798167.66,Budget,86.1278
Tesla,Cybertruck,2025,Premium,240.0,200.0,6.3,151.0,3005323.65,Mid-range,79.8583
BYD,Atto 3,2026,Long Range,239.0,200.0,5.01,181.0,2303188.02,Budget,103.7692
Tesla,Model 3,2025,Long Range,239.0,219.0,5.1,169.0,3116622.47,Mid-range,76.6856
Tesla,Model X,2025,Performance,238.0,200.0,3.51,198.0,3423274.55,Mid-range,69.5241
BYD,Dolphin,2025,Long Range,236.0,233.0,5.85,165.0,2025992.23,Budget,116.4861
Kia,Niro EV,2022,Base,236.0,242.0,5.43,173.0,2907240.38,Budget,81.1766
BYD,Max,2025,Base,236.0,200.0,7.37,137.0,2044176.02,Budget,115.4499
Tesla,Model X,2023,Premium,236.0,223.0,7.02,143.0,3630666.0,Mid-range,65.0018
BYD,Max,2023,Performance,236.0,202.0,2.9,200.0,2209508.53,Budget,106.8111
Tesla,Model 3,2023,Base,235.0,266.0,5.0,180.0,2780949.96,Budget,84.5035
Kia,Sportage EV,2024,Standard,233.0,200.0,6.94,145.0,2655077.89,Budget,87.7564
Hyundai,i30,2024,Standard,233.0,200.0,7.74,136.0,2609940.3,Budget,89.2741
Tesla,Model 3,2024,Base,229.0,203.0,7.58,129.0,2680830.96,Budget,85.4213
Tesla,Cybertruck,2022,Base,229.0,216.0,5.04,175.0,2779013.6,Budget,82.4033
GM/Chevrolet,Equinox EV,2023,Long Range,228.0,275.0,5.64,160.0,2766117.86,Budget,82.426
BYD,Seagull,2024,Base,228.0,201.0,6.21,159.0,2047437.54,Budget,111.3587
Hyundai,Ioniq 5,2022,Standard,227.0,212.0,5.04,165.0,2877000.01,Budget,78.9016
Tesla,Model X,2024,Performance,227.0,200.0,3.87,192.0,3584837.03,Mid-range,63.3223
Tesla,Cybertruck,2024,Base,227.0,200.0,5.25,169.0,3205911.52,Mid-range,70.8067
Tesla,Model Y,2025,Premium,226.0,200.0,6.49,148.0,3379602.38,Mid-range,66.8718
Volkswagen,ID. Buzz,2021,Long Range,224.0,235.0,5.38,165.0,2995102.42,Mid-range,74.7888
Audi,Q6 e-tron,2024,Standard,224.0,200.0,5.42,173.0,4651020.97,Mid-range,48.1615
Tesla,Cybertruck,2024,Base,223.0,200.0,5.52,169.0,3119982.51,Mid-range,71.4748
GM/Chevrolet,Blazer EV,2023,Base,222.0,209.0,7.82,134.0,2552822.96,Budget,86.9626
Hyundai,Kona Electric,2025,Standard,222.0,200.0,6.62,148.0,2830297.63,Budget,78.437
Volkswagen,ID.5,2025,Base,222.0,200.0,6.37,152.0,3072813.36,Mid-range,72.2465
BYD,Yuan Plus,2021,Base,221.0,200.0,6.0,152.0,2038402.84,Budget,108.4182
Kia,Picanto EV,2024,Standard,221.0,217.0,6.66,156.0,2719102.35,Budget,81.2768
Tesla,Model S,2025,Base,220.0,213.0,7.98,127.0,2455863.59,Budget,89.5815
Kia,Picanto EV,2025,Base,220.0,238.0,7.22,144.0,2797432.86,Budget,78.6435
Tesla,Model 3,2025,Base,219.0,232.0,7.25,142.0,3184437.0,Mid-range,68.772
Rivian,R3,2025,Base,218.0,273.0,6.31,148.0,5918540.96,Premium,36.8334
GM/Chevrolet,Bolt EUV,2025,Standard,218.0,200.0,7.13,142.0,2463433.7,Budget,88.4944
Volkswagen,ID.5,2025,Base,218.0,243.0,5.66,169.0,2722840.64,Budget,80.0634
BYD,Dolphin,2023,Premium,216.0,200.0,7.75,135.0,2153821.54,Budget,100.2869
BYD,Leaf 50X,2023,Performance,215.0,200.0,4.43,188.0,2164442.74,Budget,99.3327
Volvo,C40 Recharge,2022,Base,215.0,200.0,5.43,165.0,3858953.34,Mid-range,55.7146
Tesla,Model Y,2025,Long Range,215.0,200.0,4.06,183.0,2821986.88,Budget,76.1875
Mercedes,EQG,2022,Base,213.0,227.0,7.35,142.0,5378810.32,Mid-range,39.5998
BYD,Dolphin,2023,Standard,211.0,239.0,5.58,166.0,1962716.76,Budget,107.504
BYD,Max,2024,Base,211.0,200.0,5.16,177.0,2006472.44,Budget,105.1597
BYD,Max,2023,Standard,211.0,200.0,7.24,143.0,2219527.69,Budget,95.0653
Volkswagen,ID. Aero,2026,Standard,211.0,201.0,5.81,170.0,3006322.31,Mid-range,70.1854
Kia,EV9,2021,Standard,210.0,200.0,7.59,137.0,2689587.6,Budget,78.0789
Tesla,Model X,2026,Base,208.0,200.0,6.7,142.0,2603575.09,Budget,79.8901
BYD,Yuan Plus,2023,Standard,207.0,200.0,6.84,157.0,1797173.0,Budget,115.1809
Audi,e-tron GT,2025,Standard,207.0,200.0,6.45,154.0,4489136.18,Mid-range,46.1113
BYD,Seagull,2024,Base,204.0,201.0,6.57,159.0,1625827.66,Budget,125.4746
BYD,Leaf 50X,2025,Base,204.0,200.0,6.22,157.0,2158796.48,Budget,94.4971
Kia,EV6,2024,Standard,204.0,200.0,5.73,164.0,2607765.12,Budget,78.2279
BMW,iX,2025,Standard,203.0,200.0,5.73,173.0,4638834.15,Mid-range,43.761
BYD,Seagull,2024,Base,202.0,200.0,5.73,169.0,1387186.34,Budget,145.6185
Ford,Explorer EV,2023,Base,202.0,205.0,6.38,155.0,2962736.98,Mid-range,68.1802
Volkswagen,ID.3,2026,Standard,201.0,200.0,6.02,160.0,2795907.32,Budget,71.8908
GM/Chevrolet,Equinox EV,2025,Standard,200.0,200.0,6.63,147.0,2409634.65,Budget,83.0001
Kia,Sportage EV,2023,Base,200.0,200.0,6.68,149.0,2589704.9,Budget,77.2289
Toyota,bZ4X,2024,Base,200.0,212.0,5.22,177.0,3007185.7,Mid-range,66.5074
Tesla,Model S,2025,Base,199.0,200.0,7.88,130.0,2537327.86,Budget,78.429
BYD,Atto 3,2024,Standard,199.0,213.0,7.77,135.0,1812611.32,Budget,109.7864
BYD,Atto 3,2024,Long Range,197.0,200.0,5.45,167.0,2108686.46,Budget,93.4231
Audi,Q6 e-tron,2024,Base,194.0,200.0,6.0,155.0,4280813.7,Mid-range,45.3185
Kia,Sportage EV,2020,Standard,193.0,200.0,5.97,160.0,2232117.83,Budget,86.465
Ford,Explorer EV,2025,Base,192.0,210.0,6.24,163.0,2671948.23,Budget,71.8577
Tesla,Cybertruck,2025,Base,191.0,200.0,5.38,170.0,2479076.59,Budget,77.0448
Kia,EV9,2025,Base,191.0,200.0,6.48,143.0,2595382.9,Budget,73.5922
Volkswagen,ID. Buzz,2025,Standard,190.0,200.0,6.77,145.0,2915273.08,Budget,65.174
BYD,Qin,2024,Standard,190.0,200.0,5.75,171.0,1812985.4,Budget,104.7995
Kia,Picanto EV,2024,Base,188.0,200.0,5.23,165.0,2864055.01,Budget,65.6412
Ford,Explorer EV,2025,Base,188.0,200.0,5.16,168.0,2655780.12,Budget,70.789
Tesla,Model X,2021,Standard,188.0,200.0,7.15,149.0,2333474.3,Budget,80.5666
Hyundai,i30,2025,Standard,187.0,200.0,7.77,137.0,2519409.6,Budget,74.2237
BYD,Leaf 50X,2024,Standard,187.0,200.0,5.47,168.0,1777412.73,Budget,105.2091
Volkswagen,ID. Aero,2024,Base,186.0,208.0,7.54,131.0,2456036.44,Budget,75.7318
Kia,EV6,2020,Standard,185.0,200.0,6.13,165.0,2449793.98,Budget,75.5166
Volkswagen,ID.3,2024,Base,184.0,200.0,7.05,139.0,2734920.59,Budget,67.278
Tesla,Model X,2025,Premium,182.0,200.0,6.58,146.0,2977107.33,Mid-range,61.1332
Hyundai,Ioniq,2024,Base,180.0,200.0,5.4,173.0,2458660.84,Budget,73.2106
BMW,iX,2022,Base,178.0,200.0,5.44,172.0,4262148.12,Mid-range,41.763
BMW,i5,2025,Base,178.0,200.0,7.71,136.0,4067635.7,Mid-range,43.7601
BYD,Dolphin,2025,Long Range,177.0,200.0,4.21,185.0,1980915.59,Budget,89.3526
BYD,Dolphin,2025,Standard,176.0,200.0,6.69,146.0,1887118.37,Budget,93.2639
Kia,EV9,2020,Base,176.0,200.0,6.11,158.0,2760106.7,Budget,63.7657
BYD,Qin,2024,Base,175.0,200.0,7.53,142.0,1484406.22,Budget,117.8923
Kia,Picanto EV,2024,Base,174.0,223.0,5.79,166.0,2238662.56,Budget,77.725
BYD,Atto 3,2022,Base,173.0,200.0,6.88,146.0,1785626.62,Budget,96.8848
Ford,F-150 Lightning,2024,Base,173.0,200.0,6.73,145.0,2760056.6,Budget,62.6799
BYD,Max,2025,Base,173.0,200.0,6.83,151.0,1939706.67,Budget,89.1887
Kia,Picanto EV,2025,Base,171.0,200.0,5.42,171.0,2358539.33,Budget,72.5025
BYD,Seagull,2025,Long Range,170.0,200.0,5.27,175.0,2038598.22,Budget,83.3906
Tesla,Model 3,2025,Standard,169.0,200.0,5.62,177.0,2323769.93,Budget,72.7266
Volkswagen,ID.3,2023,Standard,169.0,200.0,5.64,170.0,2699735.36,Budget,62.5987
BMW,i4,2024,Base,169.0,200.0,7.53,135.0,3974344.49,Mid-range,42.5227
Tesla,Model 3,2025,Long Range,168.0,200.0,5.11,172.0,2641909.94,Budget,63.5904
Tesla,Model X,2023,Base,168.0,200.0,6.02,161.0,2290680.55,Budget,73.3406
Volvo,C40 Recharge,2022,Base,167.0,200.0,5.51,175.0,3840381.26,Mid-range,43.4853
Volkswagen,ID. Buzz,2023,Base,166.0,200.0,7.1,149.0,2659540.13,Budget,62.4168
BYD,Dolphin,2025,Base,165.0,200.0,7.87,125.0,1619748.86,Budget,101.8676
Tesla,Model X,2025,Base,162.0,200.0,7.58,138.0,2562295.19,Budget,63.2246
Tesla,Model X,2026,Base,161.0,200.0,7.41,137.0,2302142.6,Budget,69.9349
Tesla,Model Y,2024,Standard,161.0,200.0,5.59,165.0,2640530.52,Budget,60.9726
Mercedes,GLE EV,2024,Base,160.0,205.0,7.46,145.0,5227168.47,Mid-range,30.6093
Tesla,Model S,2024,Base,157.0,200.0,5.41,171.0,2474868.19,Budget,63.4377
Mercedes,EQE,2026,Base,157.0,200.0,5.26,170.0,4939193.67,Mid-range,31.7866
Tesla,Model Y,2025,Standard,157.0,200.0,6.76,141.0,2353751.44,Budget,66.702
Audi,Q4 e-tron,2023,Base,157.0,200.0,7.19,137.0,4051697.22,Mid-range,38.7492
Ford,E-Transit,2025,Standard,156.0,200.0,5.4,169.0,2684689.5,Budget,58.1073
BMW,i7,2026,Base,156.0,200.0,5.91,169.0,4016971.24,Mid-range,38.8352
Toyota,bZ Compact SUV,2020,Base,150.0,200.0,6.31,153.0,2539779.42,Budget,59.0602
BYD,Seagull,2023,Base,150.0,200.0,6.41,155.0,1368926.56,Budget,109.5749
Rivian,R1S,2022,Base,150.0,200.0,6.54,152.0,5373020.42,Mid-range,27.9173
BYD,Seagull,2024,Base,150.0,200.0,5.77,169.0,1535249.37,Budget,97.704
Hyundai,Ioniq,2022,Base,150.0,200.0,7.79,139.0,2345818.1,Budget,63.9436
BYD,Atto 3,2024,Base,150.0,200.0,7.76,141.0,1593475.59,Budget,94.1339
Rivian,R3,2021,Base,150.0,200.0,6.47,153.0,5091742.32,Mid-range,29.4595
Volkswagen,ID.5,2022,Base,150.0,200.0,5.04,172.0,2335225.3,Budget,64.2336
Tesla,Model 3,2021,Standard,150.0,200.0,6.83,135.0,2085828.33,Budget,71.9139
Volkswagen,ID. Aero,2022,Base,150.0,200.0,6.74,140.0,2497721.31,Budget,60.0547
Rivian,R1T,2020,Base,150.0,200.0,7.73,136.0,5348671.82,Mid-range,28.0443
Tesla,Model S,2023,Base,150.0,200.0,5.79,163.0,2467897.61,Budget,60.7805
GM/Chevrolet,Blazer EV,2022,Base,150.0,200.0,5.73,168.0,2051796.24,Budget,73.1067
Rivian,R3,2024,Base,150.0,200.0,5.33,171.0,5579166.06,Premium,26.8857
Toyota,bZ4X,2022,Base,150.0,200.0,7.26,138.0,2932162.62,Mid-range,51.1568
Volkswagen,ID.4,2020,Base,150.0,200.0,7.55,130.0,2266125.7,Budget,66.1923
Tesla,Model S,2025,Base,150.0,200.0,6.43,148.0,2428895.6,Budget,61.7565
BYD,Max,2023,Base,150.0,200.0,6.51,150.0,1735864.8,Budget,86.4123
Kia,EV6,2024,Base,150.0,200.0,5.42,172.0,2528159.56,Budget,59.3317
Volkswagen,ID.5,2025,Base,150.0,200.0,7.84,127.0,2513100.34,Budget,59.6872
